,FIBER,PETAL,MEAN_FIBER_X,MEAN_FIBER_Y,n_entries
0,0,0,80.475,-287.498,256.0
1,1,0,57.113,-274.135,271.0
2,2,0,31.01,-274.411,337.0
3,3,0,2.074,-224.726,260.0
4,4,0,-22.823,-249.978,317.0
5,5,0,40.469,-241.549,314.0
6,6,0,19.374,-262.47,304.0
7,7,0,16.828,-230.134,321.0
8,8,0,71.081,-289.649,338.0
9,9,0,59.049,-279.427,316.0
10,10,0,6.302,-252.328,309.0
11,11,0,54.588,-255.078,301.0
12,12,0,-0.243,-229.072,309.0
13,13,0,14.298,-233.257,323.0
14,14,0,16.073,-258.852,278.0
15,15,0,35.653,-241.868,294.0
16,16,0,49.157,-265.913,254.0
17,17,0,21.901,-247.793,301.0
18,18,0,51.99,-275.537,280.0
19,19,0,67.852,-275.068,288.0
20,20,0,19.57,-272.065,310.0
21,21,0,-16.605,-219.149,290.0
22,22,0,51.494,-244.676,258.0
23,23,0,-6.236,-238.345,290.0
24,24,0,-11.671,-259.289,272.0
25,25,0,12.236,-231.091,211.0
26,26,0,81.936,-269.402,196.0
27,27,0,59.975,-258.384,218.0
28,28,0,0.481,-262.772,191.0
29,29,0,26.901,-236.108,223.0
30,30,0,32.434,-236.169,260.0
31,31,0,-17.531,-235.136,212.0
32,32,0,24.601,-257.798,214.0
33,33,0,67.644,-280.922,
34,34,0,8.743,-242.787,151.0
35,35,0,39.86,-250.043,
36,36,0,38.273,-262.111,223.0
37,37,0,63.931,-255.08,257.0
38,38,0,73.17,-274.396,242.0
39,39,0,40.551,-274.264,288.0
40,40,0,-11.173,-247.697,217.0
41,41,0,7.429,-268.412,177.0
42,42,0,-19.354,-242.98,254.0
43,43,0,3.688,-241.333,247.0
44,44,0,43.962,-261.769,198.0
45,45,0,3.104,-248.581,232.0
46,46,0,74.97,-262.562,190.0
47,47,0,24.359,-249.421,214.0
48,48,0,-12.756,-223.058,241.0
49,49,0,43.445,-268.359,
50,50,0,0.505,-281.564,239.0
51,51,0,37.674,-288.585,226.0
52,52,0,10.397,-271.237,28.0
53,53,0,52.644,-332.159,211.0
54,54,0,-14.725,-281.048,73.0
55,55,0,28.427,-309.872,225.0
56,56,0,-20.756,-311.459,95.0
57,57,0,28.042,-301.194,228.0
58,58,0,18.46,-289.458,241.0
59,59,0,49.173,-316.969,214.0
60,60,0,18.182,-323.158,213.0
61,61,0,6.605,-310.18,221.0
62,62,0,-1.928,-271.591,244.0
63,63,0,13.696,-284.326,242.0
64,64,0,35.837,-316.194,254.0
65,65,0,30.663,-321.458,221.0
66,66,0,53.165,-318.255,210.0
67,67,0,-35.941,-290.427,226.0
68,68,0,-31.509,-304.241,233.0
69,69,0,-2.835,-290.482,205.0
70,70,0,-18.102,-302.626,242.0
71,71,0,44.224,-281.781,210.0
72,72,0,21.137,-301.133,207.0
73,73,0,1.367,-303.955,
74,74,0,-4.766,-295.115,212.0
75,75,0,24.82,-287.44,196.0
76,76,0,-19.754,-294.781,226.0
77,77,0,-36.026,-275.791,209.0
78,78,0,44.934,-303.956,179.0
79,79,0,2.278,-310.837,195.0
80,80,0,38.596,-299.396,201.0
81,81,0,22.531,-285.243,206.0
82,82,0,44.042,-295.287,
83,83,0,-13.367,-271.096,184.0
84,84,0,11.049,-303.297,202.0
85,85,0,-25.257,-304.207,199.0
86,86,0,20.193,-308.196,192.0
87,87,0,-25.694,-261.773,185.0
88,88,0,-24.263,-276.576,191.0
89,89,0,-37.536,-267.43,262.0
90,90,0,26.635,-280.163,154.0
91,91,0,-24.145,-284.214,222.0
92,92,0,28.584,-318.722,188.0
93,93,0,-10.04,-308.429,55.0
94,94,0,39.522,-318.978,194.0
95,95,0,37.437,-329.086,190.0
96,96,0,-10.859,-292.153,204.0
97,97,0,-10.463,-280.75,163.0
98,98,0,48.047,-290.845,208.0
99,99,0,5.811,-296.682,180.0
100,100,0,33.31,-191.827,180.0
101,101,0,33.148,-209.701,179.0
102,102,0,49.735,-224.432,198.0
103,103,0,62.712,-245.431,215.0
104,104,0,-20.058,-120.164,186.0
105,105,0,-3.314,-104.801,169.0
106,106,0,30.152,-222.268,214.0
107,107,0,-24.103,-129.454,152.0
108,108,0,-10.002,-137.328,178.0
109,109,0,-1.971,-135.557,199.0
110,110,0,52.799,-183.553,162.0
111,111,0,-23.948,-95.696,189.0
112,112,0,51.125,-235.961,182.0
113,113,0,69.149,-237.943,157.0
114,114,0,-14.457,-110.512,159.0
115,115,0,46.697,-214.491,187.0
116,116,0,54.829,-208.049,198.0
117,117,0,31.524,-219.78,162.0
118,118,0,29.05,-178.421,167.0
119,119,0,-5.113,-119.753,143.0
120,120,0,54.013,-196.402,174.0
121,121,0,-17.142,-132.932,
122,122,0,-42.713,-141.042,177.0
123,123,0,25.525,-198.905,160.0
124,124,0,-31.528,-123.723,173.0
125,125,0,-28.748,-102.983,251.0
126,126,0,1.472,-132.803,212.0
127,127,0,-6.865,-107.228,223.0
128,128,0,62.614,-204.922,304.0
129,129,0,-17.59,-108.289,209.0
130,130,0,49.056,-195.895,185.0
131,131,0,-26.476,-118.437,212.0
132,132,0,-35.253,-116.549,202.0
133,133,0,54.8,-228.43,253.0
134,134,0,44.613,-233.316,238.0
135,135,0,-4.652,-132.39,209.0
136,136,0,42.836,-205.923,239.0
137,137,0,2.186,-119.588,191.0
138,138,0,-18.109,-94.179,210.0
139,139,0,40.259,-225.694,246.0
140,140,0,59.133,-236.113,201.0
141,141,0,-26.847,-138.584,212.0
142,142,0,-12.233,-150.351,212.0
143,143,0,-2.71,-151.45,199.0
144,144,0,69.582,-225.792,333.0
145,145,0,36.471,-182.043,221.0
146,146,0,56.499,-222.213,205.0
147,147,0,-22.561,-145.509,248.0
148,148,0,40.883,-194.606,183.0
149,149,0,-1.291,-107.498,229.0
150,150,0,6.115,-337.176,148.0
151,151,0,-3.868,-359.242,170.0
152,152,0,3.675,-331.54,
153,153,0,-40.394,-357.131,362.0
154,154,0,11.14,-352.593,183.0
155,155,0,6.983,-324.753,158.0
156,156,0,-20.854,-319.545,168.0
157,157,0,-7.718,-331.756,163.0
158,158,0,27.745,-344.892,2.0
159,159,0,-43.51,-346.711,161.0
160,160,0,-13.293,-343.068,185.0
161,161,0,25.757,-351.515,173.0
162,162,0,24.465,-331.264,185.0
163,163,0,-19.475,-341.999,221.0
164,164,0,-24.745,-354.205,231.0
165,165,0,37.116,-351.648,175.0
166,166,0,-39.413,-313.808,156.0
167,167,0,-1.98,-344.939,182.0
168,168,0,-44.087,-332.506,
169,169,0,30.372,-372.904,184.0
170,170,0,-27.124,-324.747,159.0
171,171,0,13.535,-367.75,155.0
172,172,0,-38.458,-329.726,154.0
173,173,0,-21.983,-336.8,176.0
174,174,0,-0.472,-324.476,166.0
175,175,0,-30.124,-315.065,215.0
176,176,0,-40.003,-336.227,148.0
177,177,0,19.869,-359.639,170.0
178,178,0,-2.69,-352.701,176.0
179,179,0,0.87,-369.226,
180,180,0,23.551,-334.276,168.0
181,181,0,-17.14,-358.343,151.0
182,182,0,-18.373,-323.532,188.0
183,183,0,8.817,-346.824,182.0
184,184,0,17.764,-375.678,17.0
185,185,0,-48.493,-345.715,260.0
186,186,0,14.05,-348.868,185.0
187,187,0,34.38,-362.591,189.0
188,188,0,11.856,-329.566,166.0
189,189,0,8.961,-379.128,216.0
190,190,0,-27.51,-335.676,208.0
191,191,0,33.485,-393.218,198.0
192,192,0,22.531,-377.511,214.0
193,193,0,-32.142,-323.716,199.0
194,194,0,38.737,-347.757,159.0
195,195,0,-14.735,-359.967,179.0
196,196,0,29.21,-330.919,166.0
197,197,0,-42.401,-324.683,173.0
198,198,0,0.563,-364.715,208.0
199,199,0,-33.64,-342.622,171.0
200,200,0,-54.379,-236.342,166.0
201,201,0,83.932,-324.45,175.0
202,202,0,-42.406,-252.254,220.0
203,203,0,-26.668,-241.338,176.0
204,204,0,60.668,-318.988,214.0
205,205,0,-23.054,-238.448,190.0
206,206,0,95.881,-339.951,
207,207,0,-57.002,-245.111,181.0
208,208,0,-59.507,-225.32,193.0
209,209,0,71.771,-304.044,150.0
210,210,0,-58.707,-205.844,213.0
211,211,0,70.692,-331.309,186.0
212,212,0,-61.225,-199.605,177.0
213,213,0,62.892,-287.071,174.0
214,214,0,-25.865,-215.694,172.0
215,215,0,-43.778,-239.827,191.0
216,216,0,83.288,-316.402,151.0
217,217,0,85.034,-299.09,170.0
218,218,0,-52.123,-212.596,181.0
219,219,0,88.562,-304.354,
220,220,0,-49.484,-226.959,146.0
221,221,0,-64.666,-221.802,203.0
222,222,0,82.018,-333.227,167.0
223,223,0,97.076,-310.866,143.0
224,224,0,74.323,-314.988,162.0
225,225,0,57.647,-332.069,181.0
226,226,0,-65.834,-215.855,219.0
227,227,0,74.264,-340.085,175.0
228,228,0,78.42,-333.582,205.0
229,229,0,94.903,-326.016,85.0
230,230,0,-39.51,-238.107,191.0
231,231,0,88.002,-354.034,187.0
232,232,0,76.037,-311.523,203.0
233,233,0,-41.048,-222.056,202.0
234,234,0,-43.899,-217.53,188.0
235,235,0,62.307,-305.139,184.0
236,236,0,-35.315,-213.675,182.0
237,237,0,-30.136,-255.442,213.0
238,238,0,85.49,-342.821,16.0
239,239,0,-30.321,-227.176,216.0
240,240,0,-53.057,-205.722,201.0
241,241,0,53.637,-313.097,176.0
242,242,0,-22.475,-228.361,223.0
243,243,0,-40.628,-244.065,203.0
244,244,0,68.264,-333.753,153.0
245,245,0,-67.964,-236.886,230.0
246,246,0,56.014,-336.669,216.0
247,247,0,-35.927,-228.009,217.0
248,248,0,68.233,-307.725,213.0
249,249,0,90.377,-322.582,240.0
250,250,0,12.207,-183.116,272.0
251,251,0,21.873,-170.291,214.0
252,252,0,-17.532,-186.468,237.0
253,253,0,-23.036,-176.672,219.0
254,254,0,-50.879,-172.937,291.0
255,255,0,1.395,-178.97,277.0
256,256,0,-13.425,-198.785,173.0
257,257,0,-45.147,-151.294,291.0
258,258,0,-48.283,-195.199,241.0
259,259,0,-24.034,-156.278,233.0
260,260,0,-4.254,-218.543,241.0
261,261,0,-40.983,-196.249,212.0
262,262,0,-9.948,-166.542,219.0
263,263,0,-33.151,-149.832,216.0
264,264,0,0.254,-190.475,249.0
265,265,0,-43.386,-175.769,245.0
266,266,0,-30.098,-199.323,247.0
267,267,0,-20.915,-164.591,221.0
268,268,0,-44.359,-168.384,259.0
269,269,0,-18.415,-172.079,231.0
270,270,0,-52.218,-181.965,273.0
271,271,0,-48.527,-184.436,230.0
272,272,0,19.566,-197.955,251.0
273,273,0,-35.269,-171.613,200.0
274,274,0,-19.189,-205.306,236.0
275,275,0,25.467,-206.946,
276,276,0,-25.406,-186.223,158.0
277,277,0,2.183,-170.458,199.0
278,278,0,7.789,-173.734,
279,279,0,-39.499,-183.233,182.0
280,280,0,22.246,-182.449,185.0
281,281,0,12.139,-200.135,194.0
282,282,0,-37.188,-162.765,175.0
283,283,0,2.247,-216.07,180.0
284,284,0,8.461,-168.65,165.0
285,285,0,-36.56,-203.471,188.0
286,286,0,21.724,-221.377,212.0
287,287,0,4.82,-218.082,193.0
288,288,0,11.246,-192.303,11.0
289,289,0,-16.966,-176.746,166.0
290,290,0,-24.955,-159.023,201.0
291,291,0,-41.001,-155.832,85.0
292,292,0,17.314,-213.018,193.0
293,293,0,-5.332,-171.997,175.0
294,294,0,-13.1,-204.213,6.0
295,295,0,-1.528,-201.329,178.0
296,296,0,20.705,-186.416,176.0
297,297,0,-36.359,-145.551,71.0
298,298,0,-3.923,-189.292,189.0
299,299,0,-23.499,-193.621,196.0
300,300,0,-114.513,-369.61,296.0
301,301,0,-119.964,-377.276,381.0
302,302,0,-71.518,-359.422,215.0
303,303,0,-90.222,-375.083,216.0
304,304,0,-103.564,-355.148,242.0
305,305,0,-104.269,-366.006,260.0
306,306,0,-46.398,-352.66,208.0
307,307,0,-85.195,-370.725,169.0
308,308,0,-42.137,-374.165,207.0
309,309,0,-90.698,-329.866,88.0
310,310,0,-84.47,-344.65,244.0
311,311,0,-91.181,-385.889,240.0
312,312,0,-65.722,-370.269,223.0
313,313,0,-84.038,-355.964,190.0
314,314,0,-101.734,-369.459,211.0
315,315,0,-81.989,-326.824,187.0
316,316,0,-107.982,-341.885,252.0
317,317,0,-61.455,-393.807,224.0
318,318,0,-65.685,-357.877,246.0
319,319,0,-76.894,-393.841,211.0
320,320,0,-81.425,-366.373,449.0
321,321,0,-90.161,-399.157,236.0
322,322,0,-44.346,-370.021,224.0
323,323,0,-52.024,-392.218,256.0
324,324,0,-80.675,-344.859,226.0
325,325,0,-112.412,-360.036,191.0
326,326,0,-89.22,-354.864,187.0
327,327,0,-41.351,-388.915,187.0
328,328,0,-80.878,-386.062,160.0
329,329,0,-46.128,-361.18,226.0
330,330,0,-96.771,-344.171,188.0
331,331,0,-99.079,-334.914,223.0
332,332,0,-91.537,-361.691,
333,333,0,-115.546,-387.725,239.0
334,334,0,-50.208,-379.996,
335,335,0,-57.429,-365.147,176.0
336,336,0,-51.866,-400.604,198.0
337,337,0,-69.441,-351.488,186.0
338,338,0,-71.932,-379.696,190.0
339,339,0,-103.447,-386.895,201.0
340,340,0,-95.77,-378.486,281.0
341,341,0,-78.166,-338.122,152.0
342,342,0,-63.692,-360.947,332.0
343,343,0,-113.594,-381.914,226.0
344,344,0,-33.151,-369.724,37.0
345,345,0,-62.15,-403.152,227.0
346,346,0,-60.65,-386.68,309.0
347,347,0,-62.168,-368.087,189.0
348,348,0,-109.488,-377.274,194.0
349,349,0,-77.458,-376.915,
350,350,0,-70.537,-247.113,188.0
351,351,0,42.58,-358.454,179.0
352,352,0,-80.557,-265.436,244.0
353,353,0,39.27,-393.812,172.0
354,354,0,-56.794,-252.1,192.0
355,355,0,-36.362,-257.03,187.0
356,356,0,62.434,-394.058,208.0
357,357,0,44.868,-340.266,605.0
358,358,0,51.689,-372.922,199.0
359,359,0,62.165,-346.605,6.0
360,360,0,-59.584,-265.546,243.0
361,361,0,-68.658,-291.381,
362,362,0,58.948,-362.43,193.0
363,363,0,63.079,-380.359,195.0
364,364,0,44.582,-369.499,198.0
365,365,0,79.622,-389.881,
366,366,0,-55.103,-274.167,253.0
367,367,0,0.0,0.0,
368,368,0,43.258,-395.782,183.0
369,369,0,-46.662,-255.878,243.0
370,370,0,-62.562,-256.068,274.0
371,371,0,-71.14,-260.724,211.0
372,372,0,42.097,-371.858,208.0
373,373,0,45.231,-380.315,220.0
374,374,0,-44.993,-277.15,
375,375,0,-73.179,-255.084,235.0
376,376,0,-62.738,-244.213,
377,377,0,-77.872,-272.684,238.0
378,378,0,-41.802,-267.314,
379,379,0,73.207,-383.621,198.0
380,380,0,58.369,-348.6,197.0
381,381,0,-37.891,-288.133,217.0
382,382,0,-61.875,-267.9,192.0
383,383,0,-82.522,-273.11,204.0
384,384,0,-59.16,-288.083,208.0
385,385,0,68.913,-364.201,
386,386,0,82.788,-353.616,224.0
387,387,0,38.311,-381.962,201.0
388,388,0,-55.212,-279.487,
389,389,0,65.55,-352.021,196.0
390,390,0,-47.422,-295.527,274.0
391,391,0,69.529,-376.369,195.0
392,392,0,-75.629,-283.752,
393,393,0,-68.077,-283.398,171.0
394,394,0,65.077,-355.873,180.0
395,395,0,-52.832,-289.579,243.0
396,396,0,46.476,-357.232,185.0
397,397,0,50.224,-381.356,205.0
398,398,0,67.095,-392.325,179.0
399,399,0,-37.452,-296.277,184.0
400,400,0,0.94,-27.664,160.0
401,401,0,-12.133,-46.305,176.0
402,402,0,12.668,-85.059,191.0
403,403,0,2.944,-43.352,177.0
404,404,0,10.769,-102.716,185.0
405,405,0,37.171,-167.523,
406,406,0,39.685,-176.435,179.0
407,407,0,20.301,-136.799,160.0
408,408,0,28.367,-168.954,174.0
409,409,0,20.326,-93.512,156.0
410,410,0,24.472,-151.889,
411,411,0,28.652,-140.892,170.0
412,412,0,1.004,-52.211,188.0
413,413,0,33.131,-152.097,176.0
414,414,0,19.437,-79.212,
415,415,0,8.749,-82.152,184.0
416,416,0,-14.161,-88.332,198.0
417,417,0,5.971,-65.093,208.0
418,418,0,0.846,-82.535,190.0
419,419,0,-4.113,-93.437,
420,420,0,3.938,-39.202,195.0
421,421,0,4.931,-158.137,205.0
422,422,0,37.9,-139.975,
423,423,0,25.551,-119.145,160.0
424,424,0,2.726,-77.439,185.0
425,425,0,32.024,-128.437,196.0
426,426,0,22.385,-103.799,172.0
427,427,0,-9.555,-57.765,216.0
428,428,0,21.224,-161.652,
429,429,0,-20.773,-72.17,181.0
430,430,0,36.531,-121.382,195.0
431,431,0,-8.86,-64.85,203.0
432,432,0,-7.51,-76.736,204.0
433,433,0,27.807,-160.829,202.0
434,434,0,15.214,-125.391,162.0
435,435,0,43.043,-166.486,195.0
436,436,0,15.761,-157.056,206.0
437,437,0,-16.094,-62.813,191.0
438,438,0,11.674,-109.889,193.0
439,439,0,10.413,-136.3,
440,440,0,17.774,-118.703,185.0
441,441,0,4.102,-148.413,181.0
442,442,0,1.158,-91.146,187.0
443,443,0,16.443,-145.116,
444,444,0,43.354,-158.636,162.0
445,445,0,24.484,-123.725,203.0
446,446,0,-25.281,-91.103,217.0
447,447,0,7.579,-54.515,189.0
448,448,0,7.842,-67.914,181.0
449,449,0,-8.566,-33.776,194.0
450,450,0,-88.189,-326.178,242.0
451,451,0,-15.349,-372.144,226.0
452,452,0,-52.639,-337.559,270.0
453,453,0,-85.866,-318.994,230.0
454,454,0,-61.315,-314.359,193.0
455,455,0,-102.537,-322.457,241.0
456,456,0,-68.65,-330.878,214.0
457,457,0,-81.277,-300.264,258.0
458,458,0,-22.794,-383.647,
459,459,0,25.19,-404.662,239.0
460,460,0,-85.95,-295.698,254.0
461,461,0,-15.305,-391.644,235.0
462,462,0,-75.395,-315.568,271.0
463,463,0,-19.043,-378.051,199.0
464,464,0,-95.717,-306.327,542.0
465,465,0,-14.135,-397.861,94.0
466,466,0,-9.068,-386.672,865.0
467,467,0,-55.353,-306.693,289.0
468,468,0,-75.863,-290.716,222.0
469,469,0,12.539,-384.338,256.0
470,470,0,-7.998,-403.924,243.0
471,471,0,17.361,-399.599,302.0
472,472,0,-54.738,-323.971,210.0
473,473,0,-60.988,-328.16,216.0
474,474,0,11.455,-395.098,
475,475,0,-89.425,-288.968,221.0
476,476,0,-71.965,-301.54,
477,477,0,-64.967,-309.238,7.0
478,478,0,33.688,-402.186,251.0
479,479,0,-9.604,-378.133,256.0
480,480,0,-27.282,-361.593,221.0
481,481,0,-69.045,-315.153,228.0
482,482,0,-42.2,-307.487,234.0
483,483,0,-1.298,-381.662,240.0
484,484,0,-37.056,-401.423,241.0
485,485,0,3.73,-407.251,370.0
486,486,0,-97.014,-312.728,246.0
487,487,0,-29.817,-375.724,10.0
488,488,0,-74.339,-322.964,232.0
489,489,0,-29.33,-404.077,
490,490,0,-27.75,-395.555,275.0
491,491,0,3.608,-387.845,223.0
492,492,0,-66.951,-334.535,221.0
493,493,0,-60.962,-302.973,225.0
494,494,0,-50.537,-318.258,207.0
495,495,0,17.504,-394.945,252.0
496,496,0,-3.151,-393.076,322.0
497,497,0,-23.567,-400.762,262.0
498,498,0,-63.612,-344.147,209.0
499,499,0,-29.766,-389.212,362.0
500,500,1,137.26,-378.431,401.0
501,501,1,128.618,-347.75,293.0
502,502,1,150.758,-328.958,306.0
503,503,1,126.832,-375.823,298.0
504,504,1,174.984,-314.951,260.0
505,505,1,162.508,-332.648,
506,506,1,165.272,-372.304,289.0
507,507,1,131.468,-339.468,230.0
508,508,1,156.249,-369.427,251.0
509,509,1,188.262,-331.824,
510,510,1,129.763,-387.182,206.0
511,511,1,166.259,-314.883,
512,512,1,116.376,-344.083,276.0
513,513,1,183.094,-318.532,315.0
514,514,1,121.128,-335.369,93.0
515,515,1,156.748,-359.58,244.0
516,516,1,168.399,-349.148,324.0
517,517,1,157.578,-351.139,279.0
518,518,1,148.675,-348.294,
519,519,1,117.363,-329.648,255.0
520,520,1,172.012,-348.208,242.0
521,521,1,139.956,-354.556,261.0
522,522,1,150.707,-379.659,278.0
523,523,1,173.822,-359.757,252.0
524,524,1,178.915,-352.608,231.0
525,525,1,189.515,-357.329,1.0
526,526,1,143.747,-327.163,303.0
527,527,1,120.47,-353.964,
528,528,1,130.423,-361.616,303.0
529,529,1,149.869,-358.125,269.0
530,530,1,135.412,-343.012,307.0
531,531,1,131.958,-325.911,
532,532,1,131.365,-356.974,269.0
533,533,1,178.151,-332.918,234.0
534,534,1,145.016,-366.234,
535,535,1,196.506,-337.474,307.0
536,536,1,172.709,-334.925,
537,537,1,121.767,-323.857,1.0
538,538,1,180.832,-346.03,279.0
539,539,1,169.509,-324.882,
540,540,1,152.733,-338.343,328.0
541,541,1,161.628,-323.948,264.0
542,542,1,122.001,-358.621,286.0
543,543,1,179.814,-342.052,257.0
544,544,1,132.902,-321.227,276.0
545,545,1,196.786,-350.436,
546,546,1,125.989,-322.617,285.0
547,547,1,147.313,-339.181,287.0
548,548,1,144.335,-324.472,264.0
549,549,1,162.895,-347.168,280.0
550,550,1,105.543,-248.481,236.0
551,551,1,247.109,-249.284,213.0
552,552,1,290.773,-276.264,264.0
553,553,1,237.906,-255.318,233.0
554,554,1,245.625,-267.325,
555,555,1,269.633,-253.798,
556,556,1,258.764,-283.292,221.0
557,557,1,269.512,-292.825,238.0
558,558,1,268.45,-268.933,212.0
559,559,1,121.587,-235.957,231.0
560,560,1,95.558,-277.303,220.0
561,561,1,101.267,-263.586,231.0
562,562,1,280.019,-265.882,213.0
563,563,1,106.367,-279.177,59.0
564,564,1,126.153,-257.584,228.0
565,565,1,260.445,-261.416,209.0
566,566,1,105.184,-238.897,229.0
567,567,1,120.878,-244.308,239.0
568,568,1,277.383,-263.657,505.0
569,569,1,110.378,-263.08,205.0
570,570,1,251.297,-274.045,209.0
571,571,1,85.716,-252.709,233.0
572,572,1,238.367,-247.673,
573,573,1,250.026,-291.797,208.0
574,574,1,95.952,-244.336,
575,575,1,293.535,-268.684,
576,576,1,262.397,-289.703,
577,577,1,83.677,-242.0,192.0
578,578,1,115.052,-240.713,196.0
579,579,1,268.814,-243.922,233.0
580,580,1,105.446,-252.693,229.0
581,581,1,87.817,-262.292,268.0
582,582,1,91.698,-239.592,205.0
583,583,1,129.768,-250.206,212.0
584,584,1,269.347,-281.899,
585,585,1,250.654,-264.661,184.0
586,586,1,273.255,-234.368,216.0
587,587,1,137.647,-254.878,236.0
588,588,1,93.206,-252.826,220.0
589,589,1,260.158,-253.834,200.0
590,590,1,116.281,-248.615,
591,591,1,141.899,-260.79,218.0
592,592,1,131.296,-271.548,210.0
593,593,1,119.529,-268.793,232.0
594,594,1,271.275,-279.3,211.0
595,595,1,256.3,-241.838,
596,596,1,109.405,-274.363,210.0
597,597,1,279.674,-290.526,172.0
598,598,1,116.673,-262.69,203.0
599,599,1,248.879,-279.388,239.0
600,600,1,111.036,-173.684,
601,601,1,97.902,-173.961,185.0
602,602,1,82.916,-162.08,183.0
603,603,1,83.981,-165.824,182.0
604,604,1,121.536,-173.58,217.0
605,605,1,51.115,-145.408,230.0
606,606,1,144.675,-157.594,200.0
607,607,1,138.459,-170.163,
608,608,1,100.601,-145.514,195.0
609,609,1,120.155,-162.752,218.0
610,610,1,128.476,-142.409,201.0
611,611,1,86.862,-187.095,
612,612,1,121.063,-130.25,206.0
613,613,1,108.531,-168.419,229.0
614,614,1,66.901,-140.702,210.0
615,615,1,102.794,-149.947,200.0
616,616,1,88.893,-183.989,199.0
617,617,1,74.007,-147.531,
618,618,1,97.584,-161.634,
619,619,1,73.387,-180.939,217.0
620,620,1,96.978,-131.623,191.0
621,621,1,85.468,-152.069,175.0
622,622,1,112.094,-158.239,174.0
623,623,1,82.705,-175.872,206.0
624,624,1,60.524,-165.593,170.0
625,625,1,105.491,-139.855,95.0
626,626,1,90.297,-172.351,196.0
627,627,1,139.46,-151.746,176.0
628,628,1,133.173,-165.739,189.0
629,629,1,70.287,-165.108,
630,630,1,74.166,-140.228,215.0
631,631,1,65.303,-154.627,
632,632,1,109.657,-128.008,183.0
633,633,1,58.583,-152.598,186.0
634,634,1,94.516,-151.827,
635,635,1,66.571,-182.87,
636,636,1,65.122,-146.022,186.0
637,637,1,103.324,-187.263,182.0
638,638,1,122.343,-150.643,192.0
639,639,1,120.891,-139.096,230.0
640,640,1,124.985,-158.031,
641,641,1,111.606,-145.308,193.0
642,642,1,113.551,-126.81,197.0
643,643,1,128.357,-174.36,219.0
644,644,1,77.248,-157.395,
645,645,1,60.554,-135.397,
646,646,1,62.325,-174.952,217.0
647,647,1,132.018,-151.844,112.0
648,648,1,91.312,-141.912,
649,649,1,67.656,-173.224,235.0
650,650,1,111.81,-281.958,210.0
651,651,1,241.499,-331.324,609.0
652,652,1,102.041,-280.892,317.0
653,653,1,140.223,-304.442,176.0
654,654,1,141.878,-275.659,208.0
655,655,1,254.447,-313.713,322.0
656,656,1,118.696,-285.891,
657,657,1,102.39,-288.767,211.0
658,658,1,147.938,-282.926,152.0
659,659,1,112.562,-323.843,245.0
660,660,1,109.636,-298.617,205.0
661,661,1,264.221,-305.863,234.0
662,662,1,115.246,-303.872,
663,663,1,120.28,-296.097,181.0
664,664,1,136.759,-281.136,205.0
665,665,1,196.68,-330.953,191.0
666,666,1,199.578,-343.54,206.0
667,667,1,126.467,-290.432,220.0
668,668,1,195.24,-320.555,227.0
669,669,1,236.244,-302.24,206.0
670,670,1,217.327,-346.842,275.0
671,671,1,203.662,-313.777,
672,672,1,147.735,-312.636,211.0
673,673,1,134.589,-293.502,200.0
674,674,1,212.194,-339.431,220.0
675,675,1,134.582,-305.246,254.0
676,676,1,222.046,-331.711,222.0
677,677,1,208.702,-316.814,245.0
678,678,1,106.387,-316.29,223.0
679,679,1,255.182,-308.943,282.0
680,680,1,246.985,-309.321,188.0
681,681,1,232.162,-318.543,228.0
682,682,1,240.854,-323.18,110.0
683,683,1,128.26,-277.435,210.0
684,684,1,225.844,-314.995,224.0
685,685,1,152.852,-302.811,
686,686,1,143.945,-294.921,226.0
687,687,1,215.121,-338.844,260.0
688,688,1,130.158,-297.132,222.0
689,689,1,222.837,-314.193,252.0
690,690,1,124.616,-306.451,224.0
691,691,1,156.045,-312.662,
692,692,1,204.866,-328.737,249.0
693,693,1,213.789,-326.304,198.0
694,694,1,211.854,-307.802,278.0
695,695,1,194.099,-313.177,278.0
696,696,1,100.842,-301.405,250.0
697,697,1,224.257,-318.458,
698,698,1,121.437,-316.148,233.0
699,699,1,237.663,-311.412,225.0
700,700,1,24.598,-58.955,225.0
701,701,1,94.563,-77.607,195.0
702,702,1,19.469,-33.507,201.0
703,703,1,49.926,-64.281,175.0
704,704,1,90.412,-77.809,196.0
705,705,1,59.321,-57.021,196.0
706,706,1,40.81,-37.908,218.0
707,707,1,133.331,-118.04,188.0
708,708,1,28.432,-36.361,
709,709,1,38.012,-56.674,191.0
710,710,1,98.441,-103.934,170.0
711,711,1,14.206,-28.132,204.0
712,712,1,132.091,-109.869,192.0
713,713,1,75.964,-60.07,180.0
714,714,1,27.477,-72.082,180.0
715,715,1,41.819,-79.551,201.0
716,716,1,89.905,-111.655,202.0
717,717,1,112.616,-91.445,
718,718,1,26.319,-63.631,241.0
719,719,1,117.518,-119.933,235.0
720,720,1,74.296,-83.179,187.0
721,721,1,78.113,-73.731,252.0
722,722,1,68.645,-72.418,
723,723,1,119.227,-110.685,
724,724,1,43.427,-52.917,204.0
725,725,1,97.293,-113.979,357.0
726,726,1,106.166,-105.512,179.0
727,727,1,126.32,-103.078,
728,728,1,107.122,-116.556,229.0
729,729,1,100.894,-98.374,197.0
730,730,1,31.62,-46.269,5.0
731,731,1,133.854,-106.808,213.0
732,732,1,78.872,-89.277,207.0
733,733,1,34.176,-69.173,212.0
734,734,1,32.012,-82.01,207.0
735,735,1,46.919,-81.579,208.0
736,736,1,95.044,-124.178,
737,737,1,99.452,-90.517,200.0
738,738,1,85.315,-94.505,
739,739,1,20.155,-49.977,197.0
740,740,1,111.338,-102.234,209.0
741,741,1,93.369,-95.759,222.0
742,742,1,19.75,-30.549,203.0
743,743,1,62.793,-59.095,217.0
744,744,1,42.174,-63.541,196.0
745,745,1,48.302,-68.212,
746,746,1,60.379,-74.44,244.0
747,747,1,82.588,-107.001,198.0
748,748,1,88.851,-84.71,179.0
749,749,1,50.037,-49.08,143.0
750,750,1,206.314,-165.043,200.0
751,751,1,206.356,-196.452,233.0
752,752,1,189.832,-186.728,192.0
753,753,1,193.775,-202.357,195.0
754,754,1,155.231,-199.031,200.0
755,755,1,155.717,-209.501,196.0
756,756,1,163.663,-176.837,293.0
757,757,1,185.504,-198.643,
758,758,1,174.089,-185.028,154.0
759,759,1,140.208,-211.317,226.0
760,760,1,152.167,-182.594,222.0
761,761,1,150.549,-209.971,212.0
762,762,1,197.355,-187.778,223.0
763,763,1,126.913,-193.645,223.0
764,764,1,174.132,-168.862,246.0
765,765,1,184.464,-172.718,217.0
766,766,1,133.445,-179.519,215.0
767,767,1,168.375,-204.244,1.0
768,768,1,178.488,-206.426,
769,769,1,141.363,-193.444,184.0
770,770,1,216.814,-177.866,
771,771,1,145.461,-170.959,208.0
772,772,1,183.191,-185.115,183.0
773,773,1,156.738,-189.603,209.0
774,774,1,143.695,-222.815,230.0
775,775,1,177.768,-197.18,197.0
776,776,1,196.426,-173.405,
777,777,1,213.642,-167.933,
778,778,1,143.44,-184.351,201.0
779,779,1,179.24,-178.951,
780,780,1,213.438,-185.228,217.0
781,781,1,120.904,-186.006,205.0
782,782,1,237.635,-187.546,212.0
783,783,1,133.379,-195.233,238.0
784,784,1,188.024,-182.381,79.0
785,785,1,168.299,-197.694,222.0
786,786,1,168.31,-163.889,205.0
787,787,1,134.635,-187.82,1.0
788,788,1,225.014,-194.607,237.0
789,789,1,229.194,-179.694,112.0
790,790,1,151.257,-194.58,237.0
791,791,1,209.866,-192.113,219.0
792,792,1,149.743,-201.998,260.0
793,793,1,220.965,-170.469,292.0
794,794,1,221.464,-187.588,209.0
795,795,1,132.885,-214.578,195.0
796,796,1,155.047,-176.067,204.0
797,797,1,206.525,-175.466,15.0
798,798,1,131.161,-207.666,200.0
799,799,1,108.908,-185.959,234.0
800,800,1,175.052,-240.079,217.0
801,801,1,155.86,-245.182,218.0
802,802,1,179.735,-253.211,126.0
803,803,1,170.923,-232.966,182.0
804,804,1,167.634,-212.963,216.0
805,805,1,133.399,-243.098,
806,806,1,218.04,-227.339,183.0
807,807,1,156.263,-238.148,181.0
808,808,1,157.192,-257.337,
809,809,1,195.277,-246.31,192.0
810,810,1,149.561,-219.522,202.0
811,811,1,173.161,-257.991,190.0
812,812,1,214.595,-218.233,182.0
813,813,1,180.558,-215.292,245.0
814,814,1,204.025,-223.297,237.0
815,815,1,208.493,-240.605,
816,816,1,156.899,-225.361,239.0
817,817,1,214.913,-229.868,408.0
818,818,1,184.014,-234.904,198.0
819,819,1,217.625,-206.973,246.0
820,820,1,186.603,-213.591,223.0
821,821,1,145.434,-266.656,204.0
822,822,1,181.12,-243.902,
823,823,1,129.457,-229.835,214.0
824,824,1,166.33,-254.27,134.0
825,825,1,136.187,-228.634,260.0
826,826,1,194.161,-220.871,235.0
827,827,1,228.15,-238.002,199.0
828,828,1,146.412,-232.105,199.0
829,829,1,151.154,-233.543,188.0
830,830,1,230.454,-233.301,188.0
831,831,1,172.832,-243.006,193.0
832,832,1,199.199,-235.308,173.0
833,833,1,204.829,-214.76,290.0
834,834,1,198.031,-213.787,
835,835,1,235.957,-237.223,
836,836,1,228.844,-243.581,186.0
837,837,1,146.822,-255.218,
838,838,1,138.315,-231.858,180.0
839,839,1,218.814,-242.988,
840,840,1,189.378,-252.619,266.0
841,841,1,164.805,-217.995,174.0
842,842,1,175.552,-228.718,191.0
843,843,1,200.285,-232.64,199.0
844,844,1,195.109,-228.409,
845,845,1,185.021,-226.356,
846,846,1,201.576,-207.856,174.0
847,847,1,169.701,-259.88,197.0
848,848,1,210.165,-220.46,191.0
849,849,1,143.617,-245.217,
850,850,1,239.916,-296.668,202.0
851,851,1,204.303,-286.169,20.0
852,852,1,208.04,-301.907,191.0
853,853,1,189.724,-295.63,207.0
854,854,1,169.434,-288.509,201.0
855,855,1,205.547,-273.16,216.0
856,856,1,211.826,-250.677,
857,857,1,174.712,-288.415,215.0
858,858,1,192.81,-272.277,81.0
859,859,1,196.794,-280.765,184.0
860,860,1,235.777,-279.704,186.0
861,861,1,212.809,-275.016,200.0
862,862,1,156.932,-293.232,154.0
863,863,1,227.974,-251.955,205.0
864,864,1,201.03,-276.033,
865,865,1,199.75,-268.839,200.0
866,866,1,219.012,-282.744,205.0
867,867,1,163.949,-295.867,177.0
868,868,1,215.856,-268.027,208.0
869,869,1,223.676,-295.766,239.0
870,870,1,165.698,-271.436,188.0
871,871,1,229.213,-297.941,230.0
872,872,1,165.388,-304.673,184.0
873,873,1,244.068,-288.279,190.0
874,874,1,156.787,-265.089,201.0
875,875,1,188.938,-260.032,135.0
876,876,1,256.286,-300.987,200.0
877,877,1,234.784,-282.965,211.0
878,878,1,187.861,-268.005,160.0
879,879,1,209.944,-293.681,278.0
880,880,1,234.026,-265.993,176.0
881,881,1,184.607,-281.061,194.0
882,882,1,190.42,-301.669,
883,883,1,197.998,-300.541,159.0
884,884,1,170.42,-277.271,133.0
885,885,1,173.127,-307.072,
886,886,1,166.952,-279.329,174.0
887,887,1,180.69,-271.659,
888,888,1,226.333,-277.201,194.0
889,889,1,226.214,-261.069,197.0
890,890,1,201.994,-254.878,206.0
891,891,1,153.468,-275.055,
892,892,1,177.872,-297.631,176.0
893,893,1,213.54,-257.908,186.0
894,894,1,194.256,-299.824,223.0
895,895,1,151.879,-288.484,206.0
896,896,1,225.117,-255.504,216.0
897,897,1,212.929,-301.61,215.0
898,898,1,231.155,-291.015,196.0
899,899,1,185.245,-306.707,251.0
900,900,1,152.223,-154.57,
901,901,1,160.873,-154.948,204.0
902,902,1,171.1,-149.244,215.0
903,903,1,50.77,-86.135,225.0
904,904,1,182.267,-163.851,205.0
905,905,1,42.668,-86.516,194.0
906,906,1,173.583,-142.021,203.0
907,907,1,167.153,-136.465,194.0
908,908,1,42.728,-103.128,215.0
909,909,1,157.009,-139.494,183.0
910,910,1,55.586,-114.56,201.0
911,911,1,176.524,-149.626,219.0
912,912,1,142.926,-124.919,
913,913,1,65.963,-126.34,182.0
914,914,1,74.889,-126.356,182.0
915,915,1,49.783,-98.606,204.0
916,916,1,150.645,-115.607,207.0
917,917,1,76.748,-103.875,200.0
918,918,1,137.494,-136.782,204.0
919,919,1,69.662,-113.98,244.0
920,920,1,78.256,-133.814,212.0
921,921,1,147.416,-148.374,216.0
922,922,1,69.455,-104.534,223.0
923,923,1,36.883,-89.951,216.0
924,924,1,132.716,-122.847,
925,925,1,47.691,-133.595,209.0
926,926,1,42.271,-116.834,246.0
927,927,1,59.03,-120.683,243.0
928,928,1,155.889,-148.168,229.0
929,929,1,168.261,-159.604,259.0
930,930,1,173.52,-131.475,
931,931,1,155.588,-129.829,195.0
932,932,1,193.41,-164.253,19.0
933,933,1,46.186,-128.752,249.0
934,934,1,139.058,-147.83,216.0
935,935,1,153.378,-170.369,243.0
936,936,1,185.205,-152.694,238.0
937,937,1,59.74,-79.125,222.0
938,938,1,58.77,-129.472,198.0
939,939,1,61.077,-107.775,
940,940,1,188.477,-144.398,242.0
941,941,1,62.906,-88.367,220.0
942,942,1,77.5,-91.454,235.0
943,943,1,143.575,-140.847,231.0
944,944,1,51.103,-105.975,246.0
945,945,1,84.458,-117.255,228.0
946,946,1,164.197,-131.616,251.0
947,947,1,200.511,-159.071,221.0
948,948,1,75.905,-115.755,236.0
949,949,1,53.249,-97.691,260.0
950,950,1,116.543,-225.644,314.0
951,951,1,266.803,-234.157,306.0
952,952,1,223.99,-204.298,317.0
953,953,1,280.251,-221.829,293.0
954,954,1,85.203,-194.487,301.0
955,955,1,82.518,-232.315,
956,956,1,239.411,-234.464,288.0
957,957,1,87.747,-210.808,324.0
958,958,1,114.065,-228.159,325.0
959,959,1,81.314,-214.785,314.0
960,960,1,238.489,-211.114,324.0
961,961,1,262.302,-200.381,332.0
962,962,1,103.25,-226.94,316.0
963,963,1,101.825,-223.041,314.0
964,964,1,241.239,-238.719,275.0
965,965,1,130.358,-222.305,344.0
966,966,1,249.965,-201.192,298.0
967,967,1,279.076,-227.293,348.0
968,968,1,105.545,-188.859,275.0
969,969,1,241.476,-219.948,300.0
970,970,1,236.22,-196.646,
971,971,1,265.619,-213.531,330.0
972,972,1,228.256,-221.494,279.0
973,973,1,118.352,-190.668,239.0
974,974,1,274.125,-208.689,
975,975,1,110.925,-197.185,249.0
976,976,1,258.001,-214.945,252.0
977,977,1,83.064,-204.71,1.0
978,978,1,270.232,-226.328,
979,979,1,114.509,-208.779,291.0
980,980,1,241.677,-188.952,315.0
981,981,1,123.899,-213.386,1.0
982,982,1,82.668,-198.4,263.0
983,983,1,263.923,-206.456,
984,984,1,66.142,-192.077,284.0
985,985,1,73.917,-210.706,318.0
986,986,1,257.504,-225.587,331.0
987,987,1,93.809,-213.951,313.0
988,988,1,72.446,-201.513,290.0
989,989,1,253.405,-194.342,255.0
990,990,1,98.361,-208.839,289.0
991,991,1,249.308,-224.574,303.0
992,992,1,242.418,-217.076,296.0
993,993,1,96.966,-187.119,305.0
994,994,1,120.691,-203.424,
995,995,1,249.162,-233.306,353.0
996,996,1,243.534,-201.994,
997,997,1,102.59,-203.174,258.0
998,998,1,219.486,-201.805,209.0
999,999,1,80.286,-217.909,349.0
1000,1000,2,221.817,-97.428,339.0
1001,1001,2,326.399,-13.574,317.0
1002,1002,2,185.953,-100.551,337.0
1003,1003,2,331.226,-20.883,363.0
1004,1004,2,329.18,-2.432,354.0
1005,1005,2,325.094,-27.16,394.0
1006,1006,2,206.007,-104.505,342.0
1007,1007,2,194.305,-99.996,329.0
1008,1008,2,335.23,-30.138,355.0
1009,1009,2,317.023,-42.191,290.0
1010,1010,2,182.806,-123.318,339.0
1011,1011,2,304.838,-25.835,347.0
1012,1012,2,331.116,-42.569,346.0
1013,1013,2,319.578,-35.464,365.0
1014,1014,2,304.782,-18.448,376.0
1015,1015,2,186.385,-123.71,366.0
1016,1016,2,196.471,-114.989,357.0
1017,1017,2,337.985,-26.272,368.0
1018,1018,2,211.003,-107.748,338.0
1019,1019,2,169.349,-116.678,350.0
1020,1020,2,302.499,-31.198,396.0
1021,1021,2,175.206,-112.859,344.0
1022,1022,2,350.694,-34.551,
1023,1023,2,186.767,-117.966,326.0
1024,1024,2,315.683,-18.891,330.0
1025,1025,2,336.927,-17.695,324.0
1026,1026,2,201.851,-95.894,320.0
1027,1027,2,190.401,-123.023,290.0
1028,1028,2,220.553,-104.658,299.0
1029,1029,2,352.81,-13.751,
1030,1030,2,212.552,-114.866,404.0
1031,1031,2,346.237,-18.761,319.0
1032,1032,2,362.979,-17.997,350.0
1033,1033,2,191.193,-103.736,318.0
1034,1034,2,209.047,-128.62,332.0
1035,1035,2,227.716,-124.726,337.0
1036,1036,2,317.406,-31.577,444.0
1037,1037,2,292.962,-26.924,335.0
1038,1038,2,320.229,-10.267,340.0
1039,1039,2,349.861,-26.728,361.0
1040,1040,2,336.495,-47.098,294.0
1041,1041,2,348.194,-8.897,335.0
1042,1042,2,203.034,-139.369,
1043,1043,2,212.667,-94.947,296.0
1044,1044,2,196.667,-136.549,327.0
1045,1045,2,222.093,-110.071,304.0
1046,1046,2,342.747,-38.105,328.0
1047,1047,2,230.961,-112.463,378.0
1048,1048,2,206.951,-120.409,337.0
1049,1049,2,204.365,-86.132,287.0
1050,1050,2,337.908,-144.26,334.0
1051,1051,2,368.442,-156.74,306.0
1052,1052,2,263.285,-162.616,284.0
1053,1053,2,366.481,-120.446,330.0
1054,1054,2,255.814,-175.31,289.0
1055,1055,2,370.31,-125.34,324.0
1056,1056,2,377.403,-104.625,413.0
1057,1057,2,288.527,-174.942,304.0
1058,1058,2,359.104,-129.997,
1059,1059,2,281.491,-159.13,290.0
1060,1060,2,282.636,-171.233,308.0
1061,1061,2,271.782,-178.123,
1062,1062,2,276.087,-143.76,328.0
1063,1063,2,387.595,-116.261,397.0
1064,1064,2,302.823,-169.816,307.0
1065,1065,2,273.844,-195.313,318.0
1066,1066,2,291.927,-160.047,353.0
1067,1067,2,346.029,-123.686,274.0
1068,1068,2,266.773,-172.724,304.0
1069,1069,2,267.125,-169.318,298.0
1070,1070,2,373.852,-121.095,326.0
1071,1071,2,265.22,-183.831,333.0
1072,1072,2,388.885,-132.208,323.0
1073,1073,2,362.098,-119.822,312.0
1074,1074,2,391.14,-86.362,
1075,1075,2,268.01,-184.858,297.0
1076,1076,2,346.789,-134.463,328.0
1077,1077,2,366.532,-146.587,
1078,1078,2,368.99,-140.438,299.0
1079,1079,2,389.497,-96.645,
1080,1080,2,371.798,-155.658,338.0
1081,1081,2,247.686,-173.962,277.0
1082,1082,2,294.616,-155.112,277.0
1083,1083,2,261.038,-154.676,309.0
1084,1084,2,386.82,-112.4,347.0
1085,1085,2,359.87,-149.776,339.0
1086,1086,2,348.386,-144.526,20.0
1087,1087,2,384.292,-113.248,327.0
1088,1088,2,255.217,-162.447,292.0
1089,1089,2,374.135,-135.932,329.0
1090,1090,2,285.989,-149.033,309.0
1091,1091,2,287.425,-163.642,290.0
1092,1092,2,355.336,-145.928,348.0
1093,1093,2,375.672,-147.759,339.0
1094,1094,2,281.316,-184.499,293.0
1095,1095,2,278.005,-151.204,317.0
1096,1096,2,269.791,-156.084,309.0
1097,1097,2,302.304,-157.397,
1098,1098,2,309.417,-167.016,401.0
1099,1099,2,364.856,-106.504,329.0
1100,1100,2,200.536,-83.913,299.0
1101,1101,2,293.261,-10.683,305.0
1102,1102,2,272.519,-44.033,317.0
1103,1103,2,247.943,-60.097,
1104,1104,2,236.686,-38.862,311.0
1105,1105,2,278.538,-44.887,308.0
1106,1106,2,221.707,-79.254,319.0
1107,1107,2,293.27,-20.581,281.0
1108,1108,2,246.242,-76.421,286.0
1109,1109,2,240.585,-96.933,309.0
1110,1110,2,253.285,-26.508,311.0
1111,1111,2,237.483,-95.94,289.0
1112,1112,2,246.889,-35.101,446.0
1113,1113,2,239.33,-52.201,276.0
1114,1114,2,277.0,-14.705,332.0
1115,1115,2,240.066,-89.259,296.0
1116,1116,2,289.493,-36.333,320.0
1117,1117,2,264.263,-30.108,340.0
1118,1118,2,275.4,-10.678,289.0
1119,1119,2,231.33,-90.388,300.0
1120,1120,2,227.92,-69.451,298.0
1121,1121,2,233.87,-71.96,356.0
1122,1122,2,255.351,-41.115,306.0
1123,1123,2,255.819,-34.034,365.0
1124,1124,2,266.708,-57.597,126.0
1125,1125,2,252.589,-79.069,303.0
1126,1126,2,283.176,-27.104,286.0
1127,1127,2,232.288,-47.49,285.0
1128,1128,2,239.898,-63.026,265.0
1129,1129,2,239.731,-46.716,330.0
1130,1130,2,263.752,-10.654,300.0
1131,1131,2,284.347,-8.87,299.0
1132,1132,2,259.224,-70.785,277.0
1133,1133,2,260.506,-21.459,293.0
1134,1134,2,231.119,-55.655,339.0
1135,1135,2,220.234,-61.396,285.0
1136,1136,2,264.421,-20.83,244.0
1137,1137,2,245.347,-83.785,297.0
1138,1138,2,267.154,-66.527,253.0
1139,1139,2,275.133,-34.964,302.0
1140,1140,2,274.846,-30.323,306.0
1141,1141,2,214.173,-76.004,274.0
1142,1142,2,220.313,-71.436,261.0
1143,1143,2,221.637,-58.252,288.0
1144,1144,2,211.048,-69.685,85.0
1145,1145,2,217.384,-85.679,289.0
1146,1146,2,247.749,-46.622,274.0
1147,1147,2,290.02,-12.507,29.0
1148,1148,2,254.397,-60.519,290.0
1149,1149,2,260.31,-43.872,322.0
1150,1150,2,129.572,-36.457,281.0
1151,1151,2,176.061,-17.388,331.0
1152,1152,2,91.633,-32.702,353.0
1153,1153,2,114.595,-12.172,338.0
1154,1154,2,46.74,-13.793,341.0
1155,1155,2,123.865,-15.146,292.0
1156,1156,2,171.89,-28.721,284.0
1157,1157,2,59.538,-38.041,320.0
1158,1158,2,101.132,-25.971,289.0
1159,1159,2,145.461,-41.898,281.0
1160,1160,2,155.591,-18.959,301.0
1161,1161,2,66.793,-13.455,301.0
1162,1162,2,49.445,-9.559,286.0
1163,1163,2,59.895,-20.686,298.0
1164,1164,2,72.523,-38.174,84.0
1165,1165,2,135.793,-15.852,268.0
1166,1166,2,175.329,-3.551,371.0
1167,1167,2,76.46,-32.101,300.0
1168,1168,2,49.524,-27.112,318.0
1169,1169,2,67.736,-37.791,288.0
1170,1170,2,85.671,-18.059,279.0
1171,1171,2,78.043,-51.092,317.0
1172,1172,2,163.089,-32.085,281.0
1173,1173,2,109.114,-17.659,259.0
1174,1174,2,122.922,-30.98,312.0
1175,1175,2,125.039,-2.714,278.0
1176,1176,2,165.476,-13.993,300.0
1177,1177,2,37.874,-11.114,291.0
1178,1178,2,177.542,-14.823,269.0
1179,1179,2,141.293,-20.402,295.0
1180,1180,2,144.103,-29.266,296.0
1181,1181,2,89.268,-28.063,258.0
1182,1182,2,74.337,-15.275,278.0
1183,1183,2,34.525,-18.875,309.0
1184,1184,2,146.749,-34.48,318.0
1185,1185,2,80.928,-7.37,
1186,1186,2,102.747,-10.402,294.0
1187,1187,2,144.723,-7.228,
1188,1188,2,63.836,-32.0,271.0
1189,1189,2,70.786,-20.625,20.0
1190,1190,2,129.868,-24.158,294.0
1191,1191,2,96.24,-15.772,284.0
1192,1192,2,161.742,-25.49,262.0
1193,1193,2,113.712,-18.728,287.0
1194,1194,2,137.914,-42.812,307.0
1195,1195,2,49.586,-16.119,308.0
1196,1196,2,80.98,-17.27,148.0
1197,1197,2,40.717,-25.614,284.0
1198,1198,2,151.543,-23.872,286.0
1199,1199,2,27.937,-9.519,299.0
1200,1200,2,304.784,-147.102,
1201,1201,2,385.626,-89.235,287.0
1202,1202,2,330.801,-119.092,322.0
1203,1203,2,324.797,-75.05,303.0
1204,1204,2,362.486,-86.3,283.0
1205,1205,2,306.166,-106.093,
1206,1206,2,303.673,-94.094,283.0
1207,1207,2,326.563,-117.154,298.0
1208,1208,2,316.38,-98.942,
1209,1209,2,313.331,-130.111,
1210,1210,2,289.527,-126.046,292.0
1211,1211,2,293.087,-116.548,304.0
1212,1212,2,345.437,-79.1,275.0
1213,1213,2,315.412,-111.062,294.0
1214,1214,2,354.415,-110.966,318.0
1215,1215,2,336.448,-126.482,285.0
1216,1216,2,328.463,-144.438,
1217,1217,2,327.626,-85.252,292.0
1218,1218,2,343.822,-120.108,363.0
1219,1219,2,315.213,-89.277,365.0
1220,1220,2,315.435,-125.48,278.0
1221,1221,2,333.394,-111.307,
1222,1222,2,301.206,-126.864,295.0
1223,1223,2,288.715,-134.198,301.0
1224,1224,2,329.311,-96.387,324.0
1225,1225,2,322.599,-143.885,1.0
1226,1226,2,308.025,-150.835,265.0
1227,1227,2,353.297,-89.38,305.0
1228,1228,2,342.775,-86.649,279.0
1229,1229,2,344.249,-97.095,329.0
1230,1230,2,359.274,-103.513,303.0
1231,1231,2,317.806,-78.124,
1232,1232,2,292.752,-140.205,304.0
1233,1233,2,323.497,-137.869,329.0
1234,1234,2,308.717,-136.109,284.0
1235,1235,2,346.092,-111.01,288.0
1236,1236,2,370.412,-93.226,316.0
1237,1237,2,330.754,-137.213,300.0
1238,1238,2,294.025,-125.677,321.0
1239,1239,2,336.566,-99.991,335.0
1240,1240,2,331.814,-89.072,275.0
1241,1241,2,354.856,-86.174,321.0
1242,1242,2,349.173,-106.176,354.0
1243,1243,2,337.85,-77.35,260.0
1244,1244,2,357.583,-109.45,315.0
1245,1245,2,305.584,-116.026,73.0
1246,1246,2,336.211,-74.377,279.0
1247,1247,2,324.125,-125.133,94.0
1248,1248,2,325.188,-104.846,296.0
1249,1249,2,311.324,-139.423,294.0
1250,1250,2,162.474,-71.107,304.0
1251,1251,2,135.782,-92.337,279.0
1252,1252,2,176.597,-66.162,258.0
1253,1253,2,123.394,-86.183,287.0
1254,1254,2,159.04,-70.329,285.0
1255,1255,2,174.92,-95.02,282.0
1256,1256,2,202.38,-62.099,269.0
1257,1257,2,152.782,-102.666,
1258,1258,2,147.358,-82.431,236.0
1259,1259,2,215.971,-47.182,295.0
1260,1260,2,180.508,-83.863,323.0
1261,1261,2,158.012,-43.54,325.0
1262,1262,2,201.489,-70.922,
1263,1263,2,178.925,-88.761,293.0
1264,1264,2,179.148,-104.971,344.0
1265,1265,2,160.463,-98.962,284.0
1266,1266,2,135.162,-82.071,282.0
1267,1267,2,127.83,-77.613,329.0
1268,1268,2,188.541,-90.589,289.0
1269,1269,2,203.967,-51.332,417.0
1270,1270,2,164.391,-44.46,262.0
1271,1271,2,176.262,-41.758,124.0
1272,1272,2,140.89,-94.983,280.0
1273,1273,2,185.78,-34.372,254.0
1274,1274,2,157.184,-94.289,307.0
1275,1275,2,168.753,-100.413,94.0
1276,1276,2,143.846,-70.017,263.0
1277,1277,2,204.628,-41.324,
1278,1278,2,175.396,-37.493,289.0
1279,1279,2,184.665,-58.696,
1280,1280,2,198.54,-47.621,292.0
1281,1281,2,158.799,-85.281,254.0
1282,1282,2,192.399,-60.486,284.0
1283,1283,2,190.189,-70.448,257.0
1284,1284,2,173.489,-80.962,303.0
1285,1285,2,185.404,-65.982,268.0
1286,1286,2,172.669,-73.353,272.0
1287,1287,2,161.443,-111.378,340.0
1288,1288,2,168.956,-35.896,
1289,1289,2,178.666,-54.715,259.0
1290,1290,2,159.019,-49.419,255.0
1291,1291,2,170.549,-60.558,299.0
1292,1292,2,192.825,-75.126,264.0
1293,1293,2,164.557,-75.8,306.0
1294,1294,2,209.174,-60.528,297.0
1295,1295,2,146.351,-73.4,341.0
1296,1296,2,185.117,-52.198,350.0
1297,1297,2,164.583,-84.629,307.0
1298,1298,2,138.744,-73.677,300.0
1299,1299,2,154.64,-59.845,271.0
1300,1300,2,299.887,-87.044,300.0
1301,1301,2,276.618,-89.09,274.0
1302,1302,2,240.294,-104.847,287.0
1303,1303,2,327.745,-58.114,313.0
1304,1304,2,308.171,-60.443,287.0
1305,1305,2,271.055,-64.886,299.0
1306,1306,2,279.679,-106.495,263.0
1307,1307,2,282.809,-77.977,418.0
1308,1308,2,283.78,-113.295,316.0
1309,1309,2,278.915,-60.383,325.0
1310,1310,2,261.716,-90.142,292.0
1311,1311,2,296.906,-75.897,299.0
1312,1312,2,275.011,-120.498,271.0
1313,1313,2,288.112,-97.429,327.0
1314,1314,2,291.855,-53.084,302.0
1315,1315,2,269.99,-109.655,29.0
1316,1316,2,332.739,-67.49,303.0
1317,1317,2,277.208,-126.214,
1318,1318,2,307.366,-87.831,290.0
1319,1319,2,305.378,-48.825,320.0
1320,1320,2,283.029,-40.091,325.0
1321,1321,2,254.596,-89.521,318.0
1322,1322,2,305.176,-53.92,309.0
1323,1323,2,272.753,-84.658,337.0
1324,1324,2,263.595,-71.363,274.0
1325,1325,2,299.912,-96.168,282.0
1326,1326,2,319.66,-67.853,
1327,1327,2,297.656,-66.713,285.0
1328,1328,2,242.093,-117.095,287.0
1329,1329,2,317.086,-50.384,533.0
1330,1330,2,322.63,-47.614,38.0
1331,1331,2,305.999,-70.314,274.0
1332,1332,2,293.047,-86.651,296.0
1333,1333,2,286.281,-104.142,438.0
1334,1334,2,321.17,-56.725,307.0
1335,1335,2,295.554,-39.095,
1336,1336,2,282.447,-56.451,34.0
1337,1337,2,259.708,-87.827,308.0
1338,1338,2,273.971,-98.445,319.0
1339,1339,2,288.605,-65.126,280.0
1340,1340,2,252.917,-105.064,294.0
1341,1341,2,292.117,-70.114,
1342,1342,2,259.812,-113.012,266.0
1343,1343,2,265.967,-106.216,257.0
1344,1344,2,251.771,-99.237,249.0
1345,1345,2,247.419,-120.729,308.0
1346,1346,2,283.79,-95.7,122.0
1347,1347,2,279.883,-83.723,283.0
1348,1348,2,293.306,-59.785,
1349,1349,2,267.599,-122.077,316.0
1350,1350,2,328.267,-167.724,322.0
1351,1351,2,353.391,-185.053,355.0
1352,1352,2,328.253,-192.798,316.0
1353,1353,2,286.108,-179.429,340.0
1354,1354,2,320.468,-157.316,301.0
1355,1355,2,348.068,-201.442,345.0
1356,1356,2,309.79,-173.998,347.0
1357,1357,2,366.731,-175.021,340.0
1358,1358,2,355.488,-189.458,383.0
1359,1359,2,325.459,-187.856,319.0
1360,1360,2,327.227,-159.021,291.0
1361,1361,2,319.919,-226.918,
1362,1362,2,297.132,-179.181,293.0
1363,1363,2,340.881,-213.178,352.0
1364,1364,2,342.264,-185.908,330.0
1365,1365,2,343.264,-193.77,371.0
1366,1366,2,322.687,-218.562,357.0
1367,1367,2,340.648,-161.089,335.0
1368,1368,2,309.793,-213.741,381.0
1369,1369,2,299.11,-208.928,348.0
1370,1370,2,333.607,-216.326,435.0
1371,1371,2,345.44,-171.773,339.0
1372,1372,2,289.163,-206.293,350.0
1373,1373,2,367.524,-166.661,327.0
1374,1374,2,358.281,-167.023,376.0
1375,1375,2,326.107,-205.133,377.0
1376,1376,2,316.977,-173.507,309.0
1377,1377,2,297.229,-190.772,379.0
1378,1378,2,317.642,-180.349,314.0
1379,1379,2,350.549,-172.855,346.0
1380,1380,2,335.58,-168.773,331.0
1381,1381,2,324.581,-178.376,367.0
1382,1382,2,339.376,-191.841,345.0
1383,1383,2,333.946,-222.753,313.0
1384,1384,2,307.424,-198.382,307.0
1385,1385,2,321.592,-190.438,310.0
1386,1386,2,293.001,-193.623,326.0
1387,1387,2,342.101,-206.766,54.0
1388,1388,2,311.749,-184.841,390.0
1389,1389,2,336.806,-181.959,332.0
1390,1390,2,351.613,-156.447,365.0
1391,1391,2,310.668,-196.239,334.0
1392,1392,2,343.243,-178.624,435.0
1393,1393,2,312.315,-216.311,339.0
1394,1394,2,333.754,-152.711,405.0
1395,1395,2,329.746,-231.698,49.0
1396,1396,2,309.04,-202.144,348.0
1397,1397,2,303.393,-214.563,391.0
1398,1398,2,336.548,-202.148,324.0
1399,1399,2,295.74,-193.758,340.0
1400,1400,2,92.53,-30.239,344.0
1401,1401,2,211.053,-10.971,316.0
1402,1402,2,122.554,-46.81,30.0
1403,1403,2,131.009,-48.985,320.0
1404,1404,2,185.587,-17.217,323.0
1405,1405,2,134.691,-50.886,284.0
1406,1406,2,96.619,-47.015,319.0
1407,1407,2,141.976,-59.148,312.0
1408,1408,2,221.451,-46.76,328.0
1409,1409,2,88.831,-60.499,325.0
1410,1410,2,124.414,-55.848,283.0
1411,1411,2,104.731,-35.388,284.0
1412,1412,2,208.721,-39.734,291.0
1413,1413,2,187.169,-25.619,324.0
1414,1414,2,229.938,-32.964,364.0
1415,1415,2,202.697,-25.258,334.0
1416,1416,2,180.985,-20.404,366.0
1417,1417,2,89.076,-44.971,312.0
1418,1418,2,101.945,-60.178,332.0
1419,1419,2,95.189,-34.696,296.0
1420,1420,2,214.181,-15.393,329.0
1421,1421,2,103.524,-63.749,338.0
1422,1422,2,253.467,-8.257,
1423,1423,2,113.129,-38.749,333.0
1424,1424,2,140.396,-48.832,
1425,1425,2,191.751,-6.741,295.0
1426,1426,2,225.569,-21.43,30.0
1427,1427,2,129.715,-68.904,278.0
1428,1428,2,111.429,-34.287,250.0
1429,1429,2,218.987,-30.624,343.0
1430,1430,2,123.001,-34.213,277.0
1431,1431,2,106.392,-62.367,332.0
1432,1432,2,226.252,-6.765,333.0
1433,1433,2,119.077,-78.149,
1434,1434,2,104.177,-73.167,331.0
1435,1435,2,213.284,-6.944,378.0
1436,1436,2,230.512,-14.131,311.0
1437,1437,2,198.6,-12.917,1.0
1438,1438,2,230.942,-7.438,323.0
1439,1439,2,209.113,-29.726,304.0
1440,1440,2,110.565,-52.685,311.0
1441,1441,2,241.544,-16.256,325.0
1442,1442,2,245.906,-19.852,299.0
1443,1443,2,104.769,-45.168,311.0
1444,1444,2,114.274,-67.176,331.0
1445,1445,2,80.555,-54.55,283.0
1446,1446,2,203.792,-18.097,306.0
1447,1447,2,200.47,-35.883,323.0
1448,1448,2,213.219,-24.21,345.0
1449,1449,2,249.94,-15.493,395.0
1450,1450,2,365.442,-51.271,325.0
1451,1451,2,372.892,-84.281,
1452,1452,2,353.332,-63.905,313.0
1453,1453,2,334.23,-58.05,365.0
1454,1454,2,237.529,-163.666,285.0
1455,1455,2,385.589,-46.218,286.0
1456,1456,2,238.203,-153.537,
1457,1457,2,387.016,-60.591,337.0
1458,1458,2,393.199,-60.462,503.0
1459,1459,2,232.143,-123.679,326.0
1460,1460,2,248.615,-138.854,
1461,1461,2,249.764,-128.536,
1462,1462,2,259.095,-131.695,343.0
1463,1463,2,258.525,-124.371,328.0
1464,1464,2,269.199,-132.55,285.0
1465,1465,2,242.179,-159.682,345.0
1466,1466,2,244.223,-126.233,292.0
1467,1467,2,375.713,-51.402,345.0
1468,1468,2,219.549,-156.294,370.0
1469,1469,2,369.15,-75.085,336.0
1470,1470,2,346.473,-66.468,290.0
1471,1471,2,247.872,-153.761,292.0
1472,1472,2,353.945,-50.482,308.0
1473,1473,2,232.85,-116.474,332.0
1474,1474,2,348.546,-46.889,322.0
1475,1475,2,240.395,-132.812,
1476,1476,2,363.365,-28.587,303.0
1477,1477,2,366.864,-69.143,291.0
1478,1478,2,362.795,-80.776,41.0
1479,1479,2,239.302,-145.974,290.0
1480,1480,2,377.0,-81.004,296.0
1481,1481,2,395.025,-41.708,323.0
1482,1482,2,354.844,-70.224,300.0
1483,1483,2,359.057,-40.765,
1484,1484,2,223.657,-149.012,335.0
1485,1485,2,207.257,-146.06,336.0
1486,1486,2,392.121,-75.954,
1487,1487,2,213.516,-140.1,333.0
1488,1488,2,375.852,-68.643,329.0
1489,1489,2,385.007,-75.39,326.0
1490,1490,2,218.251,-147.936,326.0
1491,1491,2,397.325,-68.467,336.0
1492,1492,2,370.103,-57.263,332.0
1493,1493,2,228.105,-134.423,316.0
1494,1494,2,230.72,-154.773,298.0
1495,1495,2,255.431,-147.733,342.0
1496,1496,2,253.417,-156.515,312.0
1497,1497,2,0.0,0.0,
1498,1498,2,216.838,-132.218,340.0
1499,1499,2,345.884,-56.382,313.0
1500,1500,3,130.41,72.906,340.0
1501,1501,3,138.194,72.435,365.0
1502,1502,3,56.76,27.625,350.0
1503,1503,3,152.626,97.2,
1504,1504,3,120.548,60.355,344.0
1505,1505,3,105.879,56.593,324.0
1506,1506,3,143.806,71.44,369.0
1507,1507,3,138.926,80.881,347.0
1508,1508,3,43.921,11.226,419.0
1509,1509,3,93.379,23.552,320.0
1510,1510,3,37.716,4.293,378.0
1511,1511,3,48.618,3.869,392.0
1512,1512,3,46.068,26.706,337.0
1513,1513,3,54.155,18.27,350.0
1514,1514,3,85.105,4.826,377.0
1515,1515,3,28.76,4.033,385.0
1516,1516,3,115.045,47.264,358.0
1517,1517,3,73.947,16.517,362.0
1518,1518,3,91.184,36.099,340.0
1519,1519,3,81.796,21.745,376.0
1520,1520,3,142.14,97.246,
1521,1521,3,71.261,18.172,359.0
1522,1522,3,135.898,87.485,320.0
1523,1523,3,134.972,56.843,335.0
1524,1524,3,147.427,52.156,35.0
1525,1525,3,69.997,36.498,308.0
1526,1526,3,95.198,54.649,335.0
1527,1527,3,80.295,46.083,295.0
1528,1528,3,32.948,15.81,
1529,1529,3,63.17,33.854,356.0
1530,1530,3,140.686,61.922,342.0
1531,1531,3,139.707,49.411,327.0
1532,1532,3,86.645,8.398,350.0
1533,1533,3,133.301,79.447,414.0
1534,1534,3,150.708,76.236,345.0
1535,1535,3,124.282,48.346,332.0
1536,1536,3,63.174,7.784,385.0
1537,1537,3,87.181,29.688,411.0
1538,1538,3,83.2,18.096,363.0
1539,1539,3,86.032,55.472,342.0
1540,1540,3,117.889,80.821,313.0
1541,1541,3,106.299,45.985,327.0
1542,1542,3,114.12,65.544,291.0
1543,1543,3,64.303,10.681,345.0
1544,1544,3,113.385,55.232,324.0
1545,1545,3,152.11,87.185,370.0
1546,1546,3,109.846,66.468,330.0
1547,1547,3,100.546,41.157,319.0
1548,1548,3,70.156,10.351,387.0
1549,1549,3,74.315,33.358,346.0
1550,1550,3,241.049,46.039,329.0
1551,1551,3,290.778,196.141,350.0
1552,1552,3,265.674,147.577,327.0
1553,1553,3,229.512,19.88,289.0
1554,1554,3,293.165,177.498,356.0
1555,1555,3,282.825,196.206,
1556,1556,3,225.506,42.921,27.0
1557,1557,3,275.444,147.688,312.0
1558,1558,3,233.684,46.931,319.0
1559,1559,3,297.524,160.419,553.0
1560,1560,3,222.517,13.093,347.0
1561,1561,3,215.111,24.717,
1562,1562,3,305.873,158.262,374.0
1563,1563,3,226.485,4.417,293.0
1564,1564,3,238.042,38.804,344.0
1565,1565,3,0.0,0.0,
1566,1566,3,303.245,195.619,322.0
1567,1567,3,278.128,167.612,
1568,1568,3,234.752,18.863,368.0
1569,1569,3,248.353,23.49,
1570,1570,3,262.011,178.216,
1571,1571,3,268.458,173.299,372.0
1572,1572,3,235.24,11.148,418.0
1573,1573,3,228.197,29.572,343.0
1574,1574,3,269.551,155.264,322.0
1575,1575,3,208.782,4.986,308.0
1576,1576,3,278.512,178.892,320.0
1577,1577,3,288.977,185.803,
1578,1578,3,298.013,168.987,313.0
1579,1579,3,246.321,38.186,317.0
1580,1580,3,249.473,36.182,437.0
1581,1581,3,223.788,32.908,331.0
1582,1582,3,210.12,36.384,346.0
1583,1583,3,255.27,146.932,310.0
1584,1584,3,251.291,55.451,336.0
1585,1585,3,219.363,40.771,321.0
1586,1586,3,212.952,19.363,325.0
1587,1587,3,279.201,186.923,313.0
1588,1588,3,288.132,169.173,
1589,1589,3,219.057,4.909,383.0
1590,1590,3,269.01,190.448,320.0
1591,1591,3,239.029,34.339,317.0
1592,1592,3,303.53,174.026,357.0
1593,1593,3,220.901,53.506,319.0
1594,1594,3,283.335,159.755,335.0
1595,1595,3,267.124,169.144,1.0
1596,1596,3,262.054,160.221,
1597,1597,3,252.171,4.572,563.0
1598,1598,3,236.1,5.181,
1599,1599,3,258.44,164.343,304.0
1600,1600,3,396.039,9.487,419.0
1601,1601,3,346.233,8.852,381.0
1602,1602,3,377.37,25.29,344.0
1603,1603,3,396.356,81.0,314.0
1604,1604,3,372.807,41.188,308.0
1605,1605,3,361.198,42.748,1.0
1606,1606,3,363.916,10.443,353.0
1607,1607,3,358.339,9.217,325.0
1608,1608,3,367.65,59.474,331.0
1609,1609,3,382.346,24.785,
1610,1610,3,345.488,33.748,1.0
1611,1611,3,386.81,56.827,340.0
1612,1612,3,399.832,42.599,484.0
1613,1613,3,389.842,63.403,335.0
1614,1614,3,366.569,69.843,
1615,1615,3,371.058,81.988,391.0
1616,1616,3,359.682,19.773,357.0
1617,1617,3,339.643,21.399,365.0
1618,1618,3,351.109,10.535,334.0
1619,1619,3,350.761,60.786,4.0
1620,1620,3,390.575,45.678,346.0
1621,1621,3,398.193,15.744,4.0
1622,1622,3,353.33,36.589,307.0
1623,1623,3,348.24,25.085,326.0
1624,1624,3,374.068,29.962,370.0
1625,1625,3,378.337,8.936,375.0
1626,1626,3,402.051,4.08,458.0
1627,1627,3,386.502,73.769,353.0
1628,1628,3,364.15,55.953,365.0
1629,1629,3,401.419,24.702,384.0
1630,1630,3,393.978,28.918,157.0
1631,1631,3,380.608,66.691,353.0
1632,1632,3,401.637,32.493,322.0
1633,1633,3,369.648,48.638,362.0
1634,1634,3,353.389,51.258,350.0
1635,1635,3,359.904,65.084,496.0
1636,1636,3,372.343,5.738,452.0
1637,1637,3,380.73,47.8,344.0
1638,1638,3,387.878,70.025,
1639,1639,3,387.689,51.783,
1640,1640,3,378.694,40.027,319.0
1641,1641,3,382.374,6.728,
1642,1642,3,361.413,78.813,
1643,1643,3,402.182,48.906,366.0
1644,1644,3,361.318,6.723,1.0
1645,1645,3,398.319,69.905,
1646,1646,3,360.55,32.814,377.0
1647,1647,3,389.565,15.257,400.0
1648,1648,3,368.65,30.513,391.0
1649,1649,3,387.659,33.915,
1650,1650,3,272.497,63.291,338.0
1651,1651,3,298.65,95.359,
1652,1652,3,281.667,128.067,58.0
1653,1653,3,260.139,102.698,313.0
1654,1654,3,254.277,92.106,371.0
1655,1655,3,296.279,116.07,337.0
1656,1656,3,263.692,92.766,180.0
1657,1657,3,274.865,107.276,430.0
1658,1658,3,275.955,82.321,329.0
1659,1659,3,292.09,142.926,316.0
1660,1660,3,266.676,74.448,239.0
1661,1661,3,272.247,53.735,354.0
1662,1662,3,268.844,116.865,346.0
1663,1663,3,277.713,97.14,44.0
1664,1664,3,295.758,133.056,313.0
1665,1665,3,291.871,126.32,318.0
1666,1666,3,298.833,62.434,314.0
1667,1667,3,262.115,120.415,287.0
1668,1668,3,284.012,102.589,304.0
1669,1669,3,295.805,106.158,285.0
1670,1670,3,300.364,78.337,337.0
1671,1671,3,260.483,67.869,298.0
1672,1672,3,275.476,57.487,305.0
1673,1673,3,286.222,110.901,310.0
1674,1674,3,281.825,76.282,326.0
1675,1675,3,255.451,79.481,362.0
1676,1676,3,296.726,152.275,299.0
1677,1677,3,256.673,60.854,
1678,1678,3,290.404,96.183,350.0
1679,1679,3,293.167,69.832,
1680,1680,3,292.99,73.945,360.0
1681,1681,3,264.835,139.726,340.0
1682,1682,3,293.789,83.029,307.0
1683,1683,3,261.949,51.839,
1684,1684,3,278.03,120.434,321.0
1685,1685,3,277.481,114.941,5.0
1686,1686,3,287.206,133.957,314.0
1687,1687,3,279.273,142.869,311.0
1688,1688,3,262.631,88.008,299.0
1689,1689,3,300.975,139.521,310.0
1690,1690,3,256.324,134.607,315.0
1691,1691,3,288.942,151.127,309.0
1692,1692,3,288.666,68.974,366.0
1693,1693,3,253.331,117.567,333.0
1694,1694,3,272.129,137.434,339.0
1695,1695,3,291.21,64.188,327.0
1696,1696,3,288.61,120.289,284.0
1697,1697,3,279.886,88.95,324.0
1698,1698,3,269.422,57.583,372.0
1699,1699,3,263.898,128.224,343.0
1700,1700,3,173.042,117.422,337.0
1701,1701,3,192.911,102.063,332.0
1702,1702,3,120.05,15.584,323.0
1703,1703,3,123.044,11.817,323.0
1704,1704,3,168.154,106.17,
1705,1705,3,183.748,97.15,
1706,1706,3,106.006,11.295,272.0
1707,1707,3,128.465,8.402,360.0
1708,1708,3,104.025,6.235,335.0
1709,1709,3,196.274,134.536,333.0
1710,1710,3,180.69,117.157,341.0
1711,1711,3,106.543,40.214,297.0
1712,1712,3,95.333,33.738,1.0
1713,1713,3,196.008,97.275,340.0
1714,1714,3,194.023,125.866,319.0
1715,1715,3,150.906,28.607,305.0
1716,1716,3,111.285,4.341,301.0
1717,1717,3,121.036,44.001,330.0
1718,1718,3,96.967,23.213,316.0
1719,1719,3,121.435,6.675,
1720,1720,3,146.367,45.119,381.0
1721,1721,3,125.093,19.578,215.0
1722,1722,3,182.144,106.09,309.0
1723,1723,3,165.51,89.302,293.0
1724,1724,3,210.16,125.253,354.0
1725,1725,3,218.232,129.292,351.0
1726,1726,3,197.147,117.574,285.0
1727,1727,3,203.604,118.83,344.0
1728,1728,3,208.942,95.84,332.0
1729,1729,3,141.738,22.332,328.0
1730,1730,3,141.842,5.881,304.0
1731,1731,3,206.137,144.093,336.0
1732,1732,3,111.283,26.407,218.0
1733,1733,3,201.938,129.065,348.0
1734,1734,3,0.0,0.0,
1735,1735,3,139.616,14.357,334.0
1736,1736,3,127.834,27.43,198.0
1737,1737,3,194.462,104.211,345.0
1738,1738,3,98.166,17.524,330.0
1739,1739,3,195.194,112.793,320.0
1740,1740,3,138.079,34.521,316.0
1741,1741,3,174.994,120.758,338.0
1742,1742,3,134.852,25.817,290.0
1743,1743,3,101.617,34.709,352.0
1744,1744,3,156.342,106.173,
1745,1745,3,162.771,97.08,5.0
1746,1746,3,157.417,86.59,299.0
1747,1747,3,115.547,30.289,313.0
1748,1748,3,175.739,87.113,297.0
1749,1749,3,131.7,42.889,3.0
1750,1750,3,356.842,97.502,349.0
1751,1751,3,340.892,30.826,352.0
1752,1752,3,350.091,47.279,342.0
1753,1753,3,302.952,34.527,348.0
1754,1754,3,318.551,10.724,332.0
1755,1755,3,312.549,48.824,431.0
1756,1756,3,382.97,113.429,
1757,1757,3,343.408,5.235,352.0
1758,1758,3,366.919,123.972,
1759,1759,3,363.849,88.7,328.0
1760,1760,3,303.497,18.662,116.0
1761,1761,3,304.372,41.6,366.0
1762,1762,3,388.521,122.437,
1763,1763,3,388.497,104.462,
1764,1764,3,319.284,24.731,
1765,1765,3,333.532,5.488,355.0
1766,1766,3,324.539,51.767,
1767,1767,3,360.992,84.497,368.0
1768,1768,3,335.06,15.69,
1769,1769,3,325.936,38.947,360.0
1770,1770,3,298.423,49.854,217.0
1771,1771,3,309.514,27.379,342.0
1772,1772,3,378.132,140.586,
1773,1773,3,0.0,0.0,
1774,1774,3,356.055,100.693,304.0
1775,1775,3,295.402,5.272,316.0
1776,1776,3,340.427,42.149,295.0
1777,1777,3,361.514,114.888,
1778,1778,3,317.793,42.063,532.0
1779,1779,3,315.945,36.951,338.0
1780,1780,3,327.114,23.335,372.0
1781,1781,3,388.167,95.957,311.0
1782,1782,3,383.321,131.569,
1783,1783,3,324.881,33.224,
1784,1784,3,366.966,142.003,
1785,1785,3,311.237,3.442,357.0
1786,1786,3,321.044,8.45,331.0
1787,1787,3,378.123,122.419,
1788,1788,3,373.908,132.932,450.0
1789,1789,3,368.973,107.798,343.0
1790,1790,3,377.214,87.874,
1791,1791,3,321.875,10.767,360.0
1792,1792,3,378.472,100.684,327.0
1793,1793,3,360.067,128.466,320.0
1794,1794,3,393.421,95.369,
1795,1795,3,392.595,86.666,344.0
1796,1796,3,369.739,159.448,595.0
1797,1797,3,338.024,46.69,348.0
1798,1798,3,372.687,99.284,332.0
1799,1799,3,372.571,151.171,
1800,1800,3,145.911,13.203,
1801,1801,3,157.774,51.792,
1802,1802,3,196.767,80.035,329.0
1803,1803,3,186.268,30.722,346.0
1804,1804,3,173.989,79.815,349.0
1805,1805,3,188.007,67.186,346.0
1806,1806,3,203.514,14.228,367.0
1807,1807,3,181.541,74.747,360.0
1808,1808,3,149.635,20.505,329.0
1809,1809,3,204.566,18.373,313.0
1810,1810,3,167.676,27.171,310.0
1811,1811,3,187.511,82.107,358.0
1812,1812,3,166.694,61.009,350.0
1813,1813,3,159.039,66.243,293.0
1814,1814,3,198.645,40.389,338.0
1815,1815,3,184.964,39.858,323.0
1816,1816,3,182.402,54.144,336.0
1817,1817,3,149.618,5.829,319.0
1818,1818,3,197.263,27.532,318.0
1819,1819,3,209.779,43.847,308.0
1820,1820,3,200.447,57.756,332.0
1821,1821,3,158.585,26.203,321.0
1822,1822,3,181.424,59.614,402.0
1823,1823,3,167.45,78.885,340.0
1824,1824,3,157.55,10.337,308.0
1825,1825,3,150.265,63.496,304.0
1826,1826,3,199.555,33.799,1.0
1827,1827,3,182.799,20.673,308.0
1828,1828,3,173.907,6.614,
1829,1829,3,153.836,30.748,379.0
1830,1830,3,196.789,65.382,389.0
1831,1831,3,168.079,65.683,348.0
1832,1832,3,181.247,6.421,318.0
1833,1833,3,185.083,14.508,312.0
1834,1834,3,170.983,58.413,303.0
1835,1835,3,199.5,88.06,
1836,1836,3,168.292,15.781,
1837,1837,3,209.644,80.778,295.0
1838,1838,3,195.904,56.174,
1839,1839,3,163.096,6.918,336.0
1840,1840,3,167.711,40.445,304.0
1841,1841,3,192.977,8.944,331.0
1842,1842,3,174.485,67.656,335.0
1843,1843,3,177.712,44.727,331.0
1844,1844,3,188.7,51.858,1.0
1845,1845,3,175.081,20.102,338.0
1846,1846,3,166.712,48.265,327.0
1847,1847,3,177.043,15.256,361.0
1848,1848,3,177.505,27.07,291.0
1849,1849,3,200.955,46.216,335.0
1850,1850,3,298.764,36.657,323.0
1851,1851,3,311.221,155.973,339.0
1852,1852,3,356.841,169.195,300.0
1853,1853,3,271.52,21.346,358.0
1854,1854,3,309.055,150.847,
1855,1855,3,359.598,159.893,316.0
1856,1856,3,330.009,150.969,
1857,1857,3,290.884,6.848,369.0
1858,1858,3,283.843,40.376,320.0
1859,1859,3,263.452,45.178,364.0
1860,1860,3,334.501,173.402,333.0
1861,1861,3,325.047,157.024,336.0
1862,1862,3,295.703,27.652,332.0
1863,1863,3,324.949,178.168,
1864,1864,3,314.221,189.482,281.0
1865,1865,3,357.416,178.155,294.0
1866,1866,3,267.37,6.65,
1867,1867,3,321.615,167.232,
1868,1868,3,0.0,0.0,
1869,1869,3,289.953,20.546,321.0
1870,1870,3,349.436,152.429,308.0
1871,1871,3,279.985,22.053,321.0
1872,1872,3,346.297,196.3,
1873,1873,3,339.698,172.354,328.0
1874,1874,3,261.228,33.99,358.0
1875,1875,3,263.59,12.005,377.0
1876,1876,3,275.251,38.822,346.0
1877,1877,3,278.367,15.292,303.0
1878,1878,3,347.93,185.867,351.0
1879,1879,3,295.806,46.746,313.0
1880,1880,3,277.628,6.713,52.0
1881,1881,3,292.43,14.124,304.0
1882,1882,3,318.356,148.317,338.0
1883,1883,3,300.926,18.985,304.0
1884,1884,3,287.851,30.284,351.0
1885,1885,3,250.21,9.333,331.0
1886,1886,3,311.359,168.771,348.0
1887,1887,3,348.982,179.111,314.0
1888,1888,3,274.462,35.004,329.0
1889,1889,3,349.938,161.005,339.0
1890,1890,3,319.16,175.314,336.0
1891,1891,3,333.263,165.476,310.0
1892,1892,3,256.84,24.768,
1893,1893,3,337.676,153.537,347.0
1894,1894,3,342.527,185.924,496.0
1895,1895,3,283.573,53.643,336.0
1896,1896,3,260.314,39.661,302.0
1897,1897,3,334.535,155.926,346.0
1898,1898,3,255.092,8.619,416.0
1899,1899,3,276.518,10.338,314.0
1900,1900,3,242.045,65.586,354.0
1901,1901,3,213.133,47.212,314.0
1902,1902,3,221.572,128.371,336.0
1903,1903,3,211.569,90.043,339.0
1904,1904,3,218.34,60.732,346.0
1905,1905,3,241.182,160.225,
1906,1906,3,224.659,117.262,338.0
1907,1907,3,232.405,101.655,396.0
1908,1908,3,238.283,109.498,361.0
1909,1909,3,235.76,97.041,
1910,1910,3,228.167,152.165,389.0
1911,1911,3,217.964,90.72,369.0
1912,1912,3,242.059,149.704,377.0
1913,1913,3,232.904,157.245,369.0
1914,1914,3,232.694,127.026,362.0
1915,1915,3,220.919,133.325,377.0
1916,1916,3,224.778,93.53,392.0
1917,1917,3,248.507,67.718,390.0
1918,1918,3,205.461,102.183,395.0
1919,1919,3,246.341,151.054,
1920,1920,3,224.803,101.109,399.0
1921,1921,3,231.12,139.44,378.0
1922,1922,3,253.392,127.377,438.0
1923,1923,3,247.654,127.464,353.0
1924,1924,3,228.507,76.25,408.0
1925,1925,3,246.435,114.572,329.0
1926,1926,3,242.111,165.812,377.0
1927,1927,3,238.29,87.533,345.0
1928,1928,3,211.169,98.04,377.0
1929,1929,3,248.377,104.985,325.0
1930,1930,3,212.172,115.056,372.0
1931,1931,3,221.192,140.186,366.0
1932,1932,3,214.952,78.939,
1933,1933,3,231.073,82.591,370.0
1934,1934,3,249.931,100.342,391.0
1935,1935,3,239.598,136.864,381.0
1936,1936,3,243.924,101.018,239.0
1937,1937,3,242.791,62.303,341.0
1938,1938,3,246.282,79.025,
1939,1939,3,230.858,68.905,365.0
1940,1940,3,239.937,134.48,352.0
1941,1941,3,225.14,66.653,362.0
1942,1942,3,209.776,73.721,435.0
1943,1943,3,242.345,119.814,312.0
1944,1944,3,252.33,143.637,336.0
1945,1945,3,254.186,82.678,327.0
1946,1946,3,231.294,61.575,370.0
1947,1947,3,223.637,60.015,347.0
1948,1948,3,235.237,75.827,419.0
1949,1949,3,251.365,160.128,
1950,1950,3,328.035,81.997,341.0
1951,1951,3,335.717,112.748,375.0
1952,1952,3,324.492,84.017,445.0
1953,1953,3,345.698,145.266,440.0
1954,1954,3,345.519,80.945,355.0
1955,1955,3,311.57,97.151,388.0
1956,1956,3,318.884,62.657,330.0
1957,1957,3,328.227,142.657,352.0
1958,1958,3,322.036,131.232,339.0
1959,1959,3,309.888,107.432,432.0
1960,1960,3,311.273,71.997,352.0
1961,1961,3,308.676,102.762,467.0
1962,1962,3,330.355,111.893,
1963,1963,3,346.74,124.909,288.0
1964,1964,3,346.353,69.883,
1965,1965,3,335.196,87.917,
1966,1966,3,311.681,57.231,405.0
1967,1967,3,328.304,59.877,401.0
1968,1968,3,354.8,92.773,394.0
1969,1969,3,346.42,105.952,42.0
1970,1970,3,313.274,120.11,493.0
1971,1971,3,322.545,95.637,400.0
1972,1972,3,325.667,129.831,330.0
1973,1973,3,347.576,110.165,394.0
1974,1974,3,335.502,61.687,396.0
1975,1975,3,362.687,148.758,412.0
1976,1976,3,310.569,134.712,409.0
1977,1977,3,318.538,114.025,511.0
1978,1978,3,339.345,125.078,540.0
1979,1979,3,320.088,122.341,385.0
1980,1980,3,323.102,106.867,417.0
1981,1981,3,303.586,123.964,
1982,1982,3,353.577,132.819,423.0
1983,1983,3,305.174,72.022,390.0
1984,1984,3,338.69,77.333,360.0
1985,1985,3,335.37,104.718,
1986,1986,3,340.54,96.98,
1987,1987,3,354.92,135.089,444.0
1988,1988,3,319.233,80.125,418.0
1989,1989,3,309.595,65.382,417.0
1990,1990,3,350.787,78.854,
1991,1991,3,356.625,122.44,
1992,1992,3,315.718,90.732,422.0
1993,1993,3,339.773,127.655,411.0
1994,1994,3,334.234,66.182,540.0
1995,1995,3,307.251,110.385,591.0
1996,1996,3,313.634,145.248,413.0
1997,1997,3,325.723,92.569,404.0
1998,1998,3,324.746,72.685,345.0
1999,1999,3,336.531,136.194,416.0
2000,2000,4,231.464,332.747,
2001,2001,4,239.039,307.247,268.0
2002,2002,4,254.735,192.551,277.0
2003,2003,4,267.236,201.406,301.0
2004,2004,4,241.867,216.593,237.0
2005,2005,4,208.372,344.966,239.0
2006,2006,4,261.801,209.762,
2007,2007,4,250.519,290.249,256.0
2008,2008,4,229.284,220.56,238.0
2009,2009,4,240.629,203.961,246.0
2010,2010,4,221.553,319.307,251.0
2011,2011,4,252.497,303.363,
2012,2012,4,221.662,218.059,263.0
2013,2013,4,236.55,233.54,253.0
2014,2014,4,253.94,200.794,295.0
2015,2015,4,223.526,335.685,
2016,2016,4,240.193,190.874,237.0
2017,2017,4,241.797,287.039,262.0
2018,2018,4,254.272,312.722,262.0
2019,2019,4,244.115,186.97,253.0
2020,2020,4,235.028,295.542,273.0
2021,2021,4,247.017,296.741,463.0
2022,2022,4,221.958,325.291,248.0
2023,2023,4,240.331,224.081,291.0
2024,2024,4,247.189,208.05,242.0
2025,2025,4,238.463,275.34,276.0
2026,2026,4,210.777,329.192,259.0
2027,2027,4,230.873,202.23,251.0
2028,2028,4,235.797,291.209,259.0
2029,2029,4,244.85,197.439,
2030,2030,4,253.671,228.418,283.0
2031,2031,4,241.736,313.876,250.0
2032,2032,4,212.112,323.714,263.0
2033,2033,4,225.157,221.754,218.0
2034,2034,4,227.026,305.01,272.0
2035,2035,4,215.735,220.387,280.0
2036,2036,4,0.0,0.0,
2037,2037,4,263.702,312.451,335.0
2038,2038,4,248.927,240.548,268.0
2039,2039,4,250.725,221.9,242.0
2040,2040,4,238.785,207.959,96.0
2041,2041,4,231.849,323.699,256.0
2042,2042,4,213.635,344.873,295.0
2043,2043,4,251.4,209.033,296.0
2044,2044,4,248.965,303.224,239.0
2045,2045,4,229.001,297.654,242.0
2046,2046,4,258.115,299.527,221.0
2047,2047,4,242.018,331.547,379.0
2048,2048,4,239.759,241.034,265.0
2049,2049,4,274.806,209.972,246.0
2050,2050,4,156.307,222.821,239.0
2051,2051,4,0.0,0.0,
2052,2052,4,145.023,250.658,311.0
2053,2053,4,188.766,212.554,1.0
2054,2054,4,177.045,237.403,
2055,2055,4,152.109,235.656,245.0
2056,2056,4,155.584,274.228,239.0
2057,2057,4,164.649,245.742,287.0
2058,2058,4,164.613,252.281,267.0
2059,2059,4,147.551,273.139,218.0
2060,2060,4,149.527,262.821,241.0
2061,2061,4,183.682,255.415,217.0
2062,2062,4,136.268,258.174,229.0
2063,2063,4,167.979,242.089,
2064,2064,4,150.685,252.515,231.0
2065,2065,4,178.238,206.751,259.0
2066,2066,4,144.259,291.61,
2067,2067,4,142.893,261.052,240.0
2068,2068,4,198.293,224.375,216.0
2069,2069,4,187.268,225.286,242.0
2070,2070,4,128.387,269.022,
2071,2071,4,177.018,230.422,220.0
2072,2072,4,165.37,268.996,198.0
2073,2073,4,141.564,276.948,265.0
2074,2074,4,165.362,262.37,
2075,2075,4,149.58,299.047,215.0
2076,2076,4,139.537,246.795,237.0
2077,2077,4,172.753,230.503,221.0
2078,2078,4,176.897,248.378,
2079,2079,4,197.61,218.949,
2080,2080,4,154.143,224.996,236.0
2081,2081,4,186.833,201.91,258.0
2082,2082,4,154.319,287.805,
2083,2083,4,163.269,283.234,
2084,2084,4,180.206,197.232,271.0
2085,2085,4,160.394,256.446,207.0
2086,2086,4,159.822,236.217,
2087,2087,4,167.507,293.823,196.0
2088,2088,4,173.799,206.298,283.0
2089,2089,4,170.244,270.681,213.0
2090,2090,4,185.501,243.598,1.0
2091,2091,4,201.178,237.587,198.0
2092,2092,4,171.611,255.549,212.0
2093,2093,4,162.464,212.106,213.0
2094,2094,4,155.85,266.628,
2095,2095,4,176.083,196.832,327.0
2096,2096,4,184.186,214.133,247.0
2097,2097,4,191.014,231.971,230.0
2098,2098,4,171.013,219.336,260.0
2099,2099,4,148.702,285.646,235.0
2100,2100,4,80.677,146.387,191.0
2101,2101,4,43.937,117.444,101.0
2102,2102,4,67.144,138.271,238.0
2103,2103,4,56.214,88.192,214.0
2104,2104,4,63.882,136.572,186.0
2105,2105,4,67.951,127.833,183.0
2106,2106,4,44.711,39.364,221.0
2107,2107,4,39.918,82.085,13.0
2108,2108,4,14.749,22.284,192.0
2109,2109,4,39.669,87.253,191.0
2110,2110,4,57.558,75.267,176.0
2111,2111,4,66.639,160.196,171.0
2112,2112,4,76.7,153.852,
2113,2113,4,46.605,98.207,
2114,2114,4,50.931,117.284,189.0
2115,2115,4,44.569,54.324,205.0
2116,2116,4,32.039,32.607,224.0
2117,2117,4,24.027,26.132,218.0
2118,2118,4,42.382,104.428,77.0
2119,2119,4,59.451,62.726,
2120,2120,4,52.318,127.768,192.0
2121,2121,4,49.435,86.528,173.0
2122,2122,4,49.876,47.658,206.0
2123,2123,4,62.948,155.714,190.0
2124,2124,4,65.35,111.591,179.0
2125,2125,4,35.079,57.085,217.0
2126,2126,4,69.437,119.838,209.0
2127,2127,4,80.819,137.299,223.0
2128,2128,4,26.996,39.974,85.0
2129,2129,4,22.591,52.413,218.0
2130,2130,4,67.102,168.795,281.0
2131,2131,4,37.417,42.006,219.0
2132,2132,4,0.0,0.0,
2133,2133,4,43.494,56.712,179.0
2134,2134,4,56.066,101.079,213.0
2135,2135,4,59.336,161.351,196.0
2136,2136,4,36.264,73.146,188.0
2137,2137,4,31.349,62.041,187.0
2138,2138,4,52.674,59.198,207.0
2139,2139,4,93.284,126.39,226.0
2140,2140,4,56.059,67.268,178.0
2141,2141,4,49.442,77.832,24.0
2142,2142,4,41.463,65.627,242.0
2143,2143,4,17.975,32.708,28.0
2144,2144,4,57.848,49.495,195.0
2145,2145,4,61.282,133.847,192.0
2146,2146,4,83.16,122.173,205.0
2147,2147,4,60.132,120.967,179.0
2148,2148,4,64.893,57.069,200.0
2149,2149,4,68.42,147.703,
2150,2150,4,272.094,228.347,243.0
2151,2151,4,278.806,288.232,321.0
2152,2152,4,298.097,232.616,382.0
2153,2153,4,286.233,238.747,7.0
2154,2154,4,266.823,220.779,218.0
2155,2155,4,315.356,254.733,306.0
2156,2156,4,0.0,0.0,
2157,2157,4,262.089,285.363,208.0
2158,2158,4,270.798,238.774,222.0
2159,2159,4,316.8,237.783,243.0
2160,2160,4,256.459,261.715,
2161,2161,4,279.236,220.136,219.0
2162,2162,4,280.031,209.468,241.0
2163,2163,4,269.263,292.001,286.0
2164,2164,4,302.378,264.899,318.0
2165,2165,4,251.48,253.779,245.0
2166,2166,4,293.615,256.513,268.0
2167,2167,4,255.352,266.197,260.0
2168,2168,4,271.893,267.231,224.0
2169,2169,4,296.9,273.765,273.0
2170,2170,4,248.69,268.047,224.0
2171,2171,4,286.936,215.962,844.0
2172,2172,4,281.815,279.469,
2173,2173,4,271.404,244.969,347.0
2174,2174,4,287.06,228.79,364.0
2175,2175,4,274.606,244.951,250.0
2176,2176,4,254.511,282.488,
2177,2177,4,299.116,249.742,251.0
2178,2178,4,263.776,274.743,250.0
2179,2179,4,271.469,255.189,232.0
2180,2180,4,296.978,268.171,233.0
2181,2181,4,308.55,227.559,177.0
2182,2182,4,300.993,273.044,317.0
2183,2183,4,275.989,229.69,260.0
2184,2184,4,278.829,266.357,244.0
2185,2185,4,309.098,235.968,241.0
2186,2186,4,276.366,269.857,207.0
2187,2187,4,328.652,243.471,354.0
2188,2188,4,310.272,249.87,243.0
2189,2189,4,296.881,240.628,329.0
2190,2190,4,255.198,252.632,225.0
2191,2191,4,294.305,222.615,285.0
2192,2192,4,283.632,261.394,255.0
2193,2193,4,274.1,277.968,237.0
2194,2194,4,276.905,258.177,259.0
2195,2195,4,263.715,242.152,270.0
2196,2196,4,281.638,247.47,236.0
2197,2197,4,257.096,233.237,223.0
2198,2198,4,251.275,278.838,222.0
2199,2199,4,269.313,209.749,245.0
2200,2200,4,114.011,279.814,287.0
2201,2201,4,173.541,166.347,290.0
2202,2202,4,153.242,312.603,254.0
2203,2203,4,149.943,150.781,
2204,2204,4,181.323,170.332,249.0
2205,2205,4,128.94,293.948,424.0
2206,2206,4,174.457,185.08,262.0
2207,2207,4,144.774,299.873,247.0
2208,2208,4,113.46,324.678,282.0
2209,2209,4,161.782,149.841,60.0
2210,2210,4,132.957,310.733,254.0
2211,2211,4,159.713,137.503,249.0
2212,2212,4,108.067,298.708,
2213,2213,4,172.006,158.096,281.0
2214,2214,4,134.873,305.946,234.0
2215,2215,4,133.744,339.186,263.0
2216,2216,4,121.774,295.243,222.0
2217,2217,4,134.398,295.435,247.0
2218,2218,4,186.604,164.605,261.0
2219,2219,4,185.595,143.518,275.0
2220,2220,4,170.093,131.991,
2221,2221,4,135.802,285.564,
2222,2222,4,117.259,314.847,247.0
2223,2223,4,104.415,309.156,223.0
2224,2224,4,125.854,307.46,262.0
2225,2225,4,159.173,174.564,298.0
2226,2226,4,164.475,183.61,275.0
2227,2227,4,115.752,274.929,272.0
2228,2228,4,195.513,148.589,299.0
2229,2229,4,123.21,332.012,275.0
2230,2230,4,119.449,298.457,331.0
2231,2231,4,180.888,143.093,240.0
2232,2232,4,127.667,304.216,251.0
2233,2233,4,172.589,138.658,310.0
2234,2234,4,127.923,279.759,252.0
2235,2235,4,176.785,183.254,252.0
2236,2236,4,162.363,127.069,303.0
2237,2237,4,177.943,162.253,265.0
2238,2238,4,108.98,291.199,272.0
2239,2239,4,153.935,169.439,245.0
2240,2240,4,159.141,156.588,248.0
2241,2241,4,154.104,161.684,293.0
2242,2242,4,168.232,173.384,
2243,2243,4,182.923,135.669,300.0
2244,2244,4,131.637,327.255,
2245,2245,4,143.19,306.325,267.0
2246,2246,4,174.113,152.498,290.0
2247,2247,4,123.07,320.86,
2248,2248,4,142.956,325.113,275.0
2249,2249,4,161.21,163.175,229.0
2250,2250,4,87.503,107.382,171.0
2251,2251,4,66.819,84.233,164.0
2252,2252,4,59.73,81.331,166.0
2253,2253,4,77.343,79.393,185.0
2254,2254,4,86.031,85.554,163.0
2255,2255,4,105.86,197.543,14.0
2256,2256,4,99.532,203.645,
2257,2257,4,77.085,101.636,129.0
2258,2258,4,96.752,233.242,
2259,2259,4,92.722,121.772,168.0
2260,2260,4,74.555,171.555,42.0
2261,2261,4,110.7,90.447,199.0
2262,2262,4,80.611,220.829,136.0
2263,2263,4,95.666,113.75,168.0
2264,2264,4,84.279,170.304,
2265,2265,4,95.11,182.659,135.0
2266,2266,4,93.677,101.569,138.0
2267,2267,4,95.487,78.732,197.0
2268,2268,4,80.589,75.185,191.0
2269,2269,4,80.682,98.428,151.0
2270,2270,4,80.055,95.563,145.0
2271,2271,4,80.829,198.592,176.0
2272,2272,4,79.768,166.52,231.0
2273,2273,4,92.31,174.03,235.0
2274,2274,4,74.002,63.696,226.0
2275,2275,4,64.715,101.043,232.0
2276,2276,4,69.557,79.87,214.0
2277,2277,4,86.12,238.578,4.0
2278,2278,4,91.336,80.043,190.0
2279,2279,4,88.265,218.899,272.0
2280,2280,4,97.605,101.579,235.0
2281,2281,4,74.219,201.084,242.0
2282,2282,4,76.876,181.704,219.0
2283,2283,4,93.159,223.034,232.0
2284,2284,4,87.233,230.839,247.0
2285,2285,4,81.277,112.169,3.0
2286,2286,4,95.485,196.204,239.0
2287,2287,4,85.508,212.934,208.0
2288,2288,4,102.854,78.09,256.0
2289,2289,4,88.254,207.565,239.0
2290,2290,4,101.6,193.215,229.0
2291,2291,4,93.948,86.827,222.0
2292,2292,4,86.547,66.686,235.0
2293,2293,4,86.029,183.189,200.0
2294,2294,4,70.718,63.181,233.0
2295,2295,4,69.65,197.562,217.0
2296,2296,4,68.811,175.547,198.0
2297,2297,4,102.967,214.008,251.0
2298,2298,4,108.12,91.768,226.0
2299,2299,4,84.432,191.102,205.0
2300,2300,4,207.992,248.599,214.0
2301,2301,4,193.503,280.495,366.0
2302,2302,4,197.721,286.225,238.0
2303,2303,4,243.797,255.067,203.0
2304,2304,4,177.724,304.031,198.0
2305,2305,4,205.985,235.221,189.0
2306,2306,4,228.705,271.878,241.0
2307,2307,4,214.791,263.039,233.0
2308,2308,4,240.525,247.682,254.0
2309,2309,4,228.746,263.498,208.0
2310,2310,4,215.351,291.02,216.0
2311,2311,4,197.695,308.093,
2312,2312,4,180.216,271.51,251.0
2313,2313,4,237.626,244.673,223.0
2314,2314,4,204.009,262.031,277.0
2315,2315,4,241.012,273.908,390.0
2316,2316,4,204.807,272.002,403.0
2317,2317,4,187.222,282.387,209.0
2318,2318,4,174.019,294.319,234.0
2319,2319,4,231.849,251.707,237.0
2320,2320,4,208.356,293.653,
2321,2321,4,201.103,292.782,209.0
2322,2322,4,203.646,255.261,213.0
2323,2323,4,212.69,282.529,264.0
2324,2324,4,175.219,278.46,233.0
2325,2325,4,170.747,284.671,223.0
2326,2326,4,188.616,301.495,
2327,2327,4,185.512,290.613,226.0
2328,2328,4,214.193,305.481,232.0
2329,2329,4,206.932,314.874,255.0
2330,2330,4,227.711,246.951,220.0
2331,2331,4,195.193,269.44,230.0
2332,2332,4,186.962,313.79,226.0
2333,2333,4,222.263,272.419,223.0
2334,2334,4,207.241,319.586,200.0
2335,2335,4,200.296,318.527,225.0
2336,2336,4,215.891,252.29,218.0
2337,2337,4,214.082,230.847,
2338,2338,4,216.377,299.427,
2339,2339,4,213.044,240.93,223.0
2340,2340,4,217.583,281.847,198.0
2341,2341,4,185.487,259.814,224.0
2342,2342,4,205.458,328.777,246.0
2343,2343,4,210.882,274.3,234.0
2344,2344,4,225.359,259.347,215.0
2345,2345,4,227.579,285.299,23.0
2346,2346,4,180.211,298.975,233.0
2347,2347,4,222.504,236.968,1.0
2348,2348,4,190.507,260.008,240.0
2349,2349,4,206.827,303.56,
2350,2350,4,102.992,241.833,239.0
2351,2351,4,134.812,238.825,248.0
2352,2352,4,135.65,244.77,226.0
2353,2353,4,135.052,163.918,198.0
2354,2354,4,156.375,195.298,240.0
2355,2355,4,122.227,201.193,238.0
2356,2356,4,124.305,221.662,
2357,2357,4,151.941,214.358,222.0
2358,2358,4,165.899,203.534,214.0
2359,2359,4,159.964,208.111,193.0
2360,2360,4,129.845,209.078,262.0
2361,2361,4,128.433,180.161,1.0
2362,2362,4,104.508,230.976,222.0
2363,2363,4,115.738,215.479,
2364,2364,4,92.719,264.338,219.0
2365,2365,4,121.1,259.618,192.0
2366,2366,4,114.116,236.597,
2367,2367,4,109.893,265.088,268.0
2368,2368,4,98.968,270.681,257.0
2369,2369,4,116.568,224.951,206.0
2370,2370,4,141.112,182.739,268.0
2371,2371,4,146.035,201.321,251.0
2372,2372,4,143.545,220.106,249.0
2373,2373,4,116.769,205.023,
2374,2374,4,161.111,192.294,217.0
2375,2375,4,148.327,181.343,208.0
2376,2376,4,156.546,185.537,235.0
2377,2377,4,128.08,191.074,
2378,2378,4,106.596,207.094,243.0
2379,2379,4,140.916,237.206,233.0
2380,2380,4,148.021,187.503,237.0
2381,2381,4,91.034,253.854,236.0
2382,2382,4,108.802,223.406,207.0
2383,2383,4,95.248,240.668,214.0
2384,2384,4,138.222,175.979,
2385,2385,4,110.668,244.828,241.0
2386,2386,4,123.111,231.899,
2387,2387,4,130.797,228.847,233.0
2388,2388,4,98.52,278.841,204.0
2389,2389,4,146.305,213.048,237.0
2390,2390,4,134.768,206.919,
2391,2391,4,111.809,276.478,
2392,2392,4,123.128,197.728,222.0
2393,2393,4,107.151,250.606,255.0
2394,2394,4,107.159,256.135,247.0
2395,2395,4,138.88,191.402,230.0
2396,2396,4,121.988,251.636,251.0
2397,2397,4,125.509,244.423,257.0
2398,2398,4,109.36,260.291,226.0
2399,2399,4,133.605,217.081,
2400,2400,4,190.434,167.063,258.0
2401,2401,4,212.341,158.265,278.0
2402,2402,4,216.22,210.163,
2403,2403,4,176.185,337.134,
2404,2404,4,210.089,190.787,260.0
2405,2405,4,211.717,205.271,237.0
2406,2406,4,171.256,312.519,214.0
2407,2407,4,179.507,313.884,229.0
2408,2408,4,156.617,335.824,242.0
2409,2409,4,196.85,348.096,252.0
2410,2410,4,175.683,330.695,58.0
2411,2411,4,155.783,325.811,190.0
2412,2412,4,195.73,182.534,236.0
2413,2413,4,201.748,200.767,218.0
2414,2414,4,221.151,169.229,
2415,2415,4,154.077,321.668,225.0
2416,2416,4,171.54,331.264,217.0
2417,2417,4,231.868,173.728,248.0
2418,2418,4,195.006,161.236,
2419,2419,4,208.091,216.487,234.0
2420,2420,4,184.492,187.992,225.0
2421,2421,4,183.186,346.043,247.0
2422,2422,4,178.805,346.037,211.0
2423,2423,4,164.758,350.307,240.0
2424,2424,4,203.161,157.113,225.0
2425,2425,4,190.963,191.798,
2426,2426,4,228.291,190.247,220.0
2427,2427,4,222.917,179.738,242.0
2428,2428,4,210.197,178.226,230.0
2429,2429,4,168.781,320.631,
2430,2430,4,209.169,165.328,287.0
2431,2431,4,166.642,341.372,
2432,2432,4,194.936,339.598,22.0
2433,2433,4,191.147,332.675,213.0
2434,2434,4,202.811,191.21,266.0
2435,2435,4,224.295,199.202,247.0
2436,2436,4,187.969,319.377,250.0
2437,2437,4,150.277,329.482,
2438,2438,4,210.732,172.968,249.0
2439,2439,4,140.139,332.443,214.0
2440,2440,4,232.561,180.807,304.0
2441,2441,4,165.055,315.56,222.0
2442,2442,4,198.255,208.166,
2443,2443,4,218.427,189.369,
2444,2444,4,167.706,363.09,243.0
2445,2445,4,184.272,354.375,233.0
2446,2446,4,196.031,329.258,
2447,2447,4,200.819,176.564,268.0
2448,2448,4,165.499,307.001,285.0
2449,2449,4,172.157,359.691,295.0
2450,2450,4,110.169,158.134,339.0
2451,2451,4,120.418,163.686,331.0
2452,2452,4,120.52,171.434,401.0
2453,2453,4,143.233,145.743,342.0
2454,2454,4,137.088,144.993,356.0
2455,2455,4,115.918,108.539,362.0
2456,2456,4,120.491,138.21,339.0
2457,2457,4,120.084,98.113,465.0
2458,2458,4,111.466,171.177,301.0
2459,2459,4,121.642,101.399,343.0
2460,2460,4,145.286,133.831,364.0
2461,2461,4,156.915,129.852,363.0
2462,2462,4,105.544,170.983,112.0
2463,2463,4,86.462,136.98,308.0
2464,2464,4,142.831,123.073,346.0
2465,2465,4,129.465,167.094,282.0
2466,2466,4,113.537,181.531,318.0
2467,2467,4,90.577,165.651,276.0
2468,2468,4,121.877,178.634,347.0
2469,2469,4,152.783,144.728,301.0
2470,2470,4,121.621,110.22,332.0
2471,2471,4,100.655,161.718,298.0
2472,2472,4,128.883,103.452,281.0
2473,2473,4,135.523,137.719,253.0
2474,2474,4,131.714,116.762,267.0
2475,2475,4,134.561,108.686,278.0
2476,2476,4,100.066,154.894,287.0
2477,2477,4,125.884,119.616,300.0
2478,2478,4,127.723,107.893,107.0
2479,2479,4,137.128,129.53,275.0
2480,2480,4,126.711,147.38,280.0
2481,2481,4,113.714,149.183,327.0
2482,2482,4,83.593,149.248,274.0
2483,2483,4,118.807,154.318,302.0
2484,2484,4,100.182,179.703,294.0
2485,2485,4,106.575,114.562,287.0
2486,2486,4,109.714,95.375,282.0
2487,2487,4,136.172,158.663,346.0
2488,2488,4,142.792,154.467,296.0
2489,2489,4,114.951,189.886,309.0
2490,2490,4,143.031,113.657,285.0
2491,2491,4,105.47,140.94,
2492,2492,4,88.118,160.146,304.0
2493,2493,4,101.898,144.442,289.0
2494,2494,4,150.803,115.146,334.0
2495,2495,4,102.13,134.193,274.0
2496,2496,4,119.586,124.588,308.0
2497,2497,4,106.7,126.743,301.0
2498,2498,4,103.447,147.813,274.0
2499,2499,4,122.05,129.846,225.0
2500,2500,5,39.009,163.026,246.0
2501,2501,5,2.079,161.682,247.0
2502,2502,5,22.275,153.578,
2503,2503,5,25.902,162.308,254.0
2504,2504,5,5.26,204.286,238.0
2505,2505,5,38.938,187.775,246.0
2506,2506,5,5.705,185.931,
2507,2507,5,25.81,180.795,277.0
2508,2508,5,42.099,159.967,235.0
2509,2509,5,-7.625,214.694,312.0
2510,2510,5,44.151,176.345,211.0
2511,2511,5,47.9,194.942,253.0
2512,2512,5,19.969,208.785,344.0
2513,2513,5,33.666,155.081,
2514,2514,5,-3.259,190.334,233.0
2515,2515,5,31.641,184.285,248.0
2516,2516,5,6.182,174.537,228.0
2517,2517,5,-25.869,178.651,247.0
2518,2518,5,21.766,173.294,223.0
2519,2519,5,-11.563,191.533,3.0
2520,2520,5,-9.681,173.412,201.0
2521,2521,5,-14.005,198.299,233.0
2522,2522,5,29.256,204.604,210.0
2523,2523,5,48.792,163.639,239.0
2524,2524,5,-2.356,183.775,219.0
2525,2525,5,17.895,190.982,243.0
2526,2526,5,-26.233,210.364,241.0
2527,2527,5,53.135,183.201,225.0
2528,2528,5,13.627,178.199,209.0
2529,2529,5,-18.087,171.753,
2530,2530,5,41.611,189.41,223.0
2531,2531,5,30.561,193.028,237.0
2532,2532,5,20.593,155.856,202.0
2533,2533,5,23.026,198.361,245.0
2534,2534,5,-7.32,222.391,258.0
2535,2535,5,52.22,177.165,230.0
2536,2536,5,-16.5,179.778,204.0
2537,2537,5,11.283,200.138,220.0
2538,2538,5,-17.473,207.882,219.0
2539,2539,5,16.791,206.284,225.0
2540,2540,5,9.13,166.679,207.0
2541,2541,5,39.758,142.488,244.0
2542,2542,5,-17.13,189.143,221.0
2543,2543,5,39.507,198.901,236.0
2544,2544,5,33.591,171.96,50.0
2545,2545,5,-22.284,216.973,
2546,2546,5,9.306,209.574,201.0
2547,2547,5,31.735,148.326,185.0
2548,2548,5,-9.563,168.308,217.0
2549,2549,5,-6.942,201.504,242.0
2550,2550,5,-65.983,355.068,263.0
2551,2551,5,-40.899,355.105,221.0
2552,2552,5,-43.449,348.216,231.0
2553,2553,5,-38.44,377.674,247.0
2554,2554,5,82.506,260.985,290.0
2555,2555,5,36.073,286.405,245.0
2556,2556,5,-64.447,377.319,246.0
2557,2557,5,-45.687,373.46,389.0
2558,2558,5,53.639,268.688,278.0
2559,2559,5,86.962,276.186,260.0
2560,2560,5,-58.152,378.19,394.0
2561,2561,5,-63.936,342.612,373.0
2562,2562,5,-61.672,366.438,298.0
2563,2563,5,74.4,245.92,312.0
2564,2564,5,-49.962,394.031,288.0
2565,2565,5,61.338,267.738,324.0
2566,2566,5,-59.171,348.839,246.0
2567,2567,5,-70.415,376.802,283.0
2568,2568,5,-54.663,394.814,266.0
2569,2569,5,55.822,250.507,274.0
2570,2570,5,73.5,265.427,319.0
2571,2571,5,-46.568,340.743,
2572,2572,5,66.232,277.616,277.0
2573,2573,5,59.53,283.421,251.0
2574,2574,5,62.587,241.492,259.0
2575,2575,5,-83.057,391.246,521.0
2576,2576,5,-60.362,388.472,285.0
2577,2577,5,62.359,252.41,257.0
2578,2578,5,71.191,291.511,216.0
2579,2579,5,78.974,284.613,252.0
2580,2580,5,-38.281,371.189,1.0
2581,2581,5,77.261,252.693,272.0
2582,2582,5,-51.866,358.518,
2583,2583,5,56.086,259.87,211.0
2584,2584,5,-64.911,360.079,236.0
2585,2585,5,58.373,289.469,
2586,2586,5,-37.842,383.016,406.0
2587,2587,5,-52.431,386.381,
2588,2588,5,-55.596,359.119,230.0
2589,2589,5,47.251,261.306,216.0
2590,2590,5,43.408,267.594,
2591,2591,5,44.235,291.077,205.0
2592,2592,5,-69.565,392.051,4.0
2593,2593,5,-79.932,351.123,210.0
2594,2594,5,52.098,284.105,204.0
2595,2595,5,42.459,261.478,229.0
2596,2596,5,70.59,277.774,243.0
2597,2597,5,52.027,299.413,219.0
2598,2598,5,-42.186,388.487,
2599,2599,5,48.747,279.986,159.0
2600,2600,5,26.919,130.747,216.0
2601,2601,5,23.787,123.497,163.0
2602,2602,5,-61.469,231.735,229.0
2603,2603,5,-47.035,235.53,243.0
2604,2604,5,15.451,121.847,
2605,2605,5,-55.491,199.271,
2606,2606,5,4.189,117.625,183.0
2607,2607,5,1.674,99.175,196.0
2608,2608,5,-37.845,222.534,
2609,2609,5,16.682,141.122,213.0
2610,2610,5,-31.729,220.126,264.0
2611,2611,5,5.452,136.397,194.0
2612,2612,5,-28.86,229.945,213.0
2613,2613,5,-50.583,211.655,27.0
2614,2614,5,-48.653,221.613,212.0
2615,2615,5,-58.667,206.234,154.0
2616,2616,5,-30.614,200.907,217.0
2617,2617,5,27.387,105.7,186.0
2618,2618,5,35.053,114.674,179.0
2619,2619,5,34.807,136.256,176.0
2620,2620,5,-25.135,185.978,144.0
2621,2621,5,23.288,115.887,159.0
2622,2622,5,25.001,101.905,194.0
2623,2623,5,21.559,144.035,171.0
2624,2624,5,-65.561,248.027,207.0
2625,2625,5,14.801,95.295,189.0
2626,2626,5,8.203,100.254,211.0
2627,2627,5,10.057,147.343,166.0
2628,2628,5,30.404,127.874,491.0
2629,2629,5,-45.932,194.388,176.0
2630,2630,5,-46.664,182.943,187.0
2631,2631,5,-2.996,132.115,181.0
2632,2632,5,18.432,147.697,179.0
2633,2633,5,1.875,109.209,206.0
2634,2634,5,21.312,105.974,186.0
2635,2635,5,-64.598,225.263,203.0
2636,2636,5,-8.898,114.854,188.0
2637,2637,5,-43.042,197.045,205.0
2638,2638,5,14.395,110.977,201.0
2639,2639,5,-42.141,185.149,22.0
2640,2640,5,10.223,130.592,165.0
2641,2641,5,16.826,133.797,153.0
2642,2642,5,-41.742,225.789,227.0
2643,2643,5,-34.943,181.231,1.0
2644,2644,5,-54.223,245.684,
2645,2645,5,-56.427,223.928,90.0
2646,2646,5,-28.512,197.936,25.0
2647,2647,5,-39.465,197.442,185.0
2648,2648,5,-54.53,221.57,231.0
2649,2649,5,-44.3,207.929,192.0
2650,2650,5,21.453,397.82,197.0
2651,2651,5,-17.286,399.597,244.0
2652,2652,5,63.825,314.303,244.0
2653,2653,5,88.589,324.397,
2654,2654,5,85.911,302.557,285.0
2655,2655,5,73.646,331.391,177.0
2656,2656,5,19.492,373.732,47.0
2657,2657,5,53.073,329.832,196.0
2658,2658,5,-28.718,400.835,
2659,2659,5,-5.499,389.66,257.0
2660,2660,5,74.969,312.537,191.0
2661,2661,5,-8.525,408.141,208.0
2662,2662,5,-24.632,395.976,421.0
2663,2663,5,70.287,320.428,396.0
2664,2664,5,25.961,386.979,199.0
2665,2665,5,44.811,307.999,106.0
2666,2666,5,71.084,338.298,142.0
2667,2667,5,-37.486,399.708,121.0
2668,2668,5,9.924,396.548,110.0
2669,2669,5,88.564,311.457,105.0
2670,2670,5,5.962,389.547,112.0
2671,2671,5,-11.576,390.621,85.0
2672,2672,5,29.22,376.592,122.0
2673,2673,5,9.334,371.688,
2674,2674,5,20.112,394.84,136.0
2675,2675,5,3.536,406.508,144.0
2676,2676,5,55.728,333.616,98.0
2677,2677,5,-1.347,397.272,
2678,2678,5,30.261,388.628,106.0
2679,2679,5,41.449,391.811,106.0
2680,2680,5,65.228,302.09,127.0
2681,2681,5,53.762,304.315,120.0
2682,2682,5,101.201,326.061,327.0
2683,2683,5,0.0,0.0,
2684,2684,5,25.288,364.037,122.0
2685,2685,5,89.868,307.882,126.0
2686,2686,5,84.383,290.053,133.0
2687,2687,5,29.849,405.148,114.0
2688,2688,5,17.142,378.148,112.0
2689,2689,5,3.331,381.957,124.0
2690,2690,5,87.245,296.013,101.0
2691,2691,5,38.53,385.218,112.0
2692,2692,5,89.344,286.188,225.0
2693,2693,5,72.234,296.155,247.0
2694,2694,5,67.033,324.059,182.0
2695,2695,5,78.536,322.092,40.0
2696,2696,5,53.324,317.023,200.0
2697,2697,5,-11.36,381.941,224.0
2698,2698,5,66.581,304.899,227.0
2699,2699,5,57.966,340.272,201.0
2700,2700,5,-10.902,244.605,284.0
2701,2701,5,-19.029,266.114,211.0
2702,2702,5,-40.488,282.433,252.0
2703,2703,5,-5.795,235.8,250.0
2704,2704,5,-15.043,232.602,229.0
2705,2705,5,-54.519,273.036,235.0
2706,2706,5,-26.925,267.718,244.0
2707,2707,5,-44.032,236.784,225.0
2708,2708,5,-60.987,282.214,253.0
2709,2709,5,-21.274,272.705,223.0
2710,2710,5,15.511,248.326,261.0
2711,2711,5,-30.359,260.231,228.0
2712,2712,5,-25.882,264.749,232.0
2713,2713,5,15.906,256.01,215.0
2714,2714,5,-38.144,268.134,259.0
2715,2715,5,4.707,228.919,228.0
2716,2716,5,14.634,251.389,240.0
2717,2717,5,-79.954,263.411,233.0
2718,2718,5,0.609,250.168,226.0
2719,2719,5,19.405,217.021,235.0
2720,2720,5,-82.477,290.739,216.0
2721,2721,5,-15.964,221.504,267.0
2722,2722,5,-49.435,266.212,226.0
2723,2723,5,-72.754,286.233,253.0
2724,2724,5,-32.909,242.256,
2725,2725,5,-67.952,274.863,240.0
2726,2726,5,-75.632,258.386,214.0
2727,2727,5,11.625,233.378,
2728,2728,5,-54.358,284.424,191.0
2729,2729,5,18.543,253.892,207.0
2730,2730,5,6.712,262.533,256.0
2731,2731,5,-60.007,263.855,205.0
2732,2732,5,-32.629,228.558,222.0
2733,2733,5,4.661,241.027,
2734,2734,5,-41.506,245.783,202.0
2735,2735,5,-29.257,236.6,215.0
2736,2736,5,-76.561,277.568,202.0
2737,2737,5,-67.502,250.695,270.0
2738,2738,5,-25.88,256.479,235.0
2739,2739,5,-1.164,222.504,86.0
2740,2740,5,-41.54,255.255,238.0
2741,2741,5,-5.356,271.906,223.0
2742,2742,5,-55.418,251.937,202.0
2743,2743,5,-12.331,253.681,213.0
2744,2744,5,-47.829,281.167,183.0
2745,2745,5,-3.292,253.035,232.0
2746,2746,5,-47.934,248.386,205.0
2747,2747,5,-24.588,245.13,201.0
2748,2748,5,8.437,223.397,
2749,2749,5,-11.86,232.355,244.0
2750,2750,5,35.836,355.126,200.0
2751,2751,5,-21.603,337.667,193.0
2752,2752,5,-5.476,343.675,240.0
2753,2753,5,15.568,358.083,209.0
2754,2754,5,-14.269,327.561,233.0
2755,2755,5,-12.812,360.352,177.0
2756,2756,5,41.815,338.978,190.0
2757,2757,5,-11.037,367.219,
2758,2758,5,5.809,335.423,189.0
2759,2759,5,-3.629,364.903,208.0
2760,2760,5,-17.947,374.911,
2761,2761,5,2.726,360.918,271.0
2762,2762,5,40.359,354.559,201.0
2763,2763,5,36.974,347.484,205.0
2764,2764,5,16.705,337.358,169.0
2765,2765,5,-32.038,337.171,193.0
2766,2766,5,-21.276,364.987,
2767,2767,5,-21.876,372.869,191.0
2768,2768,5,29.44,317.611,222.0
2769,2769,5,0.978,369.589,1.0
2770,2770,5,8.386,354.28,174.0
2771,2771,5,48.891,339.764,173.0
2772,2772,5,38.437,324.804,161.0
2773,2773,5,22.778,361.153,477.0
2774,2774,5,42.607,308.85,182.0
2775,2775,5,6.442,326.374,176.0
2776,2776,5,-4.532,323.314,193.0
2777,2777,5,-24.605,377.325,211.0
2778,2778,5,-37.868,342.839,
2779,2779,5,-3.246,380.628,180.0
2780,2780,5,-31.897,387.122,234.0
2781,2781,5,-6.867,347.186,184.0
2782,2782,5,16.052,364.913,334.0
2783,2783,5,22.595,322.577,182.0
2784,2784,5,-30.163,360.778,207.0
2785,2785,5,11.228,348.751,221.0
2786,2786,5,-25.099,331.813,145.0
2787,2787,5,46.938,332.392,195.0
2788,2788,5,12.795,328.984,165.0
2789,2789,5,34.795,330.606,177.0
2790,2790,5,-0.037,338.508,183.0
2791,2791,5,24.588,333.748,193.0
2792,2792,5,-26.583,349.711,196.0
2793,2793,5,19.468,345.998,183.0
2794,2794,5,28.254,341.043,189.0
2795,2795,5,27.284,310.466,
2796,2796,5,-24.61,354.979,
2797,2797,5,1.26,332.043,177.0
2798,2798,5,-18.68,351.804,190.0
2799,2799,5,-34.764,357.82,202.0
2800,2800,5,-31.594,160.674,212.0
2801,2801,5,-22.216,107.361,204.0
2802,2802,5,13.127,67.423,194.0
2803,2803,5,2.542,79.789,207.0
2804,2804,5,-45.64,168.234,196.0
2805,2805,5,-4.043,68.334,158.0
2806,2806,5,-25.761,96.194,166.0
2807,2807,5,-4.336,108.565,222.0
2808,2808,5,-8.435,129.135,201.0
2809,2809,5,-40.043,171.937,173.0
2810,2810,5,-14.278,154.084,
2811,2811,5,-39.966,154.813,173.0
2812,2812,5,-12.92,148.659,163.0
2813,2813,5,11.475,71.709,214.0
2814,2814,5,-20.406,162.113,187.0
2815,2815,5,-12.872,67.766,171.0
2816,2816,5,-36.29,171.842,173.0
2817,2817,5,13.12,46.299,205.0
2818,2818,5,6.311,60.83,177.0
2819,2819,5,-1.623,28.859,219.0
2820,2820,5,-14.122,137.682,178.0
2821,2821,5,-3.022,148.773,163.0
2822,2822,5,22.072,79.493,213.0
2823,2823,5,-8.253,86.956,188.0
2824,2824,5,12.573,61.542,211.0
2825,2825,5,-37.682,149.122,212.0
2826,2826,5,-27.016,135.225,193.0
2827,2827,5,6.838,67.117,153.0
2828,2828,5,-34.231,122.344,
2829,2829,5,-22.076,171.541,179.0
2830,2830,5,11.252,91.231,171.0
2831,2831,5,-0.033,48.279,192.0
2832,2832,5,-11.15,104.283,190.0
2833,2833,5,-21.21,154.48,178.0
2834,2834,5,-23.929,124.438,
2835,2835,5,-22.272,78.355,197.0
2836,2836,5,-4.032,156.141,
2837,2837,5,10.078,37.8,210.0
2838,2838,5,3.417,88.801,171.0
2839,2839,5,-1.789,53.269,185.0
2840,2840,5,-29.235,110.871,159.0
2841,2841,5,-26.771,144.206,156.0
2842,2842,5,0.0,0.0,
2843,2843,5,-15.897,91.728,193.0
2844,2844,5,-5.279,76.624,171.0
2845,2845,5,-2.206,73.649,
2846,2846,5,0.773,38.941,117.0
2847,2847,5,21.834,92.837,237.0
2848,2848,5,-21.078,133.7,177.0
2849,2849,5,-15.612,113.669,181.0
2850,2850,5,-42.423,311.421,186.0
2851,2851,5,27.854,277.356,191.0
2852,2852,5,-18.344,300.139,190.0
2853,2853,5,20.209,264.272,208.0
2854,2854,5,26.072,284.571,209.0
2855,2855,5,-33.62,328.856,189.0
2856,2856,5,-7.481,286.276,219.0
2857,2857,5,21.843,293.532,211.0
2858,2858,5,-26.879,316.409,257.0
2859,2859,5,0.774,300.951,198.0
2860,2860,5,-8.333,305.707,191.0
2861,2861,5,-36.759,299.145,211.0
2862,2862,5,2.143,275.78,199.0
2863,2863,5,-0.227,311.96,194.0
2864,2864,5,33.327,287.737,195.0
2865,2865,5,40.072,300.115,29.0
2866,2866,5,-26.429,290.833,169.0
2867,2867,5,-31.398,285.236,188.0
2868,2868,5,-5.408,294.119,209.0
2869,2869,5,-40.961,333.624,24.0
2870,2870,5,21.04,281.327,228.0
2871,2871,5,31.522,265.216,
2872,2872,5,28.737,305.297,195.0
2873,2873,5,11.303,296.57,220.0
2874,2874,5,-52.807,330.998,235.0
2875,2875,5,-57.451,293.567,201.0
2876,2876,5,-13.007,274.065,1.0
2877,2877,5,3.871,271.725,197.0
2878,2878,5,-14.462,288.134,413.0
2879,2879,5,-30.145,276.045,252.0
2880,2880,5,-43.157,320.892,209.0
2881,2881,5,-20.321,320.449,205.0
2882,2882,5,33.135,278.738,195.0
2883,2883,5,-43.093,302.829,256.0
2884,2884,5,-52.337,306.166,181.0
2885,2885,5,11.036,279.166,217.0
2886,2886,5,14.743,283.894,237.0
2887,2887,5,-18.139,314.127,155.0
2888,2888,5,-47.354,285.342,
2889,2889,5,-50.901,318.107,199.0
2890,2890,5,-32.373,305.488,256.0
2891,2891,5,3.506,299.9,205.0
2892,2892,5,-36.492,316.47,257.0
2893,2893,5,4.496,305.587,192.0
2894,2894,5,3.814,288.004,206.0
2895,2895,5,-23.464,283.025,265.0
2896,2896,5,-8.104,315.022,244.0
2897,2897,5,-41.24,298.932,243.0
2898,2898,5,14.341,270.703,
2899,2899,5,16.179,308.45,197.0
2900,2900,5,76.273,399.969,14.0
2901,2901,5,116.921,366.999,220.0
2902,2902,5,83.083,396.818,253.0
2903,2903,5,99.359,364.733,227.0
2904,2904,5,86.636,338.304,210.0
2905,2905,5,114.336,379.238,234.0
2906,2906,5,96.555,377.161,230.0
2907,2907,5,106.542,336.771,274.0
2908,2908,5,75.292,382.263,191.0
2909,2909,5,97.731,347.782,244.0
2910,2910,5,48.232,382.824,204.0
2911,2911,5,121.073,388.385,270.0
2912,2912,5,95.128,385.771,241.0
2913,2913,5,40.217,359.587,226.0
2914,2914,5,90.292,351.67,331.0
2915,2915,5,64.285,355.823,228.0
2916,2916,5,50.724,353.22,20.0
2917,2917,5,73.577,347.292,226.0
2918,2918,5,70.905,356.868,
2919,2919,5,79.06,340.05,218.0
2920,2920,5,81.126,359.124,
2921,2921,5,58.08,386.457,231.0
2922,2922,5,46.694,368.501,291.0
2923,2923,5,97.629,368.993,241.0
2924,2924,5,89.08,373.519,240.0
2925,2925,5,43.286,380.226,263.0
2926,2926,5,65.706,374.76,274.0
2927,2927,5,100.797,389.664,285.0
2928,2928,5,62.816,384.937,303.0
2929,2929,5,52.665,395.973,284.0
2930,2930,5,76.587,379.585,253.0
2931,2931,5,106.403,354.859,277.0
2932,2932,5,80.694,387.134,
2933,2933,5,81.643,334.005,219.0
2934,2934,5,44.403,385.647,276.0
2935,2935,5,100.395,350.543,301.0
2936,2936,5,103.099,348.749,297.0
2937,2937,5,91.785,333.578,
2938,2938,5,97.458,362.468,284.0
2939,2939,5,57.475,370.059,225.0
2940,2940,5,82.687,344.19,243.0
2941,2941,5,114.38,386.026,269.0
2942,2942,5,66.524,361.624,243.0
2943,2943,5,63.719,399.043,256.0
2944,2944,5,40.159,372.446,269.0
2945,2945,5,89.666,381.348,282.0
2946,2946,5,52.514,362.458,259.0
2947,2947,5,76.666,371.533,259.0
2948,2948,5,108.593,369.62,239.0
2949,2949,5,69.658,394.124,256.0
2950,2950,5,42.357,243.189,238.0
2951,2951,5,45.361,224.635,291.0
2952,2952,5,27.678,248.411,270.0
2953,2953,5,40.983,225.567,244.0
2954,2954,5,-77.687,331.624,214.0
2955,2955,5,70.107,229.894,284.0
2956,2956,5,21.761,240.45,227.0
2957,2957,5,73.354,232.729,246.0
2958,2958,5,63.86,221.559,228.0
2959,2959,5,-59.833,300.714,262.0
2960,2960,5,-88.219,341.247,238.0
2961,2961,5,-84.428,319.515,253.0
2962,2962,5,-99.292,329.965,
2963,2963,5,-58.443,338.579,
2964,2964,5,-68.215,301.824,360.0
2965,2965,5,-65.962,313.687,260.0
2966,2966,5,29.232,217.366,240.0
2967,2967,5,35.931,216.874,228.0
2968,2968,5,63.99,206.27,213.0
2969,2969,5,-64.553,290.949,
2970,2970,5,18.628,225.747,
2971,2971,5,49.802,204.457,
2972,2972,5,-78.379,306.584,
2973,2973,5,-98.077,336.593,280.0
2974,2974,5,-61.016,328.838,247.0
2975,2975,5,-58.01,310.871,
2976,2976,5,-74.879,349.525,225.0
2977,2977,5,-75.895,323.83,215.0
2978,2978,5,-68.432,332.402,245.0
2979,2979,5,-90.871,345.896,240.0
2980,2980,5,56.028,217.069,236.0
2981,2981,5,62.07,226.615,266.0
2982,2982,5,33.418,228.151,244.0
2983,2983,5,41.895,212.589,232.0
2984,2984,5,33.907,211.834,254.0
2985,2985,5,55.962,242.244,225.0
2986,2986,5,35.773,234.631,261.0
2987,2987,5,-96.115,307.738,230.0
2988,2988,5,34.551,250.423,270.0
2989,2989,5,49.279,232.06,
2990,2990,5,-88.406,319.374,321.0
2991,2991,5,-65.802,316.092,294.0
2992,2992,5,41.764,251.534,288.0
2993,2993,5,-76.307,314.61,259.0
2994,2994,5,27.325,253.915,242.0
2995,2995,5,-73.407,325.275,236.0
2996,2996,5,-81.334,295.305,234.0
2997,2997,5,-85.988,333.125,226.0
2998,2998,5,56.612,197.21,239.0
2999,2999,5,-85.062,306.605,289.0
3000,3000,6,-267.576,295.76,281.0
3001,3001,6,-243.906,276.292,274.0
3002,3002,6,-269.513,281.861,
3003,3003,6,-114.351,267.117,325.0
3004,3004,6,-256.536,277.456,275.0
3005,3005,6,-118.597,273.767,345.0
3006,3006,6,-288.969,276.328,299.0
3007,3007,6,-127.789,252.77,231.0
3008,3008,6,-247.288,288.36,306.0
3009,3009,6,-116.868,255.378,329.0
3010,3010,6,-134.428,251.929,306.0
3011,3011,6,-251.101,249.814,326.0
3012,3012,6,-91.967,241.024,291.0
3013,3013,6,-92.949,273.781,380.0
3014,3014,6,-273.59,279.088,328.0
3015,3015,6,-128.097,270.131,279.0
3016,3016,6,-268.913,259.406,299.0
3017,3017,6,-233.215,246.199,287.0
3018,3018,6,-105.995,250.0,281.0
3019,3019,6,-274.185,267.099,296.0
3020,3020,6,-125.577,258.718,342.0
3021,3021,6,-258.337,268.376,302.0
3022,3022,6,-102.911,235.301,349.0
3023,3023,6,-99.106,256.25,278.0
3024,3024,6,-94.81,261.014,343.0
3025,3025,6,-88.904,246.605,380.0
3026,3026,6,-92.533,233.334,282.0
3027,3027,6,-259.768,251.824,
3028,3028,6,-265.291,266.254,313.0
3029,3029,6,-98.098,266.58,297.0
3030,3030,6,-267.228,245.042,306.0
3031,3031,6,-124.055,232.341,257.0
3032,3032,6,-276.133,238.737,317.0
3033,3033,6,-282.969,285.329,304.0
3034,3034,6,-288.317,273.36,308.0
3035,3035,6,-100.469,271.574,382.0
3036,3036,6,-121.168,268.124,342.0
3037,3037,6,-265.024,287.826,483.0
3038,3038,6,-259.433,243.014,290.0
3039,3039,6,-263.813,271.783,386.0
3040,3040,6,-91.626,255.47,366.0
3041,3041,6,-116.377,236.589,336.0
3042,3042,6,-134.503,262.379,317.0
3043,3043,6,-104.052,260.21,332.0
3044,3044,6,-245.077,268.125,294.0
3045,3045,6,-111.757,248.919,295.0
3046,3046,6,-281.054,267.349,336.0
3047,3047,6,-250.064,260.961,331.0
3048,3048,6,-239.773,261.649,345.0
3049,3049,6,-125.704,237.986,285.0
3050,3050,6,-166.64,353.683,224.0
3051,3051,6,-177.473,335.438,192.0
3052,3052,6,-133.467,320.665,227.0
3053,3053,6,-130.412,330.831,195.0
3054,3054,6,-134.103,385.376,370.0
3055,3055,6,-144.435,325.52,186.0
3056,3056,6,-184.342,331.238,208.0
3057,3057,6,-124.368,346.393,204.0
3058,3058,6,-143.632,368.246,209.0
3059,3059,6,-177.097,330.858,203.0
3060,3060,6,-124.084,356.779,5.0
3061,3061,6,-152.33,359.453,2.0
3062,3062,6,-149.228,316.171,242.0
3063,3063,6,-135.12,365.182,210.0
3064,3064,6,-157.835,333.572,385.0
3065,3065,6,-170.635,340.207,280.0
3066,3066,6,-131.935,354.93,5.0
3067,3067,6,-155.807,340.274,204.0
3068,3068,6,-139.188,340.812,253.0
3069,3069,6,-159.696,353.397,215.0
3070,3070,6,-150.76,332.028,186.0
3071,3071,6,-123.81,370.617,201.0
3072,3072,6,-136.7,342.983,186.0
3073,3073,6,-130.315,335.728,183.0
3074,3074,6,-162.441,375.646,235.0
3075,3075,6,-131.705,314.408,170.0
3076,3076,6,-175.169,356.361,266.0
3077,3077,6,-115.016,332.423,5.0
3078,3078,6,0.0,0.0,
3079,3079,6,-176.351,343.908,190.0
3080,3080,6,-167.992,344.957,167.0
3081,3081,6,-134.394,376.785,235.0
3082,3082,6,-125.319,335.779,11.0
3083,3083,6,-192.221,345.708,230.0
3084,3084,6,-173.007,317.358,274.0
3085,3085,6,-124.013,360.326,1.0
3086,3086,6,-142.312,361.502,190.0
3087,3087,6,-186.101,361.652,207.0
3088,3088,6,-166.288,316.215,236.0
3089,3089,6,-152.045,369.843,216.0
3090,3090,6,-142.52,379.31,242.0
3091,3091,6,-153.459,323.565,198.0
3092,3092,6,-169.496,363.062,362.0
3093,3093,6,-163.664,326.879,228.0
3094,3094,6,-117.107,342.108,
3095,3095,6,-121.423,325.432,204.0
3096,3096,6,-180.432,351.334,215.0
3097,3097,6,-143.601,351.782,220.0
3098,3098,6,-185.951,316.453,184.0
3099,3099,6,-163.947,366.432,234.0
3100,3100,6,-222.921,175.647,227.0
3101,3101,6,-166.128,182.345,237.0
3102,3102,6,-141.105,179.173,274.0
3103,3103,6,-150.554,187.983,259.0
3104,3104,6,-115.542,186.948,227.0
3105,3105,6,-196.73,199.9,416.0
3106,3106,6,-160.636,193.263,354.0
3107,3107,6,-203.838,168.016,234.0
3108,3108,6,-148.531,207.62,220.0
3109,3109,6,-141.49,196.817,243.0
3110,3110,6,-195.537,175.644,233.0
3111,3111,6,-123.398,186.361,230.0
3112,3112,6,-210.714,199.403,214.0
3113,3113,6,-211.229,188.033,222.0
3114,3114,6,-169.407,169.434,256.0
3115,3115,6,-136.24,212.018,251.0
3116,3116,6,-211.215,173.846,255.0
3117,3117,6,-151.607,195.581,240.0
3118,3118,6,-175.434,170.011,240.0
3119,3119,6,-234.109,187.418,206.0
3120,3120,6,-175.433,193.577,264.0
3121,3121,6,-220.488,178.788,272.0
3122,3122,6,-183.043,177.276,284.0
3123,3123,6,-189.798,181.918,32.0
3124,3124,6,-160.429,199.848,452.0
3125,3125,6,-144.516,194.317,376.0
3126,3126,6,-197.05,180.961,197.0
3127,3127,6,-130.072,216.19,204.0
3128,3128,6,-152.134,170.53,212.0
3129,3129,6,-177.107,211.384,188.0
3130,3130,6,-181.026,197.84,230.0
3131,3131,6,-156.63,185.42,263.0
3132,3132,6,-154.707,178.731,209.0
3133,3133,6,-191.761,191.82,193.0
3134,3134,6,-133.772,193.803,229.0
3135,3135,6,-128.058,203.26,228.0
3136,3136,6,-207.804,176.092,255.0
3137,3137,6,-161.519,212.034,
3138,3138,6,-170.861,192.675,279.0
3139,3139,6,-228.309,193.462,231.0
3140,3140,6,-200.488,192.981,275.0
3141,3141,6,-131.781,178.673,19.0
3142,3142,6,-180.721,180.478,203.0
3143,3143,6,-146.557,199.998,246.0
3144,3144,6,-168.519,204.224,
3145,3145,6,-184.739,192.65,204.0
3146,3146,6,-215.786,190.207,228.0
3147,3147,6,-141.066,216.692,252.0
3148,3148,6,-222.502,170.905,1.0
3149,3149,6,-123.191,198.092,198.0
3150,3150,6,-239.016,296.487,196.0
3151,3151,6,-200.274,262.464,186.0
3152,3152,6,-219.226,265.947,216.0
3153,3153,6,-184.657,281.597,176.0
3154,3154,6,-217.551,254.911,253.0
3155,3155,6,-209.207,255.635,219.0
3156,3156,6,-171.66,270.973,234.0
3157,3157,6,-151.422,275.504,189.0
3158,3158,6,-193.963,259.754,201.0
3159,3159,6,-198.036,289.168,193.0
3160,3160,6,-174.453,306.149,230.0
3161,3161,6,-187.767,264.009,
3162,3162,6,-214.981,290.175,194.0
3163,3163,6,-233.355,272.853,193.0
3164,3164,6,-256.902,301.962,189.0
3165,3165,6,-193.036,301.526,198.0
3166,3166,6,-218.23,274.466,203.0
3167,3167,6,-185.312,293.568,207.0
3168,3168,6,-166.121,298.076,185.0
3169,3169,6,-228.364,292.564,185.0
3170,3170,6,-163.753,290.845,205.0
3171,3171,6,-221.576,280.422,24.0
3172,3172,6,-209.134,260.617,238.0
3173,3173,6,-184.668,300.852,168.0
3174,3174,6,-197.965,304.13,211.0
3175,3175,6,-159.409,264.08,218.0
3176,3176,6,-236.042,262.186,236.0
3177,3177,6,-204.308,286.092,
3178,3178,6,-194.585,277.673,191.0
3179,3179,6,-156.604,284.917,
3180,3180,6,-224.138,269.302,182.0
3181,3181,6,-195.332,281.263,174.0
3182,3182,6,-173.664,288.365,223.0
3183,3183,6,-171.853,282.01,210.0
3184,3184,6,-210.221,300.379,201.0
3185,3185,6,-165.962,308.488,197.0
3186,3186,6,-158.297,291.814,216.0
3187,3187,6,-236.019,289.062,201.0
3188,3188,6,-208.643,274.321,216.0
3189,3189,6,-218.1,303.77,186.0
3190,3190,6,-226.826,299.543,206.0
3191,3191,6,-225.986,255.553,181.0
3192,3192,6,-183.775,269.581,238.0
3193,3193,6,-239.863,286.057,203.0
3194,3194,6,-231.965,282.817,
3195,3195,6,-164.041,278.139,215.0
3196,3196,6,-197.01,267.275,191.0
3197,3197,6,-201.168,276.075,
3198,3198,6,-213.217,282.227,205.0
3199,3199,6,-181.621,314.074,206.0
3200,3200,6,-126.595,143.555,247.0
3201,3201,6,-101.527,153.988,217.0
3202,3202,6,-118.253,128.92,186.0
3203,3203,6,-125.197,158.212,
3204,3204,6,-100.737,165.424,180.0
3205,3205,6,-83.115,178.225,177.0
3206,3206,6,-121.381,175.792,
3207,3207,6,-90.713,169.449,
3208,3208,6,-107.117,140.57,167.0
3209,3209,6,-94.124,179.959,19.0
3210,3210,6,-67.242,171.285,195.0
3211,3211,6,-66.324,139.035,182.0
3212,3212,6,-88.626,149.284,221.0
3213,3213,6,-110.331,167.382,190.0
3214,3214,6,-112.656,156.696,218.0
3215,3215,6,-128.888,172.423,199.0
3216,3216,6,-66.992,155.122,
3217,3217,6,-106.8,131.4,235.0
3218,3218,6,-101.18,148.814,233.0
3219,3219,6,-116.97,163.508,256.0
3220,3220,6,-77.33,157.314,
3221,3221,6,-72.806,177.514,207.0
3222,3222,6,-131.108,147.175,202.0
3223,3223,6,-74.982,170.403,209.0
3224,3224,6,-65.865,149.836,184.0
3225,3225,6,-89.75,160.151,232.0
3226,3226,6,-63.08,185.895,244.0
3227,3227,6,-93.247,137.611,227.0
3228,3228,6,-100.984,183.567,254.0
3229,3229,6,-60.816,160.037,246.0
3230,3230,6,-122.148,132.349,207.0
3231,3231,6,-54.493,155.52,235.0
3232,3232,6,-143.29,158.836,270.0
3233,3233,6,-77.035,186.417,232.0
3234,3234,6,-117.072,137.658,317.0
3235,3235,6,-50.14,139.186,365.0
3236,3236,6,-99.901,169.779,355.0
3237,3237,6,-137.035,162.245,326.0
3238,3238,6,-142.296,147.793,293.0
3239,3239,6,-84.458,190.632,295.0
3240,3240,6,-141.011,169.087,277.0
3241,3241,6,-68.946,148.75,277.0
3242,3242,6,-91.278,141.788,
3243,3243,6,-60.86,134.67,235.0
3244,3244,6,-81.316,140.5,15.0
3245,3245,6,-118.407,147.247,244.0
3246,3246,6,-65.225,174.79,284.0
3247,3247,6,-111.721,146.078,
3248,3248,6,-111.982,171.988,231.0
3249,3249,6,-80.044,150.38,265.0
3250,3250,6,-143.275,253.366,385.0
3251,3251,6,-209.854,236.185,288.0
3252,3252,6,-200.647,217.749,385.0
3253,3253,6,-132.728,235.657,422.0
3254,3254,6,-187.286,252.039,196.0
3255,3255,6,-139.339,233.914,207.0
3256,3256,6,-166.074,258.905,215.0
3257,3257,6,-199.824,207.508,218.0
3258,3258,6,-192.227,233.722,219.0
3259,3259,6,-178.161,227.54,279.0
3260,3260,6,-176.178,254.2,195.0
3261,3261,6,-232.912,227.343,
3262,3262,6,-182.203,219.445,227.0
3263,3263,6,-182.326,209.708,210.0
3264,3264,6,-153.651,219.936,233.0
3265,3265,6,-194.289,240.957,256.0
3266,3266,6,-216.221,211.613,258.0
3267,3267,6,-174.064,239.266,385.0
3268,3268,6,-182.694,249.279,249.0
3269,3269,6,-189.713,238.202,222.0
3270,3270,6,-203.704,204.921,187.0
3271,3271,6,-133.534,242.895,
3272,3272,6,-150.424,267.423,234.0
3273,3273,6,-217.844,240.801,263.0
3274,3274,6,-157.642,229.793,2.0
3275,3275,6,-146.086,248.239,226.0
3276,3276,6,-236.069,237.194,
3277,3277,6,-227.182,232.204,192.0
3278,3278,6,-182.042,225.359,240.0
3279,3279,6,-141.661,224.477,254.0
3280,3280,6,-167.849,213.641,
3281,3281,6,-149.109,239.792,
3282,3282,6,-201.74,248.445,
3283,3283,6,-202.005,230.219,259.0
3284,3284,6,-209.367,208.513,414.0
3285,3285,6,-211.437,227.861,331.0
3286,3286,6,-208.664,240.492,
3287,3287,6,-224.892,243.638,207.0
3288,3288,6,-186.758,218.379,256.0
3289,3289,6,-216.977,224.324,224.0
3290,3290,6,-144.539,227.791,233.0
3291,3291,6,-152.712,256.928,200.0
3292,3292,6,-164.638,252.856,264.0
3293,3293,6,-187.392,249.069,227.0
3294,3294,6,-169.967,235.862,206.0
3295,3295,6,-164.218,223.666,236.0
3296,3296,6,-151.492,247.944,285.0
3297,3297,6,-219.504,215.116,
3298,3298,6,-172.731,242.28,204.0
3299,3299,6,-160.904,239.687,
3300,3300,6,-197.066,151.411,295.0
3301,3301,6,-152.64,154.771,
3302,3302,6,-48.086,115.424,169.0
3303,3303,6,-72.211,128.291,202.0
3304,3304,6,-135.964,132.58,
3305,3305,6,-154.623,134.159,202.0
3306,3306,6,-72.412,101.425,207.0
3307,3307,6,-181.932,152.948,415.0
3308,3308,6,-161.215,143.292,271.0
3309,3309,6,-181.086,163.76,208.0
3310,3310,6,-176.812,141.415,
3311,3311,6,-47.44,123.884,22.0
3312,3312,6,-75.709,113.996,180.0
3313,3313,6,-133.779,140.466,193.0
3314,3314,6,-46.616,136.391,269.0
3315,3315,6,-39.902,89.097,176.0
3316,3316,6,-78.729,125.243,166.0
3317,3317,6,-76.686,129.944,180.0
3318,3318,6,-44.989,94.918,148.0
3319,3319,6,-66.062,88.836,165.0
3320,3320,6,-190.308,167.188,239.0
3321,3321,6,-53.58,95.179,155.0
3322,3322,6,-166.734,139.281,30.0
3323,3323,6,-70.835,118.49,195.0
3324,3324,6,-38.238,98.197,216.0
3325,3325,6,-72.184,105.771,210.0
3326,3326,6,-75.196,92.347,
3327,3327,6,-61.185,107.788,
3328,3328,6,-152.464,143.672,203.0
3329,3329,6,-61.464,119.465,232.0
3330,3330,6,-55.002,113.698,190.0
3331,3331,6,-63.807,105.198,211.0
3332,3332,6,-59.86,85.001,199.0
3333,3333,6,-56.392,121.599,179.0
3334,3334,6,-175.601,157.092,266.0
3335,3335,6,-164.605,150.439,219.0
3336,3336,6,-143.169,138.712,178.0
3337,3337,6,-52.761,89.919,205.0
3338,3338,6,-167.294,127.863,194.0
3339,3339,6,-151.185,122.166,184.0
3340,3340,6,-176.529,131.931,232.0
3341,3341,6,-150.389,133.504,202.0
3342,3342,6,-133.94,127.163,222.0
3343,3343,6,-190.233,153.473,
3344,3344,6,-36.478,105.751,203.0
3345,3345,6,-157.476,165.24,250.0
3346,3346,6,-143.585,128.638,231.0
3347,3347,6,-52.031,101.828,191.0
3348,3348,6,-159.397,154.499,237.0
3349,3349,6,-185.276,148.519,495.0
3350,3350,6,-236.765,188.614,201.0
3351,3351,6,-81.85,216.319,263.0
3352,3352,6,-127.901,227.604,230.0
3353,3353,6,-236.613,209.521,
3354,3354,6,-253.38,216.978,235.0
3355,3355,6,-112.496,217.97,253.0
3356,3356,6,-248.485,224.629,112.0
3357,3357,6,-111.977,225.711,229.0
3358,3358,6,-114.793,190.442,246.0
3359,3359,6,-96.71,191.652,222.0
3360,3360,6,-264.289,207.018,28.0
3361,3361,6,-97.118,222.824,255.0
3362,3362,6,-115.855,202.029,233.0
3363,3363,6,-229.038,211.064,187.0
3364,3364,6,-226.62,217.458,216.0
3365,3365,6,-108.885,198.105,275.0
3366,3366,6,-82.671,232.289,
3367,3367,6,-75.499,194.859,210.0
3368,3368,6,-235.836,219.316,260.0
3369,3369,6,-256.4,202.018,210.0
3370,3370,6,-254.773,199.438,212.0
3371,3371,6,-99.111,195.929,238.0
3372,3372,6,-221.205,204.324,206.0
3373,3373,6,-102.651,194.396,209.0
3374,3374,6,-241.344,228.478,205.0
3375,3375,6,-241.216,213.037,179.0
3376,3376,6,-93.241,202.92,210.0
3377,3377,6,-230.825,198.479,241.0
3378,3378,6,-84.17,205.968,268.0
3379,3379,6,-250.825,235.239,211.0
3380,3380,6,-241.241,206.183,236.0
3381,3381,6,-263.242,224.601,233.0
3382,3382,6,-274.472,210.25,
3383,3383,6,-246.301,239.449,
3384,3384,6,-124.367,213.722,227.0
3385,3385,6,-76.511,203.746,246.0
3386,3386,6,-70.573,210.994,256.0
3387,3387,6,-250.694,197.84,216.0
3388,3388,6,-280.284,234.034,269.0
3389,3389,6,-268.201,222.502,249.0
3390,3390,6,-92.397,198.531,205.0
3391,3391,6,-65.914,196.092,235.0
3392,3392,6,-107.124,214.489,221.0
3393,3393,6,-76.134,226.783,236.0
3394,3394,6,-264.301,234.989,213.0
3395,3395,6,-108.144,220.914,264.0
3396,3396,6,-271.67,217.04,325.0
3397,3397,6,-99.165,208.997,293.0
3398,3398,6,0.0,0.0,
3399,3399,6,-263.764,220.335,252.0
3400,3400,6,-128.355,106.498,202.0
3401,3401,6,-45.514,72.412,168.0
3402,3402,6,-129.516,112.729,
3403,3403,6,-131.873,106.797,216.0
3404,3404,6,-32.073,73.541,200.0
3405,3405,6,-134.081,118.385,197.0
3406,3406,6,-12.732,32.424,186.0
3407,3407,6,-89.269,125.583,197.0
3408,3408,6,-96.102,118.141,225.0
3409,3409,6,-52.9,53.804,213.0
3410,3410,6,-41.632,55.885,179.0
3411,3411,6,-103.411,84.419,246.0
3412,3412,6,-93.108,83.51,205.0
3413,3413,6,-95.753,74.96,233.0
3414,3414,6,-107.871,114.456,200.0
3415,3415,6,-23.567,61.173,227.0
3416,3416,6,-15.648,26.65,238.0
3417,3417,6,-89.226,76.679,
3418,3418,6,-106.449,92.011,238.0
3419,3419,6,-36.076,52.326,236.0
3420,3420,6,-20.794,48.575,268.0
3421,3421,6,-99.846,107.032,229.0
3422,3422,6,-35.725,38.06,227.0
3423,3423,6,-74.911,68.488,238.0
3424,3424,6,-83.147,100.531,251.0
3425,3425,6,-77.553,70.136,265.0
3426,3426,6,-31.74,48.808,285.0
3427,3427,6,-86.182,115.402,376.0
3428,3428,6,-116.709,118.75,323.0
3429,3429,6,-121.693,120.844,542.0
3430,3430,6,-120.071,103.286,370.0
3431,3431,6,-28.677,57.619,307.0
3432,3432,6,-58.599,63.856,276.0
3433,3433,6,-55.282,62.316,285.0
3434,3434,6,-70.909,87.174,372.0
3435,3435,6,-28.269,34.031,266.0
3436,3436,6,-45.11,76.464,283.0
3437,3437,6,-66.334,77.26,285.0
3438,3438,6,-58.501,67.703,283.0
3439,3439,6,-109.335,98.075,317.0
3440,3440,6,-78.257,85.092,263.0
3441,3441,6,-86.537,104.53,293.0
3442,3442,6,-50.251,77.956,274.0
3443,3443,6,-22.381,53.492,312.0
3444,3444,6,-34.309,63.239,300.0
3445,3445,6,-92.865,96.871,271.0
3446,3446,6,-62.382,57.706,298.0
3447,3447,6,-121.048,113.499,326.0
3448,3448,6,-31.808,84.155,666.0
3449,3449,6,-20.694,24.964,299.0
3450,3450,6,-203.624,310.434,318.0
3451,3451,6,-244.873,323.028,
3452,3452,6,-148.275,307.466,266.0
3453,3453,6,-133.328,283.853,334.0
3454,3454,6,-133.942,304.129,316.0
3455,3455,6,-142.648,288.278,310.0
3456,3456,6,-142.28,269.777,391.0
3457,3457,6,-230.609,326.63,352.0
3458,3458,6,-132.358,299.323,361.0
3459,3459,6,-157.413,316.112,323.0
3460,3460,6,-263.279,302.544,401.0
3461,3461,6,-95.341,279.27,391.0
3462,3462,6,-109.981,286.547,394.0
3463,3463,6,-111.475,298.762,303.0
3464,3464,6,-248.132,302.608,396.0
3465,3465,6,-109.506,304.117,300.0
3466,3466,6,-217.004,340.622,392.0
3467,3467,6,-227.641,306.244,431.0
3468,3468,6,-258.245,311.098,414.0
3469,3469,6,-238.834,314.621,351.0
3470,3470,6,-200.257,342.066,319.0
3471,3471,6,-192.046,309.186,318.0
3472,3472,6,-209.485,313.548,261.0
3473,3473,6,-142.046,316.036,263.0
3474,3474,6,-192.189,319.896,257.0
3475,3475,6,-202.634,329.658,251.0
3476,3476,6,-214.004,344.815,50.0
3477,3477,6,-103.784,291.982,414.0
3478,3478,6,-239.752,332.191,419.0
3479,3479,6,-129.763,307.318,378.0
3480,3480,6,-240.485,302.595,392.0
3481,3481,6,-141.624,300.014,363.0
3482,3482,6,-104.508,306.972,300.0
3483,3483,6,-149.054,284.311,362.0
3484,3484,6,-117.288,294.548,307.0
3485,3485,6,-152.993,294.572,191.0
3486,3486,6,-233.59,322.683,
3487,3487,6,-205.827,324.833,
3488,3488,6,-250.254,319.926,329.0
3489,3489,6,-114.113,287.311,276.0
3490,3490,6,-129.113,288.099,
3491,3491,6,-210.897,333.776,293.0
3492,3492,6,-118.18,315.511,271.0
3493,3493,6,-111.322,321.936,332.0
3494,3494,6,-205.349,303.699,273.0
3495,3495,6,-125.996,281.4,276.0
3496,3496,6,-222.749,306.006,347.0
3497,3497,6,-109.633,311.043,321.0
3498,3498,6,-224.46,318.366,
3499,3499,6,-217.48,324.412,337.0
3500,3500,7,-189.147,7.631,286.0
3501,3501,7,-196.896,33.572,244.0
3502,3502,7,-246.408,21.036,259.0
3503,3503,7,-94.614,49.279,1.0
3504,3504,7,-188.212,18.779,248.0
3505,3505,7,-234.424,16.746,
3506,3506,7,-95.876,26.352,262.0
3507,3507,7,-111.822,70.252,238.0
3508,3508,7,-118.472,64.104,270.0
3509,3509,7,-220.775,2.614,277.0
3510,3510,7,-209.659,38.48,263.0
3511,3511,7,-104.116,65.921,247.0
3512,3512,7,-115.149,56.2,256.0
3513,3513,7,-197.633,25.656,254.0
3514,3514,7,-204.07,28.511,262.0
3515,3515,7,-130.692,53.168,
3516,3516,7,-122.155,38.718,
3517,3517,7,-138.271,55.629,222.0
3518,3518,7,-207.166,5.674,237.0
3519,3519,7,-235.452,6.328,
3520,3520,7,0.0,0.0,
3521,3521,7,-222.627,41.633,
3522,3522,7,-113.417,79.896,268.0
3523,3523,7,-199.916,11.229,229.0
3524,3524,7,-246.992,11.39,251.0
3525,3525,7,-225.259,22.027,253.0
3526,3526,7,-113.646,66.593,264.0
3527,3527,7,-82.615,46.984,258.0
3528,3528,7,-118.895,53.121,236.0
3529,3529,7,-254.546,6.82,247.0
3530,3530,7,-216.456,14.816,
3531,3531,7,-183.103,28.613,250.0
3532,3532,7,-86.551,56.516,251.0
3533,3533,7,-178.963,21.317,1.0
3534,3534,7,-219.049,34.38,247.0
3535,3535,7,-252.57,20.197,280.0
3536,3536,7,-227.216,16.178,239.0
3537,3537,7,-131.161,67.735,281.0
3538,3538,7,-202.854,23.774,272.0
3539,3539,7,-105.687,46.01,230.0
3540,3540,7,-96.889,55.801,258.0
3541,3541,7,-215.399,21.786,284.0
3542,3542,7,-112.465,44.848,267.0
3543,3543,7,-139.362,50.065,259.0
3544,3544,7,-125.99,57.502,249.0
3545,3545,7,-126.246,45.396,222.0
3546,3546,7,-94.322,65.719,481.0
3547,3547,7,-94.724,43.101,223.0
3548,3548,7,-114.813,30.373,
3549,3549,7,-230.713,26.795,267.0
3550,3550,7,-334.737,23.028,225.0
3551,3551,7,-342.466,30.882,
3552,3552,7,-226.004,119.356,262.0
3553,3553,7,-205.587,118.578,
3554,3554,7,-214.937,123.306,280.0
3555,3555,7,-350.184,32.321,237.0
3556,3556,7,-196.864,121.603,267.0
3557,3557,7,-209.077,115.889,254.0
3558,3558,7,-199.925,142.602,286.0
3559,3559,7,-314.227,29.371,262.0
3560,3560,7,-323.097,36.728,
3561,3561,7,-214.904,97.299,235.0
3562,3562,7,-307.419,39.121,239.0
3563,3563,7,-206.622,98.104,252.0
3564,3564,7,-340.684,14.706,253.0
3565,3565,7,-166.155,111.838,251.0
3566,3566,7,-213.514,100.068,249.0
3567,3567,7,-225.232,110.374,248.0
3568,3568,7,-312.976,12.759,241.0
3569,3569,7,-326.679,19.45,247.0
3570,3570,7,-342.986,36.444,251.0
3571,3571,7,-199.417,94.492,264.0
3572,3572,7,-188.436,116.164,244.0
3573,3573,7,-202.078,109.71,217.0
3574,3574,7,-323.165,28.425,287.0
3575,3575,7,-359.493,25.672,212.0
3576,3576,7,-196.372,100.905,259.0
3577,3577,7,-334.329,34.784,240.0
3578,3578,7,-339.429,8.829,211.0
3579,3579,7,-189.091,128.264,258.0
3580,3580,7,-351.738,15.546,214.0
3581,3581,7,-177.119,120.309,243.0
3582,3582,7,-326.223,5.541,
3583,3583,7,-354.77,27.879,225.0
3584,3584,7,-182.36,114.82,260.0
3585,3585,7,-192.396,95.93,279.0
3586,3586,7,-306.502,26.757,207.0
3587,3587,7,0.0,0.0,
3588,3588,7,-206.43,85.357,266.0
3589,3589,7,-195.572,129.63,233.0
3590,3590,7,-304.465,17.122,214.0
3591,3591,7,-297.29,34.076,246.0
3592,3592,7,-335.035,42.421,231.0
3593,3593,7,-183.13,109.094,241.0
3594,3594,7,-194.498,112.158,254.0
3595,3595,7,-238.811,107.037,235.0
3596,3596,7,-338.21,51.913,343.0
3597,3597,7,-313.948,47.521,208.0
3598,3598,7,-332.94,12.365,
3599,3599,7,-309.894,20.873,235.0
3600,3600,7,-301.223,155.867,272.0
3601,3601,7,-254.978,165.765,
3602,3602,7,-386.16,127.032,283.0
3603,3603,7,-367.495,136.062,
3604,3604,7,-275.11,169.88,280.0
3605,3605,7,-377.727,145.821,278.0
3606,3606,7,-265.357,175.169,192.0
3607,3607,7,-341.456,142.151,252.0
3608,3608,7,-343.48,146.848,239.0
3609,3609,7,-352.185,155.075,239.0
3610,3610,7,-289.241,168.167,370.0
3611,3611,7,-365.718,153.795,219.0
3612,3612,7,-377.332,102.922,213.0
3613,3613,7,-354.693,128.771,217.0
3614,3614,7,-253.397,179.651,223.0
3615,3615,7,-374.212,138.427,134.0
3616,3616,7,-271.624,188.49,38.0
3617,3617,7,-277.21,132.409,338.0
3618,3618,7,-387.477,89.492,339.0
3619,3619,7,-291.273,160.886,221.0
3620,3620,7,-280.126,178.966,182.0
3621,3621,7,-249.19,172.615,244.0
3622,3622,7,-378.078,121.428,
3623,3623,7,-278.489,156.493,198.0
3624,3624,7,-374.906,155.006,309.0
3625,3625,7,-265.727,150.881,207.0
3626,3626,7,-280.272,195.654,221.0
3627,3627,7,-348.356,120.739,346.0
3628,3628,7,-359.754,119.387,20.0
3629,3629,7,-370.657,104.895,
3630,3630,7,-272.275,162.459,217.0
3631,3631,7,-281.27,160.308,213.0
3632,3632,7,-384.098,119.871,354.0
3633,3633,7,-271.73,177.923,
3634,3634,7,0.0,0.0,
3635,3635,7,-313.156,165.936,206.0
3636,3636,7,-275.066,150.997,220.0
3637,3637,7,-366.467,146.356,
3638,3638,7,-356.947,139.168,178.0
3639,3639,7,-389.869,96.694,
3640,3640,7,-292.957,148.99,
3641,3641,7,-280.601,186.2,245.0
3642,3642,7,-282.969,143.702,207.0
3643,3643,7,-369.722,115.302,
3644,3644,7,-264.23,187.081,212.0
3645,3645,7,-346.456,135.322,229.0
3646,3646,7,-379.153,117.172,309.0
3647,3647,7,-267.559,165.689,199.0
3648,3648,7,-303.587,164.388,220.0
3649,3649,7,-368.809,124.31,94.0
3650,3650,7,-292.956,93.161,212.0
3651,3651,7,-267.833,85.009,81.0
3652,3652,7,-332.077,64.683,200.0
3653,3653,7,-306.467,68.957,187.0
3654,3654,7,-251.986,122.747,213.0
3655,3655,7,-318.359,50.768,212.0
3656,3656,7,-247.616,102.698,225.0
3657,3657,7,-249.315,105.244,220.0
3658,3658,7,-272.683,117.777,244.0
3659,3659,7,-316.767,57.56,234.0
3660,3660,7,-294.429,82.821,239.0
3661,3661,7,-298.694,49.192,193.0
3662,3662,7,-299.973,70.229,205.0
3663,3663,7,-244.947,118.11,208.0
3664,3664,7,-277.31,126.138,1.0
3665,3665,7,-309.912,65.805,230.0
3666,3666,7,-296.265,58.512,224.0
3667,3667,7,-326.106,53.677,208.0
3668,3668,7,-308.638,83.895,
3669,3669,7,-312.486,51.225,
3670,3670,7,-268.713,70.922,213.0
3671,3671,7,-319.643,67.767,
3672,3672,7,-256.458,97.896,216.0
3673,3673,7,-283.854,104.764,217.0
3674,3674,7,-283.694,63.941,
3675,3675,7,-288.829,101.117,
3676,3676,7,-284.005,96.981,209.0
3677,3677,7,-292.155,98.57,240.0
3678,3678,7,-286.576,115.227,212.0
3679,3679,7,-261.446,103.497,
3680,3680,7,-257.059,116.769,226.0
3681,3681,7,-300.637,76.286,
3682,3682,7,-294.82,90.715,176.0
3683,3683,7,-297.103,55.435,201.0
3684,3684,7,-283.923,53.601,218.0
3685,3685,7,-292.303,70.111,
3686,3686,7,-272.835,58.942,263.0
3687,3687,7,-280.304,88.498,280.0
3688,3688,7,-273.209,112.789,224.0
3689,3689,7,-272.679,90.43,315.0
3690,3690,7,-278.263,67.114,153.0
3691,3691,7,-298.97,39.496,212.0
3692,3692,7,-277.175,111.996,324.0
3693,3693,7,-271.965,105.785,206.0
3694,3694,7,-263.149,91.703,222.0
3695,3695,7,-286.834,72.549,220.0
3696,3696,7,-249.421,88.824,112.0
3697,3697,7,-284.975,42.162,209.0
3698,3698,7,-293.564,51.793,15.0
3699,3699,7,-275.123,78.428,33.0
3700,3700,7,-214.782,57.613,140.0
3701,3701,7,-185.823,38.147,114.0
3702,3702,7,-163.964,67.42,96.0
3703,3703,7,-145.463,74.993,208.0
3704,3704,7,-147.579,65.378,1.0
3705,3705,7,-142.715,95.721,202.0
3706,3706,7,-185.777,48.206,
3707,3707,7,-130.165,72.063,192.0
3708,3708,7,-190.585,42.548,231.0
3709,3709,7,-136.712,83.991,207.0
3710,3710,7,-179.189,41.702,209.0
3711,3711,7,-213.172,45.926,21.0
3712,3712,7,-196.508,69.976,181.0
3713,3713,7,-181.153,91.113,320.0
3714,3714,7,-172.876,83.821,
3715,3715,7,-203.861,64.595,224.0
3716,3716,7,-173.899,73.191,
3717,3717,7,-155.209,85.294,182.0
3718,3718,7,-155.748,105.265,202.0
3719,3719,7,-164.943,61.046,219.0
3720,3720,7,-181.569,79.994,240.0
3721,3721,7,-182.811,57.633,220.0
3722,3722,7,-173.819,34.848,215.0
3723,3723,7,-205.292,49.658,243.0
3724,3724,7,-153.915,48.663,260.0
3725,3725,7,-171.596,94.059,
3726,3726,7,-182.141,69.867,73.0
3727,3727,7,-204.43,39.759,
3728,3728,7,-155.53,40.417,207.0
3729,3729,7,-194.271,73.029,274.0
3730,3730,7,-174.975,62.987,
3731,3731,7,-158.016,98.14,235.0
3732,3732,7,-155.316,88.518,232.0
3733,3733,7,-138.636,90.476,202.0
3734,3734,7,-178.266,102.344,
3735,3735,7,-162.946,110.841,190.0
3736,3736,7,-196.473,62.187,223.0
3737,3737,7,-136.616,66.343,199.0
3738,3738,7,-164.138,77.527,
3739,3739,7,-196.724,58.806,261.0
3740,3740,7,-156.055,71.5,
3741,3741,7,-175.471,52.219,176.0
3742,3742,7,-154.857,56.982,255.0
3743,3743,7,-165.926,92.103,217.0
3744,3744,7,-142.266,82.63,216.0
3745,3745,7,-162.383,50.83,200.0
3746,3746,7,-168.772,35.921,
3747,3747,7,-127.862,81.131,211.0
3748,3748,7,-170.45,104.481,
3749,3749,7,-186.568,90.562,234.0
3750,3750,7,-332.126,210.796,
3751,3751,7,-319.003,213.82,125.0
3752,3752,7,-296.013,209.299,114.0
3753,3753,7,-345.176,180.997,128.0
3754,3754,7,-339.376,223.92,338.0
3755,3755,7,-315.25,214.794,263.0
3756,3756,7,-328.909,185.058,
3757,3757,7,-317.196,177.712,
3758,3758,7,-359.658,160.259,344.0
3759,3759,7,-349.353,192.234,261.0
3760,3760,7,-333.422,200.486,
3761,3761,7,-326.152,221.626,251.0
3762,3762,7,-288.306,189.812,223.0
3763,3763,7,-344.123,185.911,
3764,3764,7,-331.708,229.259,391.0
3765,3765,7,-285.025,178.967,221.0
3766,3766,7,-329.007,152.644,1.0
3767,3767,7,-338.605,180.655,225.0
3768,3768,7,-317.77,161.29,206.0
3769,3769,7,-315.237,198.411,
3770,3770,7,-318.193,191.921,235.0
3771,3771,7,-338.015,160.022,251.0
3772,3772,7,-339.403,204.269,112.0
3773,3773,7,-346.163,165.203,
3774,3774,7,-302.67,204.857,241.0
3775,3775,7,-307.68,220.013,253.0
3776,3776,7,-298.245,186.073,
3777,3777,7,-328.067,163.148,
3778,3778,7,-306.925,192.18,
3779,3779,7,-305.389,188.446,273.0
3780,3780,7,-285.58,197.072,212.0
3781,3781,7,-338.611,148.527,
3782,3782,7,-318.321,167.293,
3783,3783,7,-339.335,166.829,210.0
3784,3784,7,-325.969,194.532,
3785,3785,7,-319.33,224.045,267.0
3786,3786,7,-297.882,198.465,238.0
3787,3787,7,-351.64,157.438,270.0
3788,3788,7,0.0,0.0,
3789,3789,7,-343.07,196.338,
3790,3790,7,-323.361,205.547,
3791,3791,7,-309.811,176.069,320.0
3792,3792,7,-350.073,183.425,240.0
3793,3793,7,-361.814,176.446,296.0
3794,3794,7,-356.063,207.013,262.0
3795,3795,7,-306.487,209.332,250.0
3796,3796,7,-298.269,179.345,228.0
3797,3797,7,-363.487,172.43,280.0
3798,3798,7,-351.779,176.575,255.0
3799,3799,7,-331.099,190.023,361.0
3800,3800,7,-236.156,131.495,250.0
3801,3801,7,-359.14,40.718,
3802,3802,7,-353.559,51.865,168.0
3803,3803,7,-395.395,44.715,
3804,3804,7,-266.601,140.697,1.0
3805,3805,7,-253.044,134.647,43.0
3806,3806,7,-233.606,151.671,266.0
3807,3807,7,-264.658,127.874,253.0
3808,3808,7,-227.336,147.374,249.0
3809,3809,7,-367.904,64.237,287.0
3810,3810,7,-375.031,75.044,
3811,3811,7,-213.505,138.954,122.0
3812,3812,7,-344.443,69.061,124.0
3813,3813,7,-377.043,59.927,124.0
3814,3814,7,-230.075,124.41,256.0
3815,3815,7,-349.443,44.831,1.0
3816,3816,7,-347.941,52.23,430.0
3817,3817,7,-353.124,66.512,120.0
3818,3818,7,-228.501,157.701,
3819,3819,7,-231.284,113.99,28.0
3820,3820,7,-250.247,163.043,38.0
3821,3821,7,-257.451,143.033,127.0
3822,3822,7,-367.597,55.402,209.0
3823,3823,7,-364.552,51.121,243.0
3824,3824,7,-249.135,155.36,219.0
3825,3825,7,-396.695,70.063,205.0
3826,3826,7,-358.802,74.466,232.0
3827,3827,7,-391.896,75.797,
3828,3828,7,-388.399,49.638,233.0
3829,3829,7,-238.55,144.599,1.0
3830,3830,7,-222.299,130.909,
3831,3831,7,-215.595,151.284,277.0
3832,3832,7,-254.65,125.216,303.0
3833,3833,7,-394.334,54.939,
3834,3834,7,-241.737,122.302,242.0
3835,3835,7,-363.683,78.043,215.0
3836,3836,7,-339.635,61.752,218.0
3837,3837,7,-376.226,53.051,
3838,3838,7,-236.269,167.38,235.0
3839,3839,7,-360.413,30.397,
3840,3840,7,-382.452,79.929,
3841,3841,7,-208.458,142.792,244.0
3842,3842,7,-386.597,63.054,228.0
3843,3843,7,-386.978,73.435,258.0
3844,3844,7,-221.288,141.264,
3845,3845,7,-252.273,160.194,250.0
3846,3846,7,-249.897,130.087,238.0
3847,3847,7,-227.169,141.545,225.0
3848,3848,7,-369.186,83.811,229.0
3849,3849,7,-246.929,141.312,14.0
3850,3850,7,-279.74,16.303,
3851,3851,7,-266.325,21.289,202.0
3852,3852,7,-219.218,52.706,212.0
3853,3853,7,-245.489,84.074,244.0
3854,3854,7,-279.177,31.413,240.0
3855,3855,7,-262.05,14.18,263.0
3856,3856,7,-237.904,37.672,224.0
3857,3857,7,-253.997,41.675,254.0
3858,3858,7,-216.722,77.792,266.0
3859,3859,7,-260.588,24.743,
3860,3860,7,-257.74,71.927,109.0
3861,3861,7,-222.469,67.81,221.0
3862,3862,7,-261.914,54.645,223.0
3863,3863,7,-252.126,52.916,231.0
3864,3864,7,-238.174,96.49,205.0
3865,3865,7,-257.349,55.801,
3866,3866,7,-224.458,88.726,212.0
3867,3867,7,-258.436,80.223,130.0
3868,3868,7,-302.344,6.287,233.0
3869,3869,7,-246.669,63.82,216.0
3870,3870,7,-277.718,37.068,
3871,3871,7,-243.551,53.236,261.0
3872,3872,7,-238.297,64.341,1.0
3873,3873,7,-231.423,72.356,197.0
3874,3874,7,-265.765,61.967,
3875,3875,7,-268.2,41.698,234.0
3876,3876,7,-224.728,56.51,285.0
3877,3877,7,-272.903,12.401,217.0
3878,3878,7,-214.467,68.601,268.0
3879,3879,7,-234.067,76.921,244.0
3880,3880,7,-230.342,38.174,240.0
3881,3881,7,-259.321,51.372,352.0
3882,3882,7,-228.939,76.601,238.0
3883,3883,7,-292.546,10.27,247.0
3884,3884,7,-269.299,30.96,
3885,3885,7,-258.128,33.531,216.0
3886,3886,7,-201.303,83.204,282.0
3887,3887,7,-296.607,17.193,
3888,3888,7,-275.773,7.274,250.0
3889,3889,7,-206.549,74.442,283.0
3890,3890,7,-230.988,47.777,
3891,3891,7,-251.452,34.097,255.0
3892,3892,7,-284.283,25.633,299.0
3893,3893,7,-220.717,80.287,335.0
3894,3894,7,-232.557,86.216,272.0
3895,3895,7,-281.92,33.743,291.0
3896,3896,7,-239.241,42.204,246.0
3897,3897,7,-245.557,93.181,276.0
3898,3898,7,-247.18,76.374,219.0
3899,3899,7,-271.414,50.33,293.0
3900,3900,7,-342.951,107.043,
3901,3901,7,-318.028,88.856,
3902,3902,7,-301.056,144.604,235.0
3903,3903,7,-359.98,103.975,270.0
3904,3904,7,-287.661,134.44,252.0
3905,3905,7,-356.605,91.699,261.0
3906,3906,7,-317.58,119.11,265.0
3907,3907,7,-329.021,125.303,253.0
3908,3908,7,-305.771,89.964,242.0
3909,3909,7,-326.674,75.817,276.0
3910,3910,7,-316.199,104.94,252.0
3911,3911,7,-291.791,140.96,289.0
3912,3912,7,-324.881,105.136,
3913,3913,7,-340.777,127.783,
3914,3914,7,-327.414,172.951,
3915,3915,7,-335.008,91.953,
3916,3916,7,-349.236,84.666,255.0
3917,3917,7,-344.041,96.711,
3918,3918,7,-312.71,136.037,252.0
3919,3919,7,-293.069,126.655,329.0
3920,3920,7,-320.155,127.351,288.0
3921,3921,7,-331.052,131.93,
3922,3922,7,-314.134,79.356,382.0
3923,3923,7,-340.143,122.469,324.0
3924,3924,7,-343.337,87.582,290.0
3925,3925,7,-304.81,123.789,
3926,3926,7,-367.616,99.064,232.0
3927,3927,7,-349.465,113.875,295.0
3928,3928,7,-303.106,100.871,247.0
3929,3929,7,-334.378,74.671,286.0
3930,3930,7,-361.133,91.074,255.0
3931,3931,7,-361.13,109.146,
3932,3932,7,-320.738,146.639,
3933,3933,7,-326.496,87.708,300.0
3934,3934,7,-333.935,111.446,
3935,3935,7,-303.587,110.529,369.0
3936,3936,7,-314.527,108.089,273.0
3937,3937,7,-286.897,121.956,
3938,3938,7,-322.083,133.816,461.0
3939,3939,7,-310.063,152.181,249.0
3940,3940,7,-319.589,113.889,251.0
3941,3941,7,-331.325,141.538,263.0
3942,3942,7,-292.091,118.496,475.0
3943,3943,7,-349.185,107.279,280.0
3944,3944,7,-307.76,138.912,271.0
3945,3945,7,-328.807,93.36,480.0
3946,3946,7,-315.905,140.92,340.0
3947,3947,7,-340.671,83.701,266.0
3948,3948,7,-381.425,90.329,
3949,3949,7,-331.462,99.641,337.0
3950,3950,7,-152.042,23.712,
3951,3951,7,-147.626,19.156,292.0
3952,3952,7,-180.564,10.988,
3953,3953,7,-174.612,5.803,316.0
3954,3954,7,-38.195,20.984,378.0
3955,3955,7,-122.82,18.091,317.0
3956,3956,7,-76.16,39.883,359.0
3957,3957,7,-83.335,17.855,353.0
3958,3958,7,-121.313,6.67,317.0
3959,3959,7,-61.216,17.751,357.0
3960,3960,7,-99.357,18.261,289.0
3961,3961,7,-138.143,44.317,229.0
3962,3962,7,-135.075,11.463,
3963,3963,7,-42.876,21.251,317.0
3964,3964,7,-70.738,20.779,11.0
3965,3965,7,-88.937,28.051,308.0
3966,3966,7,-130.628,39.089,332.0
3967,3967,7,-48.328,15.854,260.0
3968,3968,7,-171.05,19.989,332.0
3969,3969,7,-143.581,8.472,322.0
3970,3970,7,-28.576,9.999,283.0
3971,3971,7,-33.595,11.48,304.0
3972,3972,7,-56.801,5.337,284.0
3973,3973,7,-142.236,27.927,
3974,3974,7,-74.362,44.45,537.0
3975,3975,7,-53.487,27.331,276.0
3976,3976,7,-129.047,19.713,294.0
3977,3977,7,-83.174,37.5,322.0
3978,3978,7,-69.903,44.437,344.0
3979,3979,7,-159.501,31.78,281.0
3980,3980,7,-118.044,7.603,280.0
3981,3981,7,-105.922,16.067,331.0
3982,3982,7,-161.587,18.561,288.0
3983,3983,7,-120.204,19.575,329.0
3984,3984,7,-156.807,14.402,284.0
3985,3985,7,-163.061,7.817,289.0
3986,3986,7,-98.972,7.809,5.0
3987,3987,7,0.0,0.0,
3988,3988,7,-69.01,31.339,313.0
3989,3989,7,-81.495,10.969,304.0
3990,3990,7,-61.236,24.984,
3991,3991,7,-93.093,11.448,340.0
3992,3992,7,-150.846,34.123,
3993,3993,7,-71.571,16.015,303.0
3994,3994,7,-104.339,29.945,354.0
3995,3995,7,-126.472,26.169,307.0
3996,3996,7,-148.968,43.383,328.0
3997,3997,7,-173.09,27.423,335.0
3998,3998,7,-50.395,24.306,315.0
3999,3999,7,-79.04,26.796,
4000,4000,8,-271.638,-89.642,488.0
4001,4001,8,-256.8,-103.352,288.0
4002,4002,8,-290.53,-63.169,336.0
4003,4003,8,-297.199,-71.9,332.0
4004,4004,8,-281.337,-93.076,311.0
4005,4005,8,-266.197,-84.638,328.0
4006,4006,8,-293.814,-140.593,
4007,4007,8,-298.494,-114.974,16.0
4008,4008,8,-282.549,-121.925,329.0
4009,4009,8,-293.269,-105.927,4.0
4010,4010,8,-277.877,-121.882,334.0
4011,4011,8,-259.545,-127.141,356.0
4012,4012,8,-298.35,-89.522,262.0
4013,4013,8,-285.824,-131.802,358.0
4014,4014,8,-267.237,-60.897,
4015,4015,8,-282.787,-69.902,
4016,4016,8,-261.323,-112.967,397.0
4017,4017,8,-261.938,-72.943,308.0
4018,4018,8,-277.659,-78.777,
4019,4019,8,-259.099,-95.895,432.0
4020,4020,8,-269.678,-107.258,286.0
4021,4021,8,-282.494,-101.671,289.0
4022,4022,8,-279.873,-55.899,365.0
4023,4023,8,-273.146,-73.282,230.0
4024,4024,8,-294.865,-87.735,304.0
4025,4025,8,-271.891,-48.586,102.0
4026,4026,8,-269.624,-112.234,288.0
4027,4027,8,-277.507,-114.991,
4028,4028,8,-293.601,-122.657,
4029,4029,8,-287.676,-79.692,273.0
4030,4030,8,-282.929,-138.374,280.0
4031,4031,8,-303.842,-141.976,
4032,4032,8,-299.368,-136.915,284.0
4033,4033,8,-262.025,-56.353,303.0
4034,4034,8,-261.963,-51.876,
4035,4035,8,-291.024,-148.397,288.0
4036,4036,8,-301.736,-81.461,304.0
4037,4037,8,-264.757,-94.852,299.0
4038,4038,8,-296.902,-144.723,441.0
4039,4039,8,-288.024,-116.089,287.0
4040,4040,8,-269.84,-132.248,292.0
4041,4041,8,-267.451,-120.52,287.0
4042,4042,8,-299.065,-62.493,266.0
4043,4043,8,-268.268,-80.622,378.0
4044,4044,8,-273.65,-143.466,275.0
4045,4045,8,-280.638,-135.05,354.0
4046,4046,8,-287.028,-90.213,271.0
4047,4047,8,-254.892,-78.951,278.0
4048,4048,8,-286.148,-86.307,278.0
4049,4049,8,-266.664,-142.987,257.0
4050,4050,8,-322.722,-13.473,211.0
4051,4051,8,-376.058,-152.857,289.0
4052,4052,8,-324.093,-29.476,240.0
4053,4053,8,-370.949,-129.899,278.0
4054,4054,8,-303.893,-11.827,303.0
4055,4055,8,-369.842,-117.942,276.0
4056,4056,8,-386.298,-91.917,271.0
4057,4057,8,-361.2,-118.853,321.0
4058,4058,8,-380.876,-106.335,292.0
4059,4059,8,-365.848,-97.563,351.0
4060,4060,8,-334.462,-5.636,380.0
4061,4061,8,-387.421,-121.5,
4062,4062,8,-328.577,-43.875,248.0
4063,4063,8,-295.086,-3.901,348.0
4064,4064,8,-377.68,-141.973,
4065,4065,8,-386.255,-135.891,401.0
4066,4066,8,-314.413,-50.062,
4067,4067,8,-387.945,-105.891,31.0
4068,4068,8,-366.596,-128.954,230.0
4069,4069,8,-340.205,-50.286,431.0
4070,4070,8,-368.145,-92.486,221.0
4071,4071,8,-320.065,-24.918,113.0
4072,4072,8,-335.638,-13.772,
4073,4073,8,-314.156,-33.694,
4074,4074,8,-372.539,-113.576,
4075,4075,8,-316.153,-37.33,252.0
4076,4076,8,-304.029,-45.783,226.0
4077,4077,8,-346.84,-50.983,189.0
4078,4078,8,-312.034,-7.864,233.0
4079,4079,8,-315.314,-16.134,
4080,4080,8,-311.158,-38.441,274.0
4081,4081,8,-380.219,-117.722,270.0
4082,4082,8,-366.619,-82.0,252.0
4083,4083,8,-364.826,-104.244,249.0
4084,4084,8,-399.018,-95.117,350.0
4085,4085,8,-314.367,-24.445,265.0
4086,4086,8,-320.82,-8.347,242.0
4087,4087,8,-376.505,-88.718,299.0
4088,4088,8,-367.896,-143.341,300.0
4089,4089,8,-338.575,-8.199,597.0
4090,4090,8,-334.419,-37.049,294.0
4091,4091,8,-387.937,-87.789,
4092,4092,8,-372.37,-155.492,248.0
4093,4093,8,-357.797,-82.835,278.0
4094,4094,8,-342.326,-41.239,20.0
4095,4095,8,-327.174,-21.356,191.0
4096,4096,8,-302.231,-30.196,267.0
4097,4097,8,-324.706,-51.781,1.0
4098,4098,8,-354.874,-100.303,257.0
4099,4099,8,-373.31,-124.373,214.0
4100,4100,8,-168.33,-93.581,270.0
4101,4101,8,-110.622,-8.304,235.0
4102,4102,8,-156.006,-110.148,241.0
4103,4103,8,-163.071,-88.747,218.0
4104,4104,8,-127.137,-31.456,205.0
4105,4105,8,-188.864,-114.963,251.0
4106,4106,8,-205.231,-109.775,273.0
4107,4107,8,-116.672,-31.474,239.0
4108,4108,8,-109.119,-26.412,226.0
4109,4109,8,-191.652,-107.804,276.0
4110,4110,8,-134.479,-44.827,235.0
4111,4111,8,-205.926,-144.444,222.0
4112,4112,8,-191.799,-119.766,259.0
4113,4113,8,-151.754,-36.812,212.0
4114,4114,8,-217.779,-129.991,233.0
4115,4115,8,-119.084,-17.018,259.0
4116,4116,8,-95.92,-8.625,222.0
4117,4117,8,-119.286,-36.831,209.0
4118,4118,8,-180.18,-102.386,293.0
4119,4119,8,-121.55,-26.851,253.0
4120,4120,8,-172.406,-86.702,260.0
4121,4121,8,-172.255,-115.968,246.0
4122,4122,8,-199.243,-106.045,
4123,4123,8,-95.306,-33.731,
4124,4124,8,-136.08,-30.611,219.0
4125,4125,8,-137.711,-15.859,18.0
4126,4126,8,-178.769,-124.328,
4127,4127,8,-206.629,-93.242,254.0
4128,4128,8,-180.867,-93.923,237.0
4129,4129,8,-134.289,-2.793,243.0
4130,4130,8,-97.13,-27.364,239.0
4131,4131,8,-195.288,-109.411,263.0
4132,4132,8,-173.92,-90.133,254.0
4133,4133,8,-128.155,-23.022,198.0
4134,4134,8,-202.211,-122.589,267.0
4135,4135,8,-197.061,-100.46,291.0
4136,4136,8,-141.857,-39.504,202.0
4137,4137,8,-107.819,-31.823,167.0
4138,4138,8,-182.453,-86.192,241.0
4139,4139,8,-124.118,-17.326,206.0
4140,4140,8,-192.104,-129.042,295.0
4141,4141,8,-106.775,-14.123,220.0
4142,4142,8,-206.492,-119.772,235.0
4143,4143,8,-100.021,-8.076,246.0
4144,4144,8,-142.317,-24.947,
4145,4145,8,-112.004,-43.034,254.0
4146,4146,8,-139.167,-7.049,229.0
4147,4147,8,-170.482,-108.678,254.0
4148,4148,8,-203.682,-133.698,258.0
4149,4149,8,-118.945,-8.421,223.0
4150,4150,8,-203.645,-8.706,292.0
4151,4151,8,-281.667,-154.476,260.0
4152,4152,8,-244.102,-38.27,227.0
4153,4153,8,-237.67,-23.397,241.0
4154,4154,8,-211.184,-7.659,288.0
4155,4155,8,-243.361,-55.756,235.0
4156,4156,8,-256.869,-151.01,
4157,4157,8,-250.81,-32.487,241.0
4158,4158,8,-245.658,-25.525,259.0
4159,4159,8,-282.278,-183.679,260.0
4160,4160,8,-209.493,-33.627,
4161,4161,8,-287.761,-164.362,225.0
4162,4162,8,-308.707,-192.364,222.0
4163,4163,8,-301.59,-160.679,205.0
4164,4164,8,-299.13,-159.946,244.0
4165,4165,8,-306.997,-177.747,228.0
4166,4166,8,-281.154,-145.738,273.0
4167,4167,8,-256.44,-49.939,229.0
4168,4168,8,-267.482,-187.329,
4169,4169,8,-286.097,-183.018,249.0
4170,4170,8,-214.961,-24.422,208.0
4171,4171,8,-235.34,-47.61,210.0
4172,4172,8,-250.749,-2.526,241.0
4173,4173,8,-270.178,-145.298,266.0
4174,4174,8,-300.68,-167.744,206.0
4175,4175,8,-299.057,-175.354,249.0
4176,4176,8,-260.288,-163.581,228.0
4177,4177,8,-229.874,-8.413,259.0
4178,4178,8,-222.118,-42.493,270.0
4179,4179,8,-271.486,-180.707,240.0
4180,4180,8,-281.016,-169.216,229.0
4181,4181,8,-284.173,-195.234,293.0
4182,4182,8,-232.637,-7.946,245.0
4183,4183,8,-236.759,-29.719,223.0
4184,4184,8,-216.687,-49.119,269.0
4185,4185,8,-285.025,-178.558,212.0
4186,4186,8,-232.035,-32.399,239.0
4187,4187,8,-220.364,-17.526,222.0
4188,4188,8,-265.01,-167.566,226.0
4189,4189,8,-231.609,-19.073,238.0
4190,4190,8,-219.655,-38.182,234.0
4191,4191,8,-206.976,-13.256,192.0
4192,4192,8,-262.554,-178.274,
4193,4193,8,-293.89,-196.338,
4194,4194,8,-223.937,-32.593,216.0
4195,4195,8,-226.871,-20.861,240.0
4196,4196,8,-232.273,-38.61,201.0
4197,4197,8,-269.621,-161.301,247.0
4198,4198,8,-298.37,-186.94,235.0
4199,4199,8,-263.066,-162.355,264.0
4200,4200,8,-144.931,-50.711,209.0
4201,4201,8,-55.943,-19.271,231.0
4202,4202,8,-67.233,-27.372,257.0
4203,4203,8,-45.769,-6.653,235.0
4204,4204,8,-37.235,-7.919,248.0
4205,4205,8,-54.143,-21.582,206.0
4206,4206,8,-56.611,-23.972,165.0
4207,4207,8,-120.937,-67.301,204.0
4208,4208,8,-152.715,-97.194,1.0
4209,4209,8,-119.497,-75.947,255.0
4210,4210,8,-129.97,-72.574,242.0
4211,4211,8,-45.025,-10.079,234.0
4212,4212,8,-78.501,-4.499,237.0
4213,4213,8,-59.531,-10.633,274.0
4214,4214,8,-94.703,-2.711,211.0
4215,4215,8,-131.68,-60.994,5.0
4216,4216,8,-148.818,-82.266,190.0
4217,4217,8,-129.587,-76.195,217.0
4218,4218,8,-138.501,-71.147,195.0
4219,4219,8,-145.994,-62.059,200.0
4220,4220,8,-133.751,-50.907,209.0
4221,4221,8,-157.983,-75.104,213.0
4222,4222,8,-25.208,-6.262,244.0
4223,4223,8,-114.028,-58.442,212.0
4224,4224,8,-107.969,-70.214,233.0
4225,4225,8,-78.794,-33.975,210.0
4226,4226,8,-84.847,-33.764,
4227,4227,8,-80.064,-22.711,219.0
4228,4228,8,-123.678,-55.833,227.0
4229,4229,8,-60.514,-13.265,257.0
4230,4230,8,-66.603,-35.076,227.0
4231,4231,8,-99.156,-40.053,206.0
4232,4232,8,-145.879,-78.808,226.0
4233,4233,8,-76.015,-12.206,236.0
4234,4234,8,-83.529,-11.608,208.0
4235,4235,8,-88.466,-48.116,188.0
4236,4236,8,-142.238,-97.345,
4237,4237,8,-124.636,-52.744,191.0
4238,4238,8,-102.249,-52.37,237.0
4239,4239,8,-149.278,-63.251,202.0
4240,4240,8,-33.131,-15.855,
4241,4241,8,-91.068,-42.93,23.0
4242,4242,8,-96.337,-46.565,193.0
4243,4243,8,-69.329,-4.773,252.0
4244,4244,8,-98.791,-57.789,191.0
4245,4245,8,-120.804,-47.96,228.0
4246,4246,8,-70.691,-43.805,197.0
4247,4247,8,-94.979,-21.148,187.0
4248,4248,8,-142.417,-87.04,202.0
4249,4249,8,-80.448,-39.545,200.0
4250,4250,8,-361.787,-140.875,248.0
4251,4251,8,-339.328,-112.939,271.0
4252,4252,8,-309.271,-62.349,251.0
4253,4253,8,-314.833,-88.579,199.0
4254,4254,8,-325.54,-92.294,265.0
4255,4255,8,-314.264,-77.38,280.0
4256,4256,8,-349.877,-84.016,268.0
4257,4257,8,-316.727,-131.241,272.0
4258,4258,8,-303.279,-121.601,238.0
4259,4259,8,-333.771,-72.64,229.0
4260,4260,8,-342.316,-98.0,237.0
4261,4261,8,-340.357,-78.992,30.0
4262,4262,8,-335.211,-105.903,
4263,4263,8,-337.754,-91.535,257.0
4264,4264,8,-311.535,-110.966,51.0
4265,4265,8,-329.94,-80.112,195.0
4266,4266,8,-346.308,-122.451,
4267,4267,8,-323.119,-92.633,254.0
4268,4268,8,-318.411,-107.774,277.0
4269,4269,8,-332.198,-118.338,235.0
4270,4270,8,-350.42,-80.94,322.0
4271,4271,8,-318.219,-54.406,213.0
4272,4272,8,-348.46,-73.171,234.0
4273,4273,8,-341.485,-133.216,209.0
4274,4274,8,-351.397,-123.332,213.0
4275,4275,8,-319.76,-66.118,212.0
4276,4276,8,-355.389,-135.291,266.0
4277,4277,8,-338.254,-57.175,484.0
4278,4278,8,-347.125,-97.916,269.0
4279,4279,8,-333.094,-125.943,111.0
4280,4280,8,-332.53,-136.336,299.0
4281,4281,8,-348.772,-142.287,269.0
4282,4282,8,-320.22,-102.935,235.0
4283,4283,8,-314.304,-93.517,221.0
4284,4284,8,-312.748,-128.333,280.0
4285,4285,8,-335.446,-142.022,
4286,4286,8,-311.968,-137.629,233.0
4287,4287,8,-306.465,-78.689,386.0
4288,4288,8,-344.962,-104.022,221.0
4289,4289,8,-309.853,-69.946,235.0
4290,4290,8,-311.794,-104.318,244.0
4291,4291,8,-331.339,-55.795,381.0
4292,4292,8,-329.719,-125.703,230.0
4293,4293,8,-321.583,-142.294,200.0
4294,4294,8,-325.379,-87.467,206.0
4295,4295,8,-359.676,-150.481,255.0
4296,4296,8,-312.694,-71.031,359.0
4297,4297,8,-308.355,-107.256,229.0
4298,4298,8,-349.725,-112.41,226.0
4299,4299,8,-314.615,-122.454,
4300,4300,8,-144.327,-16.215,228.0
4301,4301,8,-169.095,-67.295,232.0
4302,4302,8,-175.134,-22.338,256.0
4303,4303,8,-195.346,-76.25,259.0
4304,4304,8,-205.532,-31.603,222.0
4305,4305,8,-188.395,-52.583,231.0
4306,4306,8,-200.755,-21.531,63.0
4307,4307,8,-161.551,-6.404,262.0
4308,4308,8,-196.456,-60.843,264.0
4309,4309,8,-177.212,-9.261,292.0
4310,4310,8,-173.708,-50.374,193.0
4311,4311,8,-197.148,-64.784,232.0
4312,4312,8,-189.569,-39.859,276.0
4313,4313,8,-183.056,-36.182,225.0
4314,4314,8,-158.848,-67.807,196.0
4315,4315,8,-206.133,-80.214,220.0
4316,4316,8,-184.119,-79.269,
4317,4317,8,-198.931,-13.676,208.0
4318,4318,8,-155.524,-58.494,235.0
4319,4319,8,-198.522,-51.67,247.0
4320,4320,8,-158.897,-57.736,225.0
4321,4321,8,-188.422,-35.652,226.0
4322,4322,8,-180.594,-56.597,260.0
4323,4323,8,-179.023,-67.154,222.0
4324,4324,8,-195.431,-6.36,267.0
4325,4325,8,-155.515,-19.622,192.0
4326,4326,8,-160.645,-50.156,303.0
4327,4327,8,-182.235,-52.538,236.0
4328,4328,8,-175.367,-72.073,242.0
4329,4329,8,-194.734,-85.021,293.0
4330,4330,8,-203.513,-88.442,218.0
4331,4331,8,-181.389,-2.108,217.0
4332,4332,8,-178.688,-12.417,229.0
4333,4333,8,-171.064,-54.78,233.0
4334,4334,8,-171.263,-42.472,259.0
4335,4335,8,-161.647,-17.461,246.0
4336,4336,8,-148.258,-8.306,288.0
4337,4337,8,-159.568,-81.087,254.0
4338,4338,8,-191.348,-41.874,239.0
4339,4339,8,-203.818,-39.657,222.0
4340,4340,8,-203.742,-60.381,277.0
4341,4341,8,-188.838,-71.288,211.0
4342,4342,8,-158.078,-30.494,242.0
4343,4343,8,-185.931,-25.561,239.0
4344,4344,8,-163.82,-31.563,216.0
4345,4345,8,-163.175,-42.95,
4346,4346,8,-193.098,-24.74,
4347,4347,8,-164.577,-24.418,
4348,4348,8,-192.553,-10.488,81.0
4349,4349,8,-170.572,-11.079,237.0
4350,4350,8,-321.268,-168.212,239.0
4351,4351,8,-262.074,-33.796,
4352,4352,8,-298.601,-24.798,
4353,4353,8,-278.254,-34.363,220.0
4354,4354,8,-292.989,-38.734,235.0
4355,4355,8,-295.975,-28.241,255.0
4356,4356,8,-347.143,-191.685,219.0
4357,4357,8,-259.111,-17.805,205.0
4358,4358,8,-282.382,-54.997,259.0
4359,4359,8,-340.804,-169.047,
4360,4360,8,-343.026,-175.447,236.0
4361,4361,8,-266.042,-28.597,238.0
4362,4362,8,-253.704,-17.171,241.0
4363,4363,8,-348.091,-161.019,236.0
4364,4364,8,-317.195,-178.946,233.0
4365,4365,8,-309.522,-164.986,220.0
4366,4366,8,-287.691,-9.463,255.0
4367,4367,8,-262.01,-15.676,
4368,4368,8,-269.614,-4.961,398.0
4369,4369,8,-323.841,-175.945,235.0
4370,4370,8,-358.137,-174.12,216.0
4371,4371,8,-297.227,-45.09,226.0
4372,4372,8,-296.369,-13.244,265.0
4373,4373,8,-360.03,-171.634,245.0
4374,4374,8,-276.531,-5.54,308.0
4375,4375,8,-336.991,-152.034,233.0
4376,4376,8,-319.538,-150.935,
4377,4377,8,-287.984,-24.697,
4378,4378,8,-351.443,-181.53,254.0
4379,4379,8,-274.595,-27.735,230.0
4380,4380,8,-322.877,-159.678,222.0
4381,4381,8,-298.383,-52.085,254.0
4382,4382,8,-256.16,-44.233,286.0
4383,4383,8,-309.589,-147.692,223.0
4384,4384,8,-275.962,-42.353,259.0
4385,4385,8,-356.846,-166.929,234.0
4386,4386,8,-354.358,-151.735,237.0
4387,4387,8,-277.769,-24.793,
4388,4388,8,-331.689,-149.25,285.0
4389,4389,8,-259.167,-3.252,253.0
4390,4390,8,-331.931,-160.504,219.0
4391,4391,8,-358.916,-162.389,219.0
4392,4392,8,-344.234,-188.506,224.0
4393,4393,8,-274.861,-11.058,283.0
4394,4394,8,-340.825,-174.284,244.0
4395,4395,8,-286.363,-15.464,294.0
4396,4396,8,-326.704,-166.367,313.0
4397,4397,8,-310.417,-160.14,259.0
4398,4398,8,-309.479,-189.018,212.0
4399,4399,8,-266.462,-42.018,260.0
4400,4400,8,-231.334,-160.577,229.0
4401,4401,8,-223.708,-118.733,294.0
4402,4402,8,-241.185,-106.056,1.0
4403,4403,8,-218.958,-117.263,265.0
4404,4404,8,-246.442,-79.013,
4405,4405,8,-251.54,-87.978,
4406,4406,8,-222.945,-93.357,251.0
4407,4407,8,-236.888,-74.177,230.0
4408,4408,8,-215.721,-75.624,275.0
4409,4409,8,-246.605,-157.681,306.0
4410,4410,8,-243.736,-116.749,282.0
4411,4411,8,-247.345,-60.515,282.0
4412,4412,8,-224.825,-90.281,285.0
4413,4413,8,-246.536,-132.672,423.0
4414,4414,8,-219.36,-127.174,260.0
4415,4415,8,-234.169,-126.215,367.0
4416,4416,8,-216.583,-140.152,277.0
4417,4417,8,-213.596,-86.872,285.0
4418,4418,8,-244.023,-145.363,253.0
4419,4419,8,-218.623,-64.03,265.0
4420,4420,8,-237.842,-152.942,
4421,4421,8,-211.886,-57.59,299.0
4422,4422,8,-236.02,-115.192,6.0
4423,4423,8,-222.518,-63.363,259.0
4424,4424,8,-245.871,-126.174,270.0
4425,4425,8,-251.237,-121.221,344.0
4426,4426,8,-239.556,-99.633,319.0
4427,4427,8,-209.995,-68.511,
4428,4428,8,-240.259,-61.172,350.0
4429,4429,8,-227.812,-68.875,265.0
4430,4430,8,-245.239,-168.625,365.0
4431,4431,8,-246.983,-88.248,306.0
4432,4432,8,-206.734,-49.403,269.0
4433,4433,8,-236.324,-106.876,267.0
4434,4434,8,-253.175,-153.824,50.0
4435,4435,8,-223.119,-76.816,289.0
4436,4436,8,-225.642,-151.33,
4437,4437,8,-254.099,-100.277,305.0
4438,4438,8,-250.038,-140.6,256.0
4439,4439,8,-248.123,-97.922,285.0
4440,4440,8,-254.067,-68.003,271.0
4441,4441,8,-232.091,-131.659,289.0
4442,4442,8,-245.775,-65.292,265.0
4443,4443,8,-228.916,-140.146,263.0
4444,4444,8,-240.711,-138.967,295.0
4445,4445,8,-229.343,-127.242,245.0
4446,4446,8,-218.695,-107.548,268.0
4447,4447,8,-207.515,-109.039,272.0
4448,4448,8,-229.951,-85.661,251.0
4449,4449,8,-215.56,-93.52,335.0
4450,4450,8,-403.883,-49.421,427.0
4451,4451,8,-391.366,-71.39,64.0
4452,4452,8,-396.045,-35.921,307.0
4453,4453,8,-388.498,-6.981,322.0
4454,4454,8,-371.708,-71.907,233.0
4455,4455,8,-367.643,-52.089,
4456,4456,8,-379.147,-52.838,275.0
4457,4457,8,-377.114,-33.608,
4458,4458,8,-349.14,-4.54,277.0
4459,4459,8,-377.096,-22.072,211.0
4460,4460,8,-406.006,-36.861,338.0
4461,4461,8,-378.013,-75.302,305.0
4462,4462,8,-345.111,-33.839,350.0
4463,4463,8,-373.536,-58.168,305.0
4464,4464,8,-389.939,-41.945,330.0
4465,4465,8,-367.933,-18.21,345.0
4466,4466,8,-344.823,-17.331,335.0
4467,4467,8,-359.476,-42.656,402.0
4468,4468,8,-385.517,-30.758,565.0
4469,4469,8,-359.687,-22.672,260.0
4470,4470,8,-380.582,-6.308,305.0
4471,4471,8,-376.491,-70.707,428.0
4472,4472,8,-393.199,-60.861,
4473,4473,8,0.0,0.0,
4474,4474,8,0.0,0.0,
4475,4475,8,-389.317,-22.393,348.0
4476,4476,8,-384.352,-42.057,292.0
4477,4477,8,-350.171,-28.178,252.0
4478,4478,8,-372.991,-2.141,352.0
4479,4479,8,-373.679,-39.922,327.0
4480,4480,8,-352.214,-47.235,314.0
4481,4481,8,-386.613,-20.262,291.0
4482,4482,8,-363.788,-57.086,301.0
4483,4483,8,-358.85,-74.071,296.0
4484,4484,8,-390.798,-54.985,164.0
4485,4485,8,-351.165,-38.884,301.0
4486,4486,8,-361.939,-4.548,350.0
4487,4487,8,-356.211,-69.8,
4488,4488,8,-390.978,-13.399,278.0
4489,4489,8,-366.999,-30.584,317.0
4490,4490,8,-339.471,-23.538,166.0
4491,4491,8,-367.029,-63.527,278.0
4492,4492,8,-357.901,-29.342,332.0
4493,4493,8,-354.224,-16.647,248.0
4494,4494,8,-398.125,-65.53,113.0
4495,4495,8,-347.799,-58.375,306.0
4496,4496,8,-405.15,-25.542,333.0
4497,4497,8,-376.305,-17.758,288.0
4498,4498,8,-393.044,-76.899,343.0
4499,4499,8,-382.582,-60.881,2.0
4500,4500,9,-223.793,-272.709,277.0
4501,4501,9,-197.869,-302.628,260.0
4502,4502,9,-228.782,-288.377,269.0
4503,4503,9,-219.618,-230.104,304.0
4504,4504,9,-221.574,-247.364,
4505,4505,9,-204.518,-230.552,413.0
4506,4506,9,-222.881,-239.51,359.0
4507,4507,9,-227.734,-261.331,636.0
4508,4508,9,-217.661,-280.511,320.0
4509,4509,9,-181.69,-290.242,279.0
4510,4510,9,-195.939,-262.014,336.0
4511,4511,9,-186.19,-314.111,261.0
4512,4512,9,-237.224,-266.498,360.0
4513,4513,9,-232.791,-255.025,273.0
4514,4514,9,-214.613,-252.336,275.0
4515,4515,9,-179.325,-305.817,3.0
4516,4516,9,-218.942,-307.92,338.0
4517,4517,9,-171.093,-286.912,293.0
4518,4518,9,-208.225,-279.196,403.0
4519,4519,9,-214.515,-259.253,270.0
4520,4520,9,-184.839,-265.799,260.0
4521,4521,9,-206.845,-272.097,296.0
4522,4522,9,-198.403,-297.342,
4523,4523,9,-193.455,-300.493,275.0
4524,4524,9,-179.699,-278.539,299.0
4525,4525,9,-203.199,-248.8,320.0
4526,4526,9,-189.925,-291.25,1.0
4527,4527,9,-200.46,-318.231,237.0
4528,4528,9,-207.958,-292.968,2.0
4529,4529,9,-190.943,-280.818,
4530,4530,9,-200.909,-252.138,366.0
4531,4531,9,-217.875,-284.788,315.0
4532,4532,9,-170.366,-302.701,262.0
4533,4533,9,-205.969,-313.951,
4534,4534,9,-236.515,-257.019,314.0
4535,4535,9,-206.621,-300.949,275.0
4536,4536,9,-207.446,-330.856,332.0
4537,4537,9,-222.101,-267.741,260.0
4538,4538,9,-197.302,-289.051,273.0
4539,4539,9,-213.213,-241.33,
4540,4540,9,-221.082,-252.636,260.0
4541,4541,9,-220.41,-300.688,311.0
4542,4542,9,-180.101,-270.448,304.0
4543,4543,9,-204.835,-324.495,2.0
4544,4544,9,-202.794,-260.923,322.0
4545,4545,9,-194.698,-272.352,323.0
4546,4546,9,-204.559,-274.793,379.0
4547,4547,9,-232.289,-246.232,297.0
4548,4548,9,-239.568,-249.181,3.0
4549,4549,9,-186.908,-280.346,292.0
4550,4550,9,-89.589,-223.954,320.0
4551,4551,9,-60.883,-96.344,285.0
4552,4552,9,-80.575,-165.199,337.0
4553,4553,9,-72.03,-196.011,383.0
4554,4554,9,-76.082,-180.061,293.0
4555,4555,9,-110.545,-88.244,291.0
4556,4556,9,-90.658,-215.168,
4557,4557,9,-81.444,-192.672,312.0
4558,4558,9,-86.412,-181.685,273.0
4559,4559,9,-69.204,-73.87,275.0
4560,4560,9,-73.133,-84.749,257.0
4561,4561,9,-89.481,-193.775,320.0
4562,4562,9,-84.177,-100.271,
4563,4563,9,-98.308,-110.476,249.0
4564,4564,9,-103.476,-91.119,267.0
4565,4565,9,-76.658,-177.072,322.0
4566,4566,9,-70.827,-91.557,231.0
4567,4567,9,-52.592,-82.531,288.0
4568,4568,9,-89.277,-174.262,304.0
4569,4569,9,-92.415,-201.45,349.0
4570,4570,9,-64.04,-86.474,278.0
4571,4571,9,-82.426,-68.041,275.0
4572,4572,9,-84.517,-173.913,267.0
4573,4573,9,-78.273,-225.015,304.0
4574,4574,9,-103.387,-192.034,335.0
4575,4575,9,-91.65,-87.311,425.0
4576,4576,9,-94.307,-96.816,351.0
4577,4577,9,-104.611,-99.634,364.0
4578,4578,9,-89.248,-104.593,333.0
4579,4579,9,-78.265,-105.027,342.0
4580,4580,9,-78.698,-108.679,373.0
4581,4581,9,-103.591,-85.283,364.0
4582,4582,9,-88.456,-75.187,305.0
4583,4583,9,-97.008,-205.36,399.0
4584,4584,9,-108.361,-198.697,381.0
4585,4585,9,-91.672,-121.581,375.0
4586,4586,9,-96.172,-186.24,369.0
4587,4587,9,-78.423,-72.323,330.0
4588,4588,9,-68.817,-178.099,347.0
4589,4589,9,-94.895,-234.482,407.0
4590,4590,9,-96.228,-208.314,394.0
4591,4591,9,-70.026,-65.743,343.0
4592,4592,9,-85.451,-95.002,341.0
4593,4593,9,-76.722,-205.182,344.0
4594,4594,9,-86.829,-241.47,388.0
4595,4595,9,-82.535,-201.109,482.0
4596,4596,9,-96.631,-225.837,355.0
4597,4597,9,-92.195,-73.675,387.0
4598,4598,9,-78.425,-62.572,410.0
4599,4599,9,-78.005,-214.172,406.0
4600,4600,9,-168.388,-284.722,433.0
4601,4601,9,-152.12,-289.913,335.0
4602,4602,9,-199.202,-237.497,324.0
4603,4603,9,-164.783,-220.155,323.0
4604,4604,9,-159.178,-235.601,
4605,4605,9,-151.996,-259.588,321.0
4606,4606,9,-175.024,-266.818,308.0
4607,4607,9,-162.368,-295.134,366.0
4608,4608,9,-143.597,-291.847,468.0
4609,4609,9,-186.968,-251.99,322.0
4610,4610,9,-158.048,-246.019,
4611,4611,9,-155.921,-297.241,281.0
4612,4612,9,-163.063,-262.237,337.0
4613,4613,9,-150.482,-270.566,290.0
4614,4614,9,-129.332,-264.754,317.0
4615,4615,9,-186.042,-234.494,398.0
4616,4616,9,-140.056,-260.077,387.0
4617,4617,9,-186.263,-210.782,399.0
4618,4618,9,-173.061,-216.515,351.0
4619,4619,9,-167.492,-254.194,309.0
4620,4620,9,-137.477,-253.586,334.0
4621,4621,9,-196.79,-229.423,25.0
4622,4622,9,-164.4,-210.093,415.0
4623,4623,9,-173.966,-224.782,280.0
4624,4624,9,-154.987,-250.827,359.0
4625,4625,9,-206.846,-223.685,
4626,4626,9,-154.345,-267.859,324.0
4627,4627,9,-177.733,-234.909,297.0
4628,4628,9,-200.752,-214.31,345.0
4629,4629,9,-150.916,-227.411,351.0
4630,4630,9,-130.961,-257.483,
4631,4631,9,-172.601,-203.913,344.0
4632,4632,9,-151.752,-236.365,345.0
4633,4633,9,-155.01,-277.02,6.0
4634,4634,9,-159.873,-272.532,319.0
4635,4635,9,-188.264,-206.166,323.0
4636,4636,9,-164.648,-241.603,391.0
4637,4637,9,-168.996,-229.572,361.0
4638,4638,9,-144.841,-248.045,387.0
4639,4639,9,-175.717,-216.702,270.0
4640,4640,9,-136.589,-278.746,288.0
4641,4641,9,-175.965,-247.813,
4642,4642,9,-183.163,-244.725,313.0
4643,4643,9,-186.964,-195.177,387.0
4644,4644,9,-175.418,-194.387,305.0
4645,4645,9,-180.177,-255.942,315.0
4646,4646,9,-181.611,-205.483,339.0
4647,4647,9,-192.438,-218.934,475.0
4648,4648,9,-143.757,-285.097,315.0
4649,4649,9,-136.783,-243.361,333.0
4650,4650,9,-89.155,-162.013,358.0
4651,4651,9,-103.472,-120.414,255.0
4652,4652,9,-91.06,-149.078,254.0
4653,4653,9,-121.87,-155.958,307.0
4654,4654,9,-99.027,-150.427,275.0
4655,4655,9,-126.32,-109.175,263.0
4656,4656,9,-147.064,-123.461,271.0
4657,4657,9,-155.692,-115.531,308.0
4658,4658,9,-140.959,-142.378,326.0
4659,4659,9,-87.81,-136.965,
4660,4660,9,-128.999,-145.233,318.0
4661,4661,9,-128.469,-129.175,240.0
4662,4662,9,-105.348,-157.442,285.0
4663,4663,9,-100.41,-181.117,298.0
4664,4664,9,-146.656,-139.156,295.0
4665,4665,9,-105.632,-141.031,
4666,4666,9,-122.919,-184.72,260.0
4667,4667,9,-115.175,-136.746,
4668,4668,9,-108.144,-181.398,313.0
4669,4669,9,-140.22,-128.957,113.0
4670,4670,9,-111.733,-167.864,1.0
4671,4671,9,-119.566,-141.48,296.0
4672,4672,9,-128.584,-166.957,300.0
4673,4673,9,-137.06,-156.787,335.0
4674,4674,9,-139.391,-111.707,293.0
4675,4675,9,-119.088,-98.523,264.0
4676,4676,9,-128.82,-116.208,285.0
4677,4677,9,-107.002,-134.802,247.0
4678,4678,9,-128.349,-161.406,311.0
4679,4679,9,-101.895,-153.115,290.0
4680,4680,9,-112.084,-161.333,300.0
4681,4681,9,-131.998,-133.534,305.0
4682,4682,9,-141.208,-138.422,322.0
4683,4683,9,-121.275,-160.738,292.0
4684,4684,9,-110.068,-99.447,
4685,4685,9,-155.463,-126.924,256.0
4686,4686,9,-113.352,-123.803,257.0
4687,4687,9,-103.285,-136.012,248.0
4688,4688,9,-148.115,-115.819,278.0
4689,4689,9,-118.257,-115.517,298.0
4690,4690,9,-112.143,-146.382,289.0
4691,4691,9,-108.395,-186.217,275.0
4692,4692,9,-105.901,-170.042,283.0
4693,4693,9,-94.809,-169.493,291.0
4694,4694,9,-120.981,-174.826,
4695,4695,9,-108.383,-104.889,217.0
4696,4696,9,-97.533,-139.987,260.0
4697,4697,9,-131.904,-102.802,246.0
4698,4698,9,-138.648,-122.262,238.0
4699,4699,9,-115.87,-103.88,260.0
4700,4700,9,-277.797,-232.416,
4701,4701,9,-271.727,-225.866,376.0
4702,4702,9,-291.314,-239.81,401.0
4703,4703,9,-261.075,-267.328,294.0
4704,4704,9,-310.037,-238.742,546.0
4705,4705,9,-246.143,-276.299,
4706,4706,9,-247.911,-269.056,298.0
4707,4707,9,-276.03,-252.125,265.0
4708,4708,9,-290.444,-244.268,268.0
4709,4709,9,-299.27,-246.022,254.0
4710,4710,9,-311.85,-236.023,322.0
4711,4711,9,-253.502,-249.151,277.0
4712,4712,9,-296.41,-249.612,314.0
4713,4713,9,-269.727,-215.606,122.0
4714,4714,9,-306.504,-269.88,345.0
4715,4715,9,-269.719,-246.273,282.0
4716,4716,9,-255.677,-239.865,253.0
4717,4717,9,-277.046,-209.699,319.0
4718,4718,9,-262.379,-226.873,291.0
4719,4719,9,-266.455,-217.527,274.0
4720,4720,9,-265.306,-238.623,310.0
4721,4721,9,-285.018,-231.61,258.0
4722,4722,9,-266.912,-284.755,292.0
4723,4723,9,-309.854,-231.699,283.0
4724,4724,9,-293.563,-262.126,294.0
4725,4725,9,-281.7,-272.946,273.0
4726,4726,9,-325.234,-241.92,455.0
4727,4727,9,-290.87,-270.82,371.0
4728,4728,9,-276.386,-224.483,338.0
4729,4729,9,-277.736,-270.05,269.0
4730,4730,9,-255.841,-270.744,299.0
4731,4731,9,-284.276,-217.039,336.0
4732,4732,9,-265.943,-251.47,253.0
4733,4733,9,-281.706,-284.694,786.0
4734,4734,9,-285.635,-263.647,485.0
4735,4735,9,-258.157,-283.257,327.0
4736,4736,9,-302.918,-244.877,353.0
4737,4737,9,-295.944,-234.467,31.0
4738,4738,9,-276.295,-283.46,648.0
4739,4739,9,-272.408,-260.145,399.0
4740,4740,9,-315.273,-248.732,317.0
4741,4741,9,-315.398,-254.478,451.0
4742,4742,9,-283.098,-241.147,320.0
4743,4743,9,-308.624,-260.106,301.0
4744,4744,9,-299.625,-224.915,329.0
4745,4745,9,-288.699,-277.961,312.0
4746,4746,9,-255.639,-260.254,301.0
4747,4747,9,-249.651,-251.242,310.0
4748,4748,9,-273.576,-296.942,551.0
4749,4749,9,-262.616,-272.376,356.0
4750,4750,9,-176.598,-141.524,329.0
4751,4751,9,-169.108,-183.944,308.0
4752,4752,9,-188.705,-176.36,377.0
4753,4753,9,-167.185,-144.322,327.0
4754,4754,9,-133.071,-331.902,303.0
4755,4755,9,-130.595,-321.96,399.0
4756,4756,9,-151.103,-171.641,327.0
4757,4757,9,-163.614,-152.736,408.0
4758,4758,9,-201.92,-150.564,375.0
4759,4759,9,-180.767,-161.208,344.0
4760,4760,9,-110.483,-300.601,303.0
4761,4761,9,-110.678,-322.268,307.0
4762,4762,9,-157.185,-178.95,463.0
4763,4763,9,-174.492,-165.14,367.0
4764,4764,9,-121.101,-289.619,304.0
4765,4765,9,-163.365,-136.174,
4766,4766,9,-150.042,-157.278,354.0
4767,4767,9,-141.295,-286.754,347.0
4768,4768,9,-187.903,-145.164,342.0
4769,4769,9,-109.635,-289.609,321.0
4770,4770,9,-149.46,-150.389,318.0
4771,4771,9,-143.362,-299.482,289.0
4772,4772,9,-136.699,-293.167,362.0
4773,4773,9,-157.46,-142.516,320.0
4774,4774,9,-133.638,-320.384,364.0
4775,4775,9,-188.672,-165.614,331.0
4776,4776,9,-172.724,-153.996,313.0
4777,4777,9,-125.035,-328.857,273.0
4778,4778,9,-170.019,-125.952,305.0
4779,4779,9,-149.789,-305.152,334.0
4780,4780,9,-175.948,-184.369,313.0
4781,4781,9,-177.049,-146.994,412.0
4782,4782,9,-134.05,-306.924,
4783,4783,9,-122.919,-320.079,330.0
4784,4784,9,-161.353,-169.786,331.0
4785,4785,9,-175.859,-181.401,317.0
4786,4786,9,-112.344,-313.076,295.0
4787,4787,9,-139.513,-312.737,295.0
4788,4788,9,-128.586,-284.165,407.0
4789,4789,9,-170.225,-158.802,325.0
4790,4790,9,-127.373,-279.522,8.0
4791,4791,9,-118.927,-273.496,2.0
4792,4792,9,-125.385,-300.184,4.0
4793,4793,9,-115.569,-299.296,324.0
4794,4794,9,-124.523,-313.295,303.0
4795,4795,9,-104.847,-311.941,332.0
4796,4796,9,-118.052,-280.008,290.0
4797,4797,9,-162.768,-127.743,340.0
4798,4798,9,-145.54,-318.91,311.0
4799,4799,9,-171.27,-172.265,346.0
4800,4800,9,-234.374,-212.045,
4801,4801,9,-263.442,-209.89,312.0
4802,4802,9,-243.06,-313.929,287.0
4803,4803,9,-255.242,-295.718,332.0
4804,4804,9,-218.166,-222.067,276.0
4805,4805,9,-249.389,-205.527,303.0
4806,4806,9,-221.423,-327.119,322.0
4807,4807,9,-252.466,-195.786,332.0
4808,4808,9,-232.577,-322.299,364.0
4809,4809,9,-244.58,-213.628,344.0
4810,4810,9,-204.268,-340.167,329.0
4811,4811,9,-260.772,-198.899,328.0
4812,4812,9,-258.117,-205.656,274.0
4813,4813,9,-245.625,-235.364,276.0
4814,4814,9,-224.567,-304.973,323.0
4815,4815,9,-229.203,-215.061,62.0
4816,4816,9,-249.032,-200.261,347.0
4817,4817,9,-232.371,-328.253,371.0
4818,4818,9,-236.85,-278.46,301.0
4819,4819,9,-257.372,-224.237,335.0
4820,4820,9,-249.632,-282.193,329.0
4821,4821,9,-245.275,-295.461,345.0
4822,4822,9,-239.81,-181.088,326.0
4823,4823,9,-212.756,-317.041,307.0
4824,4824,9,-270.2,-206.263,404.0
4825,4825,9,-259.458,-307.709,448.0
4826,4826,9,-223.632,-294.257,294.0
4827,4827,9,-215.278,-334.39,396.0
4828,4828,9,-238.547,-294.886,275.0
4829,4829,9,-255.954,-212.266,308.0
4830,4830,9,-239.881,-307.694,355.0
4831,4831,9,-241.855,-230.128,333.0
4832,4832,9,-247.379,-241.172,336.0
4833,4833,9,-226.551,-205.237,338.0
4834,4834,9,-251.744,-310.617,393.0
4835,4835,9,-231.076,-314.871,301.0
4836,4836,9,-264.392,-302.53,336.0
4837,4837,9,-210.701,-336.187,447.0
4838,4838,9,-231.712,-197.594,333.0
4839,4839,9,-226.385,-224.344,316.0
4840,4840,9,-236.807,-221.841,322.0
4841,4841,9,-248.064,-189.06,364.0
4842,4842,9,-237.181,-186.352,347.0
4843,4843,9,-231.15,-236.686,436.0
4844,4844,9,-223.926,-310.593,507.0
4845,4845,9,-248.093,-234.806,304.0
4846,4846,9,-251.677,-305.832,299.0
4847,4847,9,-222.912,-332.592,366.0
4848,4848,9,-241.239,-328.557,
4849,4849,9,-234.352,-300.007,639.0
4850,4850,9,-59.011,-159.616,326.0
4851,4851,9,-28.122,-35.16,318.0
4852,4852,9,-72.45,-133.02,277.0
4853,4853,9,-63.504,-171.384,278.0
4854,4854,9,-62.168,-132.598,291.0
4855,4855,9,-36.833,-84.176,289.0
4856,4856,9,-88.237,-128.792,310.0
4857,4857,9,-40.604,-71.325,
4858,4858,9,-36.058,-34.496,
4859,4859,9,-29.368,-43.447,297.0
4860,4860,9,-66.807,-150.059,291.0
4861,4861,9,-51.245,-73.103,305.0
4862,4862,9,-29.903,-24.118,286.0
4863,4863,9,-17.404,-32.175,
4864,4864,9,-58.008,-104.892,287.0
4865,4865,9,-58.665,-141.504,276.0
4866,4866,9,-74.946,-111.385,272.0
4867,4867,9,-59.138,-147.886,273.0
4868,4868,9,-40.792,-47.637,327.0
4869,4869,9,-20.126,-23.751,309.0
4870,4870,9,-72.014,-153.062,351.0
4871,4871,9,-36.641,-78.081,340.0
4872,4872,9,-45.903,-96.343,284.0
4873,4873,9,-61.693,-111.315,297.0
4874,4874,9,-78.619,-150.036,327.0
4875,4875,9,-80.857,-138.722,352.0
4876,4876,9,-53.675,-65.573,296.0
4877,4877,9,-84.536,-129.421,318.0
4878,4878,9,-53.416,-46.41,368.0
4879,4879,9,-66.792,-53.432,323.0
4880,4880,9,-55.903,-111.5,291.0
4881,4881,9,-50.189,-117.541,379.0
4882,4882,9,-55.064,-125.844,316.0
4883,4883,9,-69.825,-60.23,299.0
4884,4884,9,-34.227,-44.39,2.0
4885,4885,9,-49.542,-84.965,319.0
4886,4886,9,-56.694,-74.363,277.0
4887,4887,9,-81.904,-123.229,333.0
4888,4888,9,-43.565,-39.602,3.0
4889,4889,9,-45.275,-64.005,333.0
4890,4890,9,-33.226,-54.907,3.0
4891,4891,9,-54.068,-90.966,1226.0
4892,4892,9,-44.873,-102.779,296.0
4893,4893,9,-75.372,-123.334,330.0
4894,4894,9,-57.753,-134.995,390.0
4895,4895,9,-31.95,-67.501,327.0
4896,4896,9,-52.311,-57.37,362.0
4897,4897,9,-61.002,-64.115,337.0
4898,4898,9,-63.072,-120.263,343.0
4899,4899,9,-42.671,-87.863,322.0
4900,4900,9,-164.856,-362.309,
4901,4901,9,-203.996,-190.457,486.0
4902,4902,9,-227.355,-181.533,429.0
4903,4903,9,-203.397,-195.205,294.0
4904,4904,9,-195.423,-328.685,5.0
4905,4905,9,-151.197,-324.162,407.0
4906,4906,9,-216.799,-206.8,373.0
4907,4907,9,-188.429,-188.625,395.0
4908,4908,9,-161.831,-300.522,361.0
4909,4909,9,-174.529,-358.334,363.0
4910,4910,9,-194.449,-337.537,375.0
4911,4911,9,-210.366,-178.637,430.0
4912,4912,9,-175.802,-351.079,647.0
4913,4913,9,-217.557,-199.662,1.0
4914,4914,9,-158.306,-320.439,396.0
4915,4915,9,-183.04,-327.06,389.0
4916,4916,9,-199.256,-168.824,458.0
4917,4917,9,-171.537,-351.709,422.0
4918,4918,9,-192.179,-317.468,481.0
4919,4919,9,-162.809,-339.507,437.0
4920,4920,9,-204.489,-168.651,376.0
4921,4921,9,-209.959,-172.742,460.0
4922,4922,9,-206.635,-159.713,452.0
4923,4923,9,-208.088,-216.372,772.0
4924,4924,9,-217.273,-169.107,491.0
4925,4925,9,-161.094,-315.028,420.0
4926,4926,9,-165.865,-328.238,383.0
4927,4927,9,-183.72,-331.686,390.0
4928,4928,9,-165.384,-307.904,389.0
4929,4929,9,-223.918,-196.976,392.0
4930,4930,9,-225.476,-174.793,378.0
4931,4931,9,-173.26,-315.076,349.0
4932,4932,9,-178.493,-316.188,
4933,4933,9,-218.565,-189.341,6.0
4934,4934,9,-148.592,-316.503,391.0
4935,4935,9,-195.25,-205.118,387.0
4936,4936,9,-208.238,-197.51,428.0
4937,4937,9,-140.284,-333.343,
4938,4938,9,-174.555,-332.184,332.0
4939,4939,9,-212.291,-157.447,405.0
4940,4940,9,-194.595,-161.809,445.0
4941,4941,9,-229.242,-174.843,
4942,4942,9,-198.921,-347.856,466.0
4943,4943,9,-193.692,-184.077,82.0
4944,4944,9,-180.833,-355.272,328.0
4945,4945,9,-214.598,-202.554,337.0
4946,4946,9,-185.618,-184.393,421.0
4947,4947,9,-164.298,-336.348,407.0
4948,4948,9,-184.928,-343.336,7.0
4949,4949,9,-207.632,-177.433,393.0
4950,4950,9,-97.817,-260.364,388.0
4951,4951,9,-117.456,-199.277,380.0
4952,4952,9,-152.83,-208.685,
4953,4953,9,-121.989,-258.757,393.0
4954,4954,9,-129.66,-245.413,338.0
4955,4955,9,-120.009,-225.308,498.0
4956,4956,9,-98.522,-282.939,339.0
4957,4957,9,-122.545,-191.966,348.0
4958,4958,9,-142.756,-164.492,364.0
4959,4959,9,-129.785,-181.478,416.0
4960,4960,9,-126.482,-200.726,27.0
4961,4961,9,-121.956,-242.181,
4962,4962,9,-155.774,-196.681,357.0
4963,4963,9,-144.094,-206.495,401.0
4964,4964,9,-114.003,-275.888,408.0
4965,4965,9,-125.228,-208.888,351.0
4966,4966,9,-133.882,-217.205,5.0
4967,4967,9,-112.387,-260.716,366.0
4968,4968,9,-112.543,-246.411,
4969,4969,9,-124.222,-221.438,3.0
4970,4970,9,-147.702,-185.746,379.0
4971,4971,9,-135.418,-198.716,405.0
4972,4972,9,-123.375,-254.445,389.0
4973,4973,9,-143.142,-174.005,352.0
4974,4974,9,-163.455,-194.118,2.0
4975,4975,9,-110.75,-237.208,407.0
4976,4976,9,-159.613,-188.88,115.0
4977,4977,9,-101.785,-254.271,435.0
4978,4978,9,-106.277,-219.604,47.0
4979,4979,9,-119.616,-218.218,383.0
4980,4980,9,-128.608,-194.2,382.0
4981,4981,9,-103.641,-240.75,485.0
4982,4982,9,-146.596,-192.964,360.0
4983,4983,9,-122.29,-230.928,404.0
4984,4984,9,-144.245,-227.201,411.0
4985,4985,9,-92.69,-259.121,387.0
4986,4986,9,-99.937,-275.013,480.0
4987,4987,9,-151.324,-220.595,395.0
4988,4988,9,-141.72,-188.353,410.0
4989,4989,9,-139.413,-237.552,482.0
4990,4990,9,-107.367,-234.563,449.0
4991,4991,9,-112.593,-209.498,400.0
4992,4992,9,-97.543,-241.827,335.0
4993,4993,9,-136.337,-237.833,406.0
4994,4994,9,-113.18,-270.496,481.0
4995,4995,9,-146.077,-196.691,371.0
4996,4996,9,-98.808,-256.809,378.0
4997,4997,9,-138.929,-204.096,426.0
4998,4998,9,-129.372,-227.033,406.0
4999,4999,9,-164.051,-199.735,385.0
