FIBER,MEAN_FIBER_X,MEAN_FIBER_Y,OUTLIERS
0,80.475,-287.498,256.0
1,57.113,-274.135,271.0
2,31.01,-274.411,337.0
3,2.074,-224.726,260.0
4,-22.823,-249.978,317.0
5,40.469,-241.549,314.0
6,19.374,-262.47,304.0
7,16.828,-230.134,321.0
8,71.081,-289.649,338.0
9,59.049,-279.427,316.0
10,6.302,-252.328,309.0
11,54.588,-255.078,301.0
12,-0.243,-229.072,309.0
13,14.298,-233.257,323.0
14,16.073,-258.852,278.0
15,35.653,-241.868,294.0
16,49.157,-265.913,254.0
17,21.901,-247.793,301.0
18,51.99,-275.537,280.0
19,67.852,-275.068,288.0
20,19.57,-272.065,310.0
21,-16.605,-219.149,290.0
22,51.494,-244.676,258.0
23,-6.236,-238.345,290.0
24,-11.671,-259.289,272.0
25,12.236,-231.091,211.0
26,81.936,-269.402,196.0
27,59.975,-258.384,218.0
28,0.481,-262.772,191.0
29,26.901,-236.108,223.0
30,32.434,-236.169,260.0
31,-17.531,-235.136,212.0
32,24.601,-257.798,214.0
33,67.644,-280.922,0.0
34,8.743,-242.787,151.0
35,39.86,-250.043,0.0
36,38.273,-262.111,223.0
37,63.931,-255.08,257.0
38,73.17,-274.396,242.0
39,40.551,-274.264,288.0
40,-11.173,-247.697,217.0
41,7.429,-268.412,177.0
42,-19.354,-242.98,254.0
43,3.688,-241.333,247.0
44,43.962,-261.769,198.0
45,3.104,-248.581,232.0
46,74.97,-262.562,190.0
47,24.359,-249.421,214.0
48,-12.756,-223.058,241.0
49,43.445,-268.359,0.0
50,0.505,-281.564,239.0
51,37.674,-288.585,226.0
52,10.397,-271.237,28.0
53,52.644,-332.159,211.0
54,-14.725,-281.048,73.0
55,28.427,-309.872,225.0
56,-20.756,-311.459,95.0
57,28.042,-301.194,228.0
58,18.46,-289.458,241.0
59,49.173,-316.969,214.0
60,18.182,-323.158,213.0
61,6.605,-310.18,221.0
62,-1.928,-271.591,244.0
63,13.696,-284.326,242.0
64,35.837,-316.194,254.0
65,30.663,-321.458,221.0
66,53.165,-318.255,210.0
67,-35.941,-290.427,226.0
68,-31.509,-304.241,233.0
69,-2.835,-290.482,205.0
70,-18.102,-302.626,242.0
71,44.224,-281.781,210.0
72,21.137,-301.133,207.0
73,1.367,-303.955,0.0
74,-4.766,-295.115,212.0
75,24.82,-287.44,196.0
76,-19.754,-294.781,226.0
77,-36.026,-275.791,209.0
78,44.934,-303.956,179.0
79,2.278,-310.837,195.0
80,38.596,-299.396,201.0
81,22.531,-285.243,206.0
82,44.042,-295.287,0.0
83,-13.367,-271.096,184.0
84,11.049,-303.297,202.0
85,-25.257,-304.207,199.0
86,20.193,-308.196,192.0
87,-25.694,-261.773,185.0
88,-24.263,-276.576,191.0
89,-37.536,-267.43,262.0
90,26.635,-280.163,154.0
91,-24.145,-284.214,222.0
92,28.584,-318.722,188.0
93,-10.04,-308.429,55.0
94,39.522,-318.978,194.0
95,37.437,-329.086,190.0
96,-10.859,-292.153,204.0
97,-10.463,-280.75,163.0
98,48.047,-290.845,208.0
99,5.811,-296.682,180.0
100,33.31,-191.827,180.0
101,33.148,-209.701,179.0
102,49.735,-224.432,198.0
103,62.712,-245.431,215.0
104,-20.058,-120.164,186.0
105,-3.314,-104.801,169.0
106,30.152,-222.268,214.0
107,-24.103,-129.454,152.0
108,-10.002,-137.328,178.0
109,-1.971,-135.557,199.0
110,52.799,-183.553,162.0
111,-23.948,-95.696,189.0
112,51.125,-235.961,182.0
113,69.149,-237.943,157.0
114,-14.457,-110.512,159.0
115,46.697,-214.491,187.0
116,54.829,-208.049,198.0
117,31.524,-219.78,162.0
118,29.05,-178.421,167.0
119,-5.113,-119.753,143.0
120,54.013,-196.402,174.0
121,-17.142,-132.932,0.0
122,-42.713,-141.042,177.0
123,25.525,-198.905,160.0
124,-31.528,-123.723,173.0
125,-28.748,-102.983,251.0
126,1.472,-132.803,212.0
127,-6.865,-107.228,223.0
128,62.614,-204.922,304.0
129,-17.59,-108.289,209.0
130,49.056,-195.895,185.0
131,-26.476,-118.437,212.0
132,-35.253,-116.549,202.0
133,54.8,-228.43,253.0
134,44.613,-233.316,238.0
135,-4.652,-132.39,209.0
136,42.836,-205.923,239.0
137,2.186,-119.588,191.0
138,-18.109,-94.179,210.0
139,40.259,-225.694,246.0
140,59.133,-236.113,201.0
141,-26.847,-138.584,212.0
142,-12.233,-150.351,212.0
143,-2.71,-151.45,199.0
144,69.582,-225.792,333.0
145,36.471,-182.043,221.0
146,56.499,-222.213,205.0
147,-22.561,-145.509,248.0
148,40.883,-194.606,183.0
149,-1.291,-107.498,229.0
150,6.115,-337.176,148.0
151,-3.868,-359.242,170.0
152,3.675,-331.54,0.0
153,-40.394,-357.131,362.0
154,11.14,-352.593,183.0
155,6.983,-324.753,158.0
156,-20.854,-319.545,168.0
157,-7.718,-331.756,163.0
158,27.745,-344.892,2.0
159,-43.51,-346.711,161.0
160,-13.293,-343.068,185.0
161,25.757,-351.515,173.0
162,24.465,-331.264,185.0
163,-19.475,-341.999,221.0
164,-24.745,-354.205,231.0
165,37.116,-351.648,175.0
166,-39.413,-313.808,156.0
167,-1.98,-344.939,182.0
168,-44.087,-332.506,0.0
169,30.372,-372.904,184.0
170,-27.124,-324.747,159.0
171,13.535,-367.75,155.0
172,-38.458,-329.726,154.0
173,-21.983,-336.8,176.0
174,-0.472,-324.476,166.0
175,-30.124,-315.065,215.0
176,-40.003,-336.227,148.0
177,19.869,-359.639,170.0
178,-2.69,-352.701,176.0
179,0.87,-369.226,0.0
180,23.551,-334.276,168.0
181,-17.14,-358.343,151.0
182,-18.373,-323.532,188.0
183,8.817,-346.824,182.0
184,17.764,-375.678,17.0
185,-48.493,-345.715,260.0
186,14.05,-348.868,185.0
187,34.38,-362.591,189.0
188,11.856,-329.566,166.0
189,8.961,-379.128,216.0
190,-27.51,-335.676,208.0
191,33.485,-393.218,198.0
192,22.531,-377.511,214.0
193,-32.142,-323.716,199.0
194,38.737,-347.757,159.0
195,-14.735,-359.967,179.0
196,29.21,-330.919,166.0
197,-42.401,-324.683,173.0
198,0.563,-364.715,208.0
199,-33.64,-342.622,171.0
200,-54.379,-236.342,166.0
201,83.932,-324.45,175.0
202,-42.406,-252.254,220.0
203,-26.668,-241.338,176.0
204,60.668,-318.988,214.0
205,-23.054,-238.448,190.0
206,95.881,-339.951,0.0
207,-57.002,-245.111,181.0
208,-59.507,-225.32,193.0
209,71.771,-304.044,150.0
210,-58.707,-205.844,213.0
211,70.692,-331.309,186.0
212,-61.225,-199.605,177.0
213,62.892,-287.071,174.0
214,-25.865,-215.694,172.0
215,-43.778,-239.827,191.0
216,83.288,-316.402,151.0
217,85.034,-299.09,170.0
218,-52.123,-212.596,181.0
219,88.562,-304.354,0.0
220,-49.484,-226.959,146.0
221,-64.666,-221.802,203.0
222,82.018,-333.227,167.0
223,97.076,-310.866,143.0
224,74.323,-314.988,162.0
225,57.647,-332.069,181.0
226,-65.834,-215.855,219.0
227,74.264,-340.085,175.0
228,78.42,-333.582,205.0
229,94.903,-326.016,85.0
230,-39.51,-238.107,191.0
231,88.002,-354.034,187.0
232,76.037,-311.523,203.0
233,-41.048,-222.056,202.0
234,-43.899,-217.53,188.0
235,62.307,-305.139,184.0
236,-35.315,-213.675,182.0
237,-30.136,-255.442,213.0
238,85.49,-342.821,16.0
239,-30.321,-227.176,216.0
240,-53.057,-205.722,201.0
241,53.637,-313.097,176.0
242,-22.475,-228.361,223.0
243,-40.628,-244.065,203.0
244,68.264,-333.753,153.0
245,-67.964,-236.886,230.0
246,56.014,-336.669,216.0
247,-35.927,-228.009,217.0
248,68.233,-307.725,213.0
249,90.377,-322.582,240.0
250,12.207,-183.116,272.0
251,21.873,-170.291,214.0
252,-17.532,-186.468,237.0
253,-23.036,-176.672,219.0
254,-50.879,-172.937,291.0
255,1.395,-178.97,277.0
256,-13.425,-198.785,173.0
257,-45.147,-151.294,291.0
258,-48.283,-195.199,241.0
259,-24.034,-156.278,233.0
260,-4.254,-218.543,241.0
261,-40.983,-196.249,212.0
262,-9.948,-166.542,219.0
263,-33.151,-149.832,216.0
264,0.254,-190.475,249.0
265,-43.386,-175.769,245.0
266,-30.098,-199.323,247.0
267,-20.915,-164.591,221.0
268,-44.359,-168.384,259.0
269,-18.415,-172.079,231.0
270,-52.218,-181.965,273.0
271,-48.527,-184.436,230.0
272,19.566,-197.955,251.0
273,-35.269,-171.613,200.0
274,-19.189,-205.306,236.0
275,25.467,-206.946,0.0
276,-25.406,-186.223,158.0
277,2.183,-170.458,199.0
278,7.789,-173.734,0.0
279,-39.499,-183.233,182.0
280,22.246,-182.449,185.0
281,12.139,-200.135,194.0
282,-37.188,-162.765,175.0
283,2.247,-216.07,180.0
284,8.461,-168.65,165.0
285,-36.56,-203.471,188.0
286,21.724,-221.377,212.0
287,4.82,-218.082,193.0
288,11.246,-192.303,11.0
289,-16.966,-176.746,166.0
290,-24.955,-159.023,201.0
291,-41.001,-155.832,85.0
292,17.314,-213.018,193.0
293,-5.332,-171.997,175.0
294,-13.1,-204.213,6.0
295,-1.528,-201.329,178.0
296,20.705,-186.416,176.0
297,-36.359,-145.551,71.0
298,-3.923,-189.292,189.0
299,-23.499,-193.621,196.0
300,-114.513,-369.61,296.0
301,-119.964,-377.276,381.0
302,-71.518,-359.422,215.0
303,-90.222,-375.083,216.0
304,-103.564,-355.148,242.0
305,-104.269,-366.006,260.0
306,-46.398,-352.66,208.0
307,-85.195,-370.725,169.0
308,-42.137,-374.165,207.0
309,-90.698,-329.866,88.0
310,-84.47,-344.65,244.0
311,-91.181,-385.889,240.0
312,-65.722,-370.269,223.0
313,-84.038,-355.964,190.0
314,-101.734,-369.459,211.0
315,-81.989,-326.824,187.0
316,-107.982,-341.885,252.0
317,-61.455,-393.807,224.0
318,-65.685,-357.877,246.0
319,-76.894,-393.841,211.0
320,-81.425,-366.373,449.0
321,-90.161,-399.157,236.0
322,-44.346,-370.021,224.0
323,-52.024,-392.218,256.0
324,-80.675,-344.859,226.0
325,-112.412,-360.036,191.0
326,-89.22,-354.864,187.0
327,-41.351,-388.915,187.0
328,-80.878,-386.062,160.0
329,-46.128,-361.18,226.0
330,-96.771,-344.171,188.0
331,-99.079,-334.914,223.0
332,-91.537,-361.691,0.0
333,-115.546,-387.725,239.0
334,-50.208,-379.996,0.0
335,-57.429,-365.147,176.0
336,-51.866,-400.604,198.0
337,-69.441,-351.488,186.0
338,-71.932,-379.696,190.0
339,-103.447,-386.895,201.0
340,-95.77,-378.486,281.0
341,-78.166,-338.122,152.0
342,-63.692,-360.947,332.0
343,-113.594,-381.914,226.0
344,-33.151,-369.724,37.0
345,-62.15,-403.152,227.0
346,-60.65,-386.68,309.0
347,-62.168,-368.087,189.0
348,-109.488,-377.274,194.0
349,-77.458,-376.915,0.0
350,-70.537,-247.113,188.0
351,42.58,-358.454,179.0
352,-80.557,-265.436,244.0
353,39.27,-393.812,172.0
354,-56.794,-252.1,192.0
355,-36.362,-257.03,187.0
356,62.434,-394.058,208.0
357,44.868,-340.266,605.0
358,51.689,-372.922,199.0
359,62.165,-346.605,6.0
360,-59.584,-265.546,243.0
361,-68.658,-291.381,0.0
362,58.948,-362.43,193.0
363,63.079,-380.359,195.0
364,44.582,-369.499,198.0
365,79.622,-389.881,0.0
366,-55.103,-274.167,253.0
367,0.0,0.0,0.0
368,43.258,-395.782,183.0
369,-46.662,-255.878,243.0
370,-62.562,-256.068,274.0
371,-71.14,-260.724,211.0
372,42.097,-371.858,208.0
373,45.231,-380.315,220.0
374,-44.993,-277.15,0.0
375,-73.179,-255.084,235.0
376,-62.738,-244.213,0.0
377,-77.872,-272.684,238.0
378,-41.802,-267.314,0.0
379,73.207,-383.621,198.0
380,58.369,-348.6,197.0
381,-37.891,-288.133,217.0
382,-61.875,-267.9,192.0
383,-82.522,-273.11,204.0
384,-59.16,-288.083,208.0
385,68.913,-364.201,0.0
386,82.788,-353.616,224.0
387,38.311,-381.962,201.0
388,-55.212,-279.487,0.0
389,65.55,-352.021,196.0
390,-47.422,-295.527,274.0
391,69.529,-376.369,195.0
392,-75.629,-283.752,0.0
393,-68.077,-283.398,171.0
394,65.077,-355.873,180.0
395,-52.832,-289.579,243.0
396,46.476,-357.232,185.0
397,50.224,-381.356,205.0
398,67.095,-392.325,179.0
399,-37.452,-296.277,184.0
400,0.94,-27.664,160.0
401,-12.133,-46.305,176.0
402,12.668,-85.059,191.0
403,2.944,-43.352,177.0
404,10.769,-102.716,185.0
405,37.171,-167.523,0.0
406,39.685,-176.435,179.0
407,20.301,-136.799,160.0
408,28.367,-168.954,174.0
409,20.326,-93.512,156.0
410,24.472,-151.889,0.0
411,28.652,-140.892,170.0
412,1.004,-52.211,188.0
413,33.131,-152.097,176.0
414,19.437,-79.212,0.0
415,8.749,-82.152,184.0
416,-14.161,-88.332,198.0
417,5.971,-65.093,208.0
418,0.846,-82.535,190.0
419,-4.113,-93.437,0.0
420,3.938,-39.202,195.0
421,4.931,-158.137,205.0
422,37.9,-139.975,0.0
423,25.551,-119.145,160.0
424,2.726,-77.439,185.0
425,32.024,-128.437,196.0
426,22.385,-103.799,172.0
427,-9.555,-57.765,216.0
428,21.224,-161.652,0.0
429,-20.773,-72.17,181.0
430,36.531,-121.382,195.0
431,-8.86,-64.85,203.0
432,-7.51,-76.736,204.0
433,27.807,-160.829,202.0
434,15.214,-125.391,162.0
435,43.043,-166.486,195.0
436,15.761,-157.056,206.0
437,-16.094,-62.813,191.0
438,11.674,-109.889,193.0
439,10.413,-136.3,0.0
440,17.774,-118.703,185.0
441,4.102,-148.413,181.0
442,1.158,-91.146,187.0
443,16.443,-145.116,0.0
444,43.354,-158.636,162.0
445,24.484,-123.725,203.0
446,-25.281,-91.103,217.0
447,7.579,-54.515,189.0
448,7.842,-67.914,181.0
449,-8.566,-33.776,194.0
450,-88.189,-326.178,242.0
451,-15.349,-372.144,226.0
452,-52.639,-337.559,270.0
453,-85.866,-318.994,230.0
454,-61.315,-314.359,193.0
455,-102.537,-322.457,241.0
456,-68.65,-330.878,214.0
457,-81.277,-300.264,258.0
458,-22.794,-383.647,0.0
459,25.19,-404.662,239.0
460,-85.95,-295.698,254.0
461,-15.305,-391.644,235.0
462,-75.395,-315.568,271.0
463,-19.043,-378.051,199.0
464,-95.717,-306.327,542.0
465,-14.135,-397.861,94.0
466,-9.068,-386.672,865.0
467,-55.353,-306.693,289.0
468,-75.863,-290.716,222.0
469,12.539,-384.338,256.0
470,-7.998,-403.924,243.0
471,17.361,-399.599,302.0
472,-54.738,-323.971,210.0
473,-60.988,-328.16,216.0
474,11.455,-395.098,0.0
475,-89.425,-288.968,221.0
476,-71.965,-301.54,0.0
477,-64.967,-309.238,7.0
478,33.688,-402.186,251.0
479,-9.604,-378.133,256.0
480,-27.282,-361.593,221.0
481,-69.045,-315.153,228.0
482,-42.2,-307.487,234.0
483,-1.298,-381.662,240.0
484,-37.056,-401.423,241.0
485,3.73,-407.251,370.0
486,-97.014,-312.728,246.0
487,-29.817,-375.724,10.0
488,-74.339,-322.964,232.0
489,-29.33,-404.077,0.0
490,-27.75,-395.555,275.0
491,3.608,-387.845,223.0
492,-66.951,-334.535,221.0
493,-60.962,-302.973,225.0
494,-50.537,-318.258,207.0
495,17.504,-394.945,252.0
496,-3.151,-393.076,322.0
497,-23.567,-400.762,262.0
498,-63.612,-344.147,209.0
499,-29.766,-389.212,362.0
500,137.26,-378.431,401.0
501,128.618,-347.75,293.0
502,150.758,-328.958,306.0
503,126.832,-375.823,298.0
504,174.984,-314.951,260.0
505,162.508,-332.648,0.0
506,165.272,-372.304,289.0
507,131.468,-339.468,230.0
508,156.249,-369.427,251.0
509,188.262,-331.824,0.0
510,129.763,-387.182,206.0
511,166.259,-314.883,0.0
512,116.376,-344.083,276.0
513,183.094,-318.532,315.0
514,121.128,-335.369,93.0
515,156.748,-359.58,244.0
516,168.399,-349.148,324.0
517,157.578,-351.139,279.0
518,148.675,-348.294,0.0
519,117.363,-329.648,255.0
520,172.012,-348.208,242.0
521,139.956,-354.556,261.0
522,150.707,-379.659,278.0
523,173.822,-359.757,252.0
524,178.915,-352.608,231.0
525,189.515,-357.329,1.0
526,143.747,-327.163,303.0
527,120.47,-353.964,0.0
528,130.423,-361.616,303.0
529,149.869,-358.125,269.0
530,135.412,-343.012,307.0
531,131.958,-325.911,0.0
532,131.365,-356.974,269.0
533,178.151,-332.918,234.0
534,145.016,-366.234,0.0
535,196.506,-337.474,307.0
536,172.709,-334.925,0.0
537,121.767,-323.857,1.0
538,180.832,-346.03,279.0
539,169.509,-324.882,0.0
540,152.733,-338.343,328.0
541,161.628,-323.948,264.0
542,122.001,-358.621,286.0
543,179.814,-342.052,257.0
544,132.902,-321.227,276.0
545,196.786,-350.436,0.0
546,125.989,-322.617,285.0
547,147.313,-339.181,287.0
548,144.335,-324.472,264.0
549,162.895,-347.168,280.0
550,105.543,-248.481,236.0
551,247.109,-249.284,213.0
552,290.773,-276.264,264.0
553,237.906,-255.318,233.0
554,245.625,-267.325,0.0
555,269.633,-253.798,0.0
556,258.764,-283.292,221.0
557,269.512,-292.825,238.0
558,268.45,-268.933,212.0
559,121.587,-235.957,231.0
560,95.558,-277.303,220.0
561,101.267,-263.586,231.0
562,280.019,-265.882,213.0
563,106.367,-279.177,59.0
564,126.153,-257.584,228.0
565,260.445,-261.416,209.0
566,105.184,-238.897,229.0
567,120.878,-244.308,239.0
568,277.383,-263.657,505.0
569,110.378,-263.08,205.0
570,251.297,-274.045,209.0
571,85.716,-252.709,233.0
572,238.367,-247.673,0.0
573,250.026,-291.797,208.0
574,95.952,-244.336,0.0
575,293.535,-268.684,0.0
576,262.397,-289.703,0.0
577,83.677,-242.0,192.0
578,115.052,-240.713,196.0
579,268.814,-243.922,233.0
580,105.446,-252.693,229.0
581,87.817,-262.292,268.0
582,91.698,-239.592,205.0
583,129.768,-250.206,212.0
584,269.347,-281.899,0.0
585,250.654,-264.661,184.0
586,273.255,-234.368,216.0
587,137.647,-254.878,236.0
588,93.206,-252.826,220.0
589,260.158,-253.834,200.0
590,116.281,-248.615,0.0
591,141.899,-260.79,218.0
592,131.296,-271.548,210.0
593,119.529,-268.793,232.0
594,271.275,-279.3,211.0
595,256.3,-241.838,0.0
596,109.405,-274.363,210.0
597,279.674,-290.526,172.0
598,116.673,-262.69,203.0
599,248.879,-279.388,239.0
600,111.036,-173.684,0.0
601,97.902,-173.961,185.0
602,82.916,-162.08,183.0
603,83.981,-165.824,182.0
604,121.536,-173.58,217.0
605,51.115,-145.408,230.0
606,144.675,-157.594,200.0
607,138.459,-170.163,0.0
608,100.601,-145.514,195.0
609,120.155,-162.752,218.0
610,128.476,-142.409,201.0
611,86.862,-187.095,0.0
612,121.063,-130.25,206.0
613,108.531,-168.419,229.0
614,66.901,-140.702,210.0
615,102.794,-149.947,200.0
616,88.893,-183.989,199.0
617,74.007,-147.531,0.0
618,97.584,-161.634,0.0
619,73.387,-180.939,217.0
620,96.978,-131.623,191.0
621,85.468,-152.069,175.0
622,112.094,-158.239,174.0
623,82.705,-175.872,206.0
624,60.524,-165.593,170.0
625,105.491,-139.855,95.0
626,90.297,-172.351,196.0
627,139.46,-151.746,176.0
628,133.173,-165.739,189.0
629,70.287,-165.108,0.0
630,74.166,-140.228,215.0
631,65.303,-154.627,0.0
632,109.657,-128.008,183.0
633,58.583,-152.598,186.0
634,94.516,-151.827,0.0
635,66.571,-182.87,0.0
636,65.122,-146.022,186.0
637,103.324,-187.263,182.0
638,122.343,-150.643,192.0
639,120.891,-139.096,230.0
640,124.985,-158.031,0.0
641,111.606,-145.308,193.0
642,113.551,-126.81,197.0
643,128.357,-174.36,219.0
644,77.248,-157.395,0.0
645,60.554,-135.397,0.0
646,62.325,-174.952,217.0
647,132.018,-151.844,112.0
648,91.312,-141.912,0.0
649,67.656,-173.224,235.0
650,111.81,-281.958,210.0
651,241.499,-331.324,609.0
652,102.041,-280.892,317.0
653,140.223,-304.442,176.0
654,141.878,-275.659,208.0
655,254.447,-313.713,322.0
656,118.696,-285.891,0.0
657,102.39,-288.767,211.0
658,147.938,-282.926,152.0
659,112.562,-323.843,245.0
660,109.636,-298.617,205.0
661,264.221,-305.863,234.0
662,115.246,-303.872,0.0
663,120.28,-296.097,181.0
664,136.759,-281.136,205.0
665,196.68,-330.953,191.0
666,199.578,-343.54,206.0
667,126.467,-290.432,220.0
668,195.24,-320.555,227.0
669,236.244,-302.24,206.0
670,217.327,-346.842,275.0
671,203.662,-313.777,0.0
672,147.735,-312.636,211.0
673,134.589,-293.502,200.0
674,212.194,-339.431,220.0
675,134.582,-305.246,254.0
676,222.046,-331.711,222.0
677,208.702,-316.814,245.0
678,106.387,-316.29,223.0
679,255.182,-308.943,282.0
680,246.985,-309.321,188.0
681,232.162,-318.543,228.0
682,240.854,-323.18,110.0
683,128.26,-277.435,210.0
684,225.844,-314.995,224.0
685,152.852,-302.811,0.0
686,143.945,-294.921,226.0
687,215.121,-338.844,260.0
688,130.158,-297.132,222.0
689,222.837,-314.193,252.0
690,124.616,-306.451,224.0
691,156.045,-312.662,0.0
692,204.866,-328.737,249.0
693,213.789,-326.304,198.0
694,211.854,-307.802,278.0
695,194.099,-313.177,278.0
696,100.842,-301.405,250.0
697,224.257,-318.458,0.0
698,121.437,-316.148,233.0
699,237.663,-311.412,225.0
700,24.598,-58.955,225.0
701,94.563,-77.607,195.0
702,19.469,-33.507,201.0
703,49.926,-64.281,175.0
704,90.412,-77.809,196.0
705,59.321,-57.021,196.0
706,40.81,-37.908,218.0
707,133.331,-118.04,188.0
708,28.432,-36.361,0.0
709,38.012,-56.674,191.0
710,98.441,-103.934,170.0
711,14.206,-28.132,204.0
712,132.091,-109.869,192.0
713,75.964,-60.07,180.0
714,27.477,-72.082,180.0
715,41.819,-79.551,201.0
716,89.905,-111.655,202.0
717,112.616,-91.445,0.0
718,26.319,-63.631,241.0
719,117.518,-119.933,235.0
720,74.296,-83.179,187.0
721,78.113,-73.731,252.0
722,68.645,-72.418,0.0
723,119.227,-110.685,0.0
724,43.427,-52.917,204.0
725,97.293,-113.979,357.0
726,106.166,-105.512,179.0
727,126.32,-103.078,0.0
728,107.122,-116.556,229.0
729,100.894,-98.374,197.0
730,31.62,-46.269,5.0
731,133.854,-106.808,213.0
732,78.872,-89.277,207.0
733,34.176,-69.173,212.0
734,32.012,-82.01,207.0
735,46.919,-81.579,208.0
736,95.044,-124.178,0.0
737,99.452,-90.517,200.0
738,85.315,-94.505,0.0
739,20.155,-49.977,197.0
740,111.338,-102.234,209.0
741,93.369,-95.759,222.0
742,19.75,-30.549,203.0
743,62.793,-59.095,217.0
744,42.174,-63.541,196.0
745,48.302,-68.212,0.0
746,60.379,-74.44,244.0
747,82.588,-107.001,198.0
748,88.851,-84.71,179.0
749,50.037,-49.08,143.0
750,206.314,-165.043,200.0
751,206.356,-196.452,233.0
752,189.832,-186.728,192.0
753,193.775,-202.357,195.0
754,155.231,-199.031,200.0
755,155.717,-209.501,196.0
756,163.663,-176.837,293.0
757,185.504,-198.643,0.0
758,174.089,-185.028,154.0
759,140.208,-211.317,226.0
760,152.167,-182.594,222.0
761,150.549,-209.971,212.0
762,197.355,-187.778,223.0
763,126.913,-193.645,223.0
764,174.132,-168.862,246.0
765,184.464,-172.718,217.0
766,133.445,-179.519,215.0
767,168.375,-204.244,1.0
768,178.488,-206.426,0.0
769,141.363,-193.444,184.0
770,216.814,-177.866,0.0
771,145.461,-170.959,208.0
772,183.191,-185.115,183.0
773,156.738,-189.603,209.0
774,143.695,-222.815,230.0
775,177.768,-197.18,197.0
776,196.426,-173.405,0.0
777,213.642,-167.933,0.0
778,143.44,-184.351,201.0
779,179.24,-178.951,0.0
780,213.438,-185.228,217.0
781,120.904,-186.006,205.0
782,237.635,-187.546,212.0
783,133.379,-195.233,238.0
784,188.024,-182.381,79.0
785,168.299,-197.694,222.0
786,168.31,-163.889,205.0
787,134.635,-187.82,1.0
788,225.014,-194.607,237.0
789,229.194,-179.694,112.0
790,151.257,-194.58,237.0
791,209.866,-192.113,219.0
792,149.743,-201.998,260.0
793,220.965,-170.469,292.0
794,221.464,-187.588,209.0
795,132.885,-214.578,195.0
796,155.047,-176.067,204.0
797,206.525,-175.466,15.0
798,131.161,-207.666,200.0
799,108.908,-185.959,234.0
800,175.052,-240.079,217.0
801,155.86,-245.182,218.0
802,179.735,-253.211,126.0
803,170.923,-232.966,182.0
804,167.634,-212.963,216.0
805,133.399,-243.098,0.0
806,218.04,-227.339,183.0
807,156.263,-238.148,181.0
808,157.192,-257.337,0.0
809,195.277,-246.31,192.0
810,149.561,-219.522,202.0
811,173.161,-257.991,190.0
812,214.595,-218.233,182.0
813,180.558,-215.292,245.0
814,204.025,-223.297,237.0
815,208.493,-240.605,0.0
816,156.899,-225.361,239.0
817,214.913,-229.868,408.0
818,184.014,-234.904,198.0
819,217.625,-206.973,246.0
820,186.603,-213.591,223.0
821,145.434,-266.656,204.0
822,181.12,-243.902,0.0
823,129.457,-229.835,214.0
824,166.33,-254.27,134.0
825,136.187,-228.634,260.0
826,194.161,-220.871,235.0
827,228.15,-238.002,199.0
828,146.412,-232.105,199.0
829,151.154,-233.543,188.0
830,230.454,-233.301,188.0
831,172.832,-243.006,193.0
832,199.199,-235.308,173.0
833,204.829,-214.76,290.0
834,198.031,-213.787,0.0
835,235.957,-237.223,0.0
836,228.844,-243.581,186.0
837,146.822,-255.218,0.0
838,138.315,-231.858,180.0
839,218.814,-242.988,0.0
840,189.378,-252.619,266.0
841,164.805,-217.995,174.0
842,175.552,-228.718,191.0
843,200.285,-232.64,199.0
844,195.109,-228.409,0.0
845,185.021,-226.356,0.0
846,201.576,-207.856,174.0
847,169.701,-259.88,197.0
848,210.165,-220.46,191.0
849,143.617,-245.217,0.0
850,239.916,-296.668,202.0
851,204.303,-286.169,20.0
852,208.04,-301.907,191.0
853,189.724,-295.63,207.0
854,169.434,-288.509,201.0
855,205.547,-273.16,216.0
856,211.826,-250.677,0.0
857,174.712,-288.415,215.0
858,192.81,-272.277,81.0
859,196.794,-280.765,184.0
860,235.777,-279.704,186.0
861,212.809,-275.016,200.0
862,156.932,-293.232,154.0
863,227.974,-251.955,205.0
864,201.03,-276.033,0.0
865,199.75,-268.839,200.0
866,219.012,-282.744,205.0
867,163.949,-295.867,177.0
868,215.856,-268.027,208.0
869,223.676,-295.766,239.0
870,165.698,-271.436,188.0
871,229.213,-297.941,230.0
872,165.388,-304.673,184.0
873,244.068,-288.279,190.0
874,156.787,-265.089,201.0
875,188.938,-260.032,135.0
876,256.286,-300.987,200.0
877,234.784,-282.965,211.0
878,187.861,-268.005,160.0
879,209.944,-293.681,278.0
880,234.026,-265.993,176.0
881,184.607,-281.061,194.0
882,190.42,-301.669,0.0
883,197.998,-300.541,159.0
884,170.42,-277.271,133.0
885,173.127,-307.072,0.0
886,166.952,-279.329,174.0
887,180.69,-271.659,0.0
888,226.333,-277.201,194.0
889,226.214,-261.069,197.0
890,201.994,-254.878,206.0
891,153.468,-275.055,0.0
892,177.872,-297.631,176.0
893,213.54,-257.908,186.0
894,194.256,-299.824,223.0
895,151.879,-288.484,206.0
896,225.117,-255.504,216.0
897,212.929,-301.61,215.0
898,231.155,-291.015,196.0
899,185.245,-306.707,251.0
900,152.223,-154.57,0.0
901,160.873,-154.948,204.0
902,171.1,-149.244,215.0
903,50.77,-86.135,225.0
904,182.267,-163.851,205.0
905,42.668,-86.516,194.0
906,173.583,-142.021,203.0
907,167.153,-136.465,194.0
908,42.728,-103.128,215.0
909,157.009,-139.494,183.0
910,55.586,-114.56,201.0
911,176.524,-149.626,219.0
912,142.926,-124.919,0.0
913,65.963,-126.34,182.0
914,74.889,-126.356,182.0
915,49.783,-98.606,204.0
916,150.645,-115.607,207.0
917,76.748,-103.875,200.0
918,137.494,-136.782,204.0
919,69.662,-113.98,244.0
920,78.256,-133.814,212.0
921,147.416,-148.374,216.0
922,69.455,-104.534,223.0
923,36.883,-89.951,216.0
924,132.716,-122.847,0.0
925,47.691,-133.595,209.0
926,42.271,-116.834,246.0
927,59.03,-120.683,243.0
928,155.889,-148.168,229.0
929,168.261,-159.604,259.0
930,173.52,-131.475,0.0
931,155.588,-129.829,195.0
932,193.41,-164.253,19.0
933,46.186,-128.752,249.0
934,139.058,-147.83,216.0
935,153.378,-170.369,243.0
936,185.205,-152.694,238.0
937,59.74,-79.125,222.0
938,58.77,-129.472,198.0
939,61.077,-107.775,0.0
940,188.477,-144.398,242.0
941,62.906,-88.367,220.0
942,77.5,-91.454,235.0
943,143.575,-140.847,231.0
944,51.103,-105.975,246.0
945,84.458,-117.255,228.0
946,164.197,-131.616,251.0
947,200.511,-159.071,221.0
948,75.905,-115.755,236.0
949,53.249,-97.691,260.0
950,116.543,-225.644,314.0
951,266.803,-234.157,306.0
952,223.99,-204.298,317.0
953,280.251,-221.829,293.0
954,85.203,-194.487,301.0
955,82.518,-232.315,0.0
956,239.411,-234.464,288.0
957,87.747,-210.808,324.0
958,114.065,-228.159,325.0
959,81.314,-214.785,314.0
960,238.489,-211.114,324.0
961,262.302,-200.381,332.0
962,103.25,-226.94,316.0
963,101.825,-223.041,314.0
964,241.239,-238.719,275.0
965,130.358,-222.305,344.0
966,249.965,-201.192,298.0
967,279.076,-227.293,348.0
968,105.545,-188.859,275.0
969,241.476,-219.948,300.0
970,236.22,-196.646,0.0
971,265.619,-213.531,330.0
972,228.256,-221.494,279.0
973,118.352,-190.668,239.0
974,274.125,-208.689,0.0
975,110.925,-197.185,249.0
976,258.001,-214.945,252.0
977,83.064,-204.71,1.0
978,270.232,-226.328,0.0
979,114.509,-208.779,291.0
980,241.677,-188.952,315.0
981,123.899,-213.386,1.0
982,82.668,-198.4,263.0
983,263.923,-206.456,0.0
984,66.142,-192.077,284.0
985,73.917,-210.706,318.0
986,257.504,-225.587,331.0
987,93.809,-213.951,313.0
988,72.446,-201.513,290.0
989,253.405,-194.342,255.0
990,98.361,-208.839,289.0
991,249.308,-224.574,303.0
992,242.418,-217.076,296.0
993,96.966,-187.119,305.0
994,120.691,-203.424,0.0
995,249.162,-233.306,353.0
996,243.534,-201.994,0.0
997,102.59,-203.174,258.0
998,219.486,-201.805,209.0
999,80.286,-217.909,349.0
1000,221.817,-97.428,339.0
1001,326.399,-13.574,317.0
1002,185.953,-100.551,337.0
1003,331.226,-20.883,363.0
1004,329.18,-2.432,354.0
1005,325.094,-27.16,394.0
1006,206.007,-104.505,342.0
1007,194.305,-99.996,329.0
1008,335.23,-30.138,355.0
1009,317.023,-42.191,290.0
1010,182.806,-123.318,339.0
1011,304.838,-25.835,347.0
1012,331.116,-42.569,346.0
1013,319.578,-35.464,365.0
1014,304.782,-18.448,376.0
1015,186.385,-123.71,366.0
1016,196.471,-114.989,357.0
1017,337.985,-26.272,368.0
1018,211.003,-107.748,338.0
1019,169.349,-116.678,350.0
1020,302.499,-31.198,396.0
1021,175.206,-112.859,344.0
1022,350.694,-34.551,0.0
1023,186.767,-117.966,326.0
1024,315.683,-18.891,330.0
1025,336.927,-17.695,324.0
1026,201.851,-95.894,320.0
1027,190.401,-123.023,290.0
1028,220.553,-104.658,299.0
1029,352.81,-13.751,0.0
1030,212.552,-114.866,404.0
1031,346.237,-18.761,319.0
1032,362.979,-17.997,350.0
1033,191.193,-103.736,318.0
1034,209.047,-128.62,332.0
1035,227.716,-124.726,337.0
1036,317.406,-31.577,444.0
1037,292.962,-26.924,335.0
1038,320.229,-10.267,340.0
1039,349.861,-26.728,361.0
1040,336.495,-47.098,294.0
1041,348.194,-8.897,335.0
1042,203.034,-139.369,0.0
1043,212.667,-94.947,296.0
1044,196.667,-136.549,327.0
1045,222.093,-110.071,304.0
1046,342.747,-38.105,328.0
1047,230.961,-112.463,378.0
1048,206.951,-120.409,337.0
1049,204.365,-86.132,287.0
1050,337.908,-144.26,334.0
1051,368.442,-156.74,306.0
1052,263.285,-162.616,284.0
1053,366.481,-120.446,330.0
1054,255.814,-175.31,289.0
1055,370.31,-125.34,324.0
1056,377.403,-104.625,413.0
1057,288.527,-174.942,304.0
1058,359.104,-129.997,0.0
1059,281.491,-159.13,290.0
1060,282.636,-171.233,308.0
1061,271.782,-178.123,0.0
1062,276.087,-143.76,328.0
1063,387.595,-116.261,397.0
1064,302.823,-169.816,307.0
1065,273.844,-195.313,318.0
1066,291.927,-160.047,353.0
1067,346.029,-123.686,274.0
1068,266.773,-172.724,304.0
1069,267.125,-169.318,298.0
1070,373.852,-121.095,326.0
1071,265.22,-183.831,333.0
1072,388.885,-132.208,323.0
1073,362.098,-119.822,312.0
1074,391.14,-86.362,0.0
1075,268.01,-184.858,297.0
1076,346.789,-134.463,328.0
1077,366.532,-146.587,0.0
1078,368.99,-140.438,299.0
1079,389.497,-96.645,0.0
1080,371.798,-155.658,338.0
1081,247.686,-173.962,277.0
1082,294.616,-155.112,277.0
1083,261.038,-154.676,309.0
1084,386.82,-112.4,347.0
1085,359.87,-149.776,339.0
1086,348.386,-144.526,20.0
1087,384.292,-113.248,327.0
1088,255.217,-162.447,292.0
1089,374.135,-135.932,329.0
1090,285.989,-149.033,309.0
1091,287.425,-163.642,290.0
1092,355.336,-145.928,348.0
1093,375.672,-147.759,339.0
1094,281.316,-184.499,293.0
1095,278.005,-151.204,317.0
1096,269.791,-156.084,309.0
1097,302.304,-157.397,0.0
1098,309.417,-167.016,401.0
1099,364.856,-106.504,329.0
1100,200.536,-83.913,299.0
1101,293.261,-10.683,305.0
1102,272.519,-44.033,317.0
1103,247.943,-60.097,0.0
1104,236.686,-38.862,311.0
1105,278.538,-44.887,308.0
1106,221.707,-79.254,319.0
1107,293.27,-20.581,281.0
1108,246.242,-76.421,286.0
1109,240.585,-96.933,309.0
1110,253.285,-26.508,311.0
1111,237.483,-95.94,289.0
1112,246.889,-35.101,446.0
1113,239.33,-52.201,276.0
1114,277.0,-14.705,332.0
1115,240.066,-89.259,296.0
1116,289.493,-36.333,320.0
1117,264.263,-30.108,340.0
1118,275.4,-10.678,289.0
1119,231.33,-90.388,300.0
1120,227.92,-69.451,298.0
1121,233.87,-71.96,356.0
1122,255.351,-41.115,306.0
1123,255.819,-34.034,365.0
1124,266.708,-57.597,126.0
1125,252.589,-79.069,303.0
1126,283.176,-27.104,286.0
1127,232.288,-47.49,285.0
1128,239.898,-63.026,265.0
1129,239.731,-46.716,330.0
1130,263.752,-10.654,300.0
1131,284.347,-8.87,299.0
1132,259.224,-70.785,277.0
1133,260.506,-21.459,293.0
1134,231.119,-55.655,339.0
1135,220.234,-61.396,285.0
1136,264.421,-20.83,244.0
1137,245.347,-83.785,297.0
1138,267.154,-66.527,253.0
1139,275.133,-34.964,302.0
1140,274.846,-30.323,306.0
1141,214.173,-76.004,274.0
1142,220.313,-71.436,261.0
1143,221.637,-58.252,288.0
1144,211.048,-69.685,85.0
1145,217.384,-85.679,289.0
1146,247.749,-46.622,274.0
1147,290.02,-12.507,29.0
1148,254.397,-60.519,290.0
1149,260.31,-43.872,322.0
1150,129.572,-36.457,281.0
1151,176.061,-17.388,331.0
1152,91.633,-32.702,353.0
1153,114.595,-12.172,338.0
1154,46.74,-13.793,341.0
1155,123.865,-15.146,292.0
1156,171.89,-28.721,284.0
1157,59.538,-38.041,320.0
1158,101.132,-25.971,289.0
1159,145.461,-41.898,281.0
1160,155.591,-18.959,301.0
1161,66.793,-13.455,301.0
1162,49.445,-9.559,286.0
1163,59.895,-20.686,298.0
1164,72.523,-38.174,84.0
1165,135.793,-15.852,268.0
1166,175.329,-3.551,371.0
1167,76.46,-32.101,300.0
1168,49.524,-27.112,318.0
1169,67.736,-37.791,288.0
1170,85.671,-18.059,279.0
1171,78.043,-51.092,317.0
1172,163.089,-32.085,281.0
1173,109.114,-17.659,259.0
1174,122.922,-30.98,312.0
1175,125.039,-2.714,278.0
1176,165.476,-13.993,300.0
1177,37.874,-11.114,291.0
1178,177.542,-14.823,269.0
1179,141.293,-20.402,295.0
1180,144.103,-29.266,296.0
1181,89.268,-28.063,258.0
1182,74.337,-15.275,278.0
1183,34.525,-18.875,309.0
1184,146.749,-34.48,318.0
1185,80.928,-7.37,0.0
1186,102.747,-10.402,294.0
1187,144.723,-7.228,0.0
1188,63.836,-32.0,271.0
1189,70.786,-20.625,20.0
1190,129.868,-24.158,294.0
1191,96.24,-15.772,284.0
1192,161.742,-25.49,262.0
1193,113.712,-18.728,287.0
1194,137.914,-42.812,307.0
1195,49.586,-16.119,308.0
1196,80.98,-17.27,148.0
1197,40.717,-25.614,284.0
1198,151.543,-23.872,286.0
1199,27.937,-9.519,299.0
1200,304.784,-147.102,0.0
1201,385.626,-89.235,287.0
1202,330.801,-119.092,322.0
1203,324.797,-75.05,303.0
1204,362.486,-86.3,283.0
1205,306.166,-106.093,0.0
1206,303.673,-94.094,283.0
1207,326.563,-117.154,298.0
1208,316.38,-98.942,0.0
1209,313.331,-130.111,0.0
1210,289.527,-126.046,292.0
1211,293.087,-116.548,304.0
1212,345.437,-79.1,275.0
1213,315.412,-111.062,294.0
1214,354.415,-110.966,318.0
1215,336.448,-126.482,285.0
1216,328.463,-144.438,0.0
1217,327.626,-85.252,292.0
1218,343.822,-120.108,363.0
1219,315.213,-89.277,365.0
1220,315.435,-125.48,278.0
1221,333.394,-111.307,0.0
1222,301.206,-126.864,295.0
1223,288.715,-134.198,301.0
1224,329.311,-96.387,324.0
1225,322.599,-143.885,1.0
1226,308.025,-150.835,265.0
1227,353.297,-89.38,305.0
1228,342.775,-86.649,279.0
1229,344.249,-97.095,329.0
1230,359.274,-103.513,303.0
1231,317.806,-78.124,0.0
1232,292.752,-140.205,304.0
1233,323.497,-137.869,329.0
1234,308.717,-136.109,284.0
1235,346.092,-111.01,288.0
1236,370.412,-93.226,316.0
1237,330.754,-137.213,300.0
1238,294.025,-125.677,321.0
1239,336.566,-99.991,335.0
1240,331.814,-89.072,275.0
1241,354.856,-86.174,321.0
1242,349.173,-106.176,354.0
1243,337.85,-77.35,260.0
1244,357.583,-109.45,315.0
1245,305.584,-116.026,73.0
1246,336.211,-74.377,279.0
1247,324.125,-125.133,94.0
1248,325.188,-104.846,296.0
1249,311.324,-139.423,294.0
1250,162.474,-71.107,304.0
1251,135.782,-92.337,279.0
1252,176.597,-66.162,258.0
1253,123.394,-86.183,287.0
1254,159.04,-70.329,285.0
1255,174.92,-95.02,282.0
1256,202.38,-62.099,269.0
1257,152.782,-102.666,0.0
1258,147.358,-82.431,236.0
1259,215.971,-47.182,295.0
1260,180.508,-83.863,323.0
1261,158.012,-43.54,325.0
1262,201.489,-70.922,0.0
1263,178.925,-88.761,293.0
1264,179.148,-104.971,344.0
1265,160.463,-98.962,284.0
1266,135.162,-82.071,282.0
1267,127.83,-77.613,329.0
1268,188.541,-90.589,289.0
1269,203.967,-51.332,417.0
1270,164.391,-44.46,262.0
1271,176.262,-41.758,124.0
1272,140.89,-94.983,280.0
1273,185.78,-34.372,254.0
1274,157.184,-94.289,307.0
1275,168.753,-100.413,94.0
1276,143.846,-70.017,263.0
1277,204.628,-41.324,0.0
1278,175.396,-37.493,289.0
1279,184.665,-58.696,0.0
1280,198.54,-47.621,292.0
1281,158.799,-85.281,254.0
1282,192.399,-60.486,284.0
1283,190.189,-70.448,257.0
1284,173.489,-80.962,303.0
1285,185.404,-65.982,268.0
1286,172.669,-73.353,272.0
1287,161.443,-111.378,340.0
1288,168.956,-35.896,0.0
1289,178.666,-54.715,259.0
1290,159.019,-49.419,255.0
1291,170.549,-60.558,299.0
1292,192.825,-75.126,264.0
1293,164.557,-75.8,306.0
1294,209.174,-60.528,297.0
1295,146.351,-73.4,341.0
1296,185.117,-52.198,350.0
1297,164.583,-84.629,307.0
1298,138.744,-73.677,300.0
1299,154.64,-59.845,271.0
1300,299.887,-87.044,300.0
1301,276.618,-89.09,274.0
1302,240.294,-104.847,287.0
1303,327.745,-58.114,313.0
1304,308.171,-60.443,287.0
1305,271.055,-64.886,299.0
1306,279.679,-106.495,263.0
1307,282.809,-77.977,418.0
1308,283.78,-113.295,316.0
1309,278.915,-60.383,325.0
1310,261.716,-90.142,292.0
1311,296.906,-75.897,299.0
1312,275.011,-120.498,271.0
1313,288.112,-97.429,327.0
1314,291.855,-53.084,302.0
1315,269.99,-109.655,29.0
1316,332.739,-67.49,303.0
1317,277.208,-126.214,0.0
1318,307.366,-87.831,290.0
1319,305.378,-48.825,320.0
1320,283.029,-40.091,325.0
1321,254.596,-89.521,318.0
1322,305.176,-53.92,309.0
1323,272.753,-84.658,337.0
1324,263.595,-71.363,274.0
1325,299.912,-96.168,282.0
1326,319.66,-67.853,0.0
1327,297.656,-66.713,285.0
1328,242.093,-117.095,287.0
1329,317.086,-50.384,533.0
1330,322.63,-47.614,38.0
1331,305.999,-70.314,274.0
1332,293.047,-86.651,296.0
1333,286.281,-104.142,438.0
1334,321.17,-56.725,307.0
1335,295.554,-39.095,0.0
1336,282.447,-56.451,34.0
1337,259.708,-87.827,308.0
1338,273.971,-98.445,319.0
1339,288.605,-65.126,280.0
1340,252.917,-105.064,294.0
1341,292.117,-70.114,0.0
1342,259.812,-113.012,266.0
1343,265.967,-106.216,257.0
1344,251.771,-99.237,249.0
1345,247.419,-120.729,308.0
1346,283.79,-95.7,122.0
1347,279.883,-83.723,283.0
1348,293.306,-59.785,0.0
1349,267.599,-122.077,316.0
1350,328.267,-167.724,322.0
1351,353.391,-185.053,355.0
1352,328.253,-192.798,316.0
1353,286.108,-179.429,340.0
1354,320.468,-157.316,301.0
1355,348.068,-201.442,345.0
1356,309.79,-173.998,347.0
1357,366.731,-175.021,340.0
1358,355.488,-189.458,383.0
1359,325.459,-187.856,319.0
1360,327.227,-159.021,291.0
1361,319.919,-226.918,0.0
1362,297.132,-179.181,293.0
1363,340.881,-213.178,352.0
1364,342.264,-185.908,330.0
1365,343.264,-193.77,371.0
1366,322.687,-218.562,357.0
1367,340.648,-161.089,335.0
1368,309.793,-213.741,381.0
1369,299.11,-208.928,348.0
1370,333.607,-216.326,435.0
1371,345.44,-171.773,339.0
1372,289.163,-206.293,350.0
1373,367.524,-166.661,327.0
1374,358.281,-167.023,376.0
1375,326.107,-205.133,377.0
1376,316.977,-173.507,309.0
1377,297.229,-190.772,379.0
1378,317.642,-180.349,314.0
1379,350.549,-172.855,346.0
1380,335.58,-168.773,331.0
1381,324.581,-178.376,367.0
1382,339.376,-191.841,345.0
1383,333.946,-222.753,313.0
1384,307.424,-198.382,307.0
1385,321.592,-190.438,310.0
1386,293.001,-193.623,326.0
1387,342.101,-206.766,54.0
1388,311.749,-184.841,390.0
1389,336.806,-181.959,332.0
1390,351.613,-156.447,365.0
1391,310.668,-196.239,334.0
1392,343.243,-178.624,435.0
1393,312.315,-216.311,339.0
1394,333.754,-152.711,405.0
1395,329.746,-231.698,49.0
1396,309.04,-202.144,348.0
1397,303.393,-214.563,391.0
1398,336.548,-202.148,324.0
1399,295.74,-193.758,340.0
1400,92.53,-30.239,344.0
1401,211.053,-10.971,316.0
1402,122.554,-46.81,30.0
1403,131.009,-48.985,320.0
1404,185.587,-17.217,323.0
1405,134.691,-50.886,284.0
1406,96.619,-47.015,319.0
1407,141.976,-59.148,312.0
1408,221.451,-46.76,328.0
1409,88.831,-60.499,325.0
1410,124.414,-55.848,283.0
1411,104.731,-35.388,284.0
1412,208.721,-39.734,291.0
1413,187.169,-25.619,324.0
1414,229.938,-32.964,364.0
1415,202.697,-25.258,334.0
1416,180.985,-20.404,366.0
1417,89.076,-44.971,312.0
1418,101.945,-60.178,332.0
1419,95.189,-34.696,296.0
1420,214.181,-15.393,329.0
1421,103.524,-63.749,338.0
1422,253.467,-8.257,0.0
1423,113.129,-38.749,333.0
1424,140.396,-48.832,0.0
1425,191.751,-6.741,295.0
1426,225.569,-21.43,30.0
1427,129.715,-68.904,278.0
1428,111.429,-34.287,250.0
1429,218.987,-30.624,343.0
1430,123.001,-34.213,277.0
1431,106.392,-62.367,332.0
1432,226.252,-6.765,333.0
1433,119.077,-78.149,0.0
1434,104.177,-73.167,331.0
1435,213.284,-6.944,378.0
1436,230.512,-14.131,311.0
1437,198.6,-12.917,1.0
1438,230.942,-7.438,323.0
1439,209.113,-29.726,304.0
1440,110.565,-52.685,311.0
1441,241.544,-16.256,325.0
1442,245.906,-19.852,299.0
1443,104.769,-45.168,311.0
1444,114.274,-67.176,331.0
1445,80.555,-54.55,283.0
1446,203.792,-18.097,306.0
1447,200.47,-35.883,323.0
1448,213.219,-24.21,345.0
1449,249.94,-15.493,395.0
1450,365.442,-51.271,325.0
1451,372.892,-84.281,0.0
1452,353.332,-63.905,313.0
1453,334.23,-58.05,365.0
1454,237.529,-163.666,285.0
1455,385.589,-46.218,286.0
1456,238.203,-153.537,0.0
1457,387.016,-60.591,337.0
1458,393.199,-60.462,503.0
1459,232.143,-123.679,326.0
1460,248.615,-138.854,0.0
1461,249.764,-128.536,0.0
1462,259.095,-131.695,343.0
1463,258.525,-124.371,328.0
1464,269.199,-132.55,285.0
1465,242.179,-159.682,345.0
1466,244.223,-126.233,292.0
1467,375.713,-51.402,345.0
1468,219.549,-156.294,370.0
1469,369.15,-75.085,336.0
1470,346.473,-66.468,290.0
1471,247.872,-153.761,292.0
1472,353.945,-50.482,308.0
1473,232.85,-116.474,332.0
1474,348.546,-46.889,322.0
1475,240.395,-132.812,0.0
1476,363.365,-28.587,303.0
1477,366.864,-69.143,291.0
1478,362.795,-80.776,41.0
1479,239.302,-145.974,290.0
1480,377.0,-81.004,296.0
1481,395.025,-41.708,323.0
1482,354.844,-70.224,300.0
1483,359.057,-40.765,0.0
1484,223.657,-149.012,335.0
1485,207.257,-146.06,336.0
1486,392.121,-75.954,0.0
1487,213.516,-140.1,333.0
1488,375.852,-68.643,329.0
1489,385.007,-75.39,326.0
1490,218.251,-147.936,326.0
1491,397.325,-68.467,336.0
1492,370.103,-57.263,332.0
1493,228.105,-134.423,316.0
1494,230.72,-154.773,298.0
1495,255.431,-147.733,342.0
1496,253.417,-156.515,312.0
1497,0.0,0.0,0.0
1498,216.838,-132.218,340.0
1499,345.884,-56.382,313.0
1500,130.41,72.906,340.0
1501,138.194,72.435,365.0
1502,56.76,27.625,350.0
1503,152.626,97.2,0.0
1504,120.548,60.355,344.0
1505,105.879,56.593,324.0
1506,143.806,71.44,369.0
1507,138.926,80.881,347.0
1508,43.921,11.226,419.0
1509,93.379,23.552,320.0
1510,37.716,4.293,378.0
1511,48.618,3.869,392.0
1512,46.068,26.706,337.0
1513,54.155,18.27,350.0
1514,85.105,4.826,377.0
1515,28.76,4.033,385.0
1516,115.045,47.264,358.0
1517,73.947,16.517,362.0
1518,91.184,36.099,340.0
1519,81.796,21.745,376.0
1520,142.14,97.246,0.0
1521,71.261,18.172,359.0
1522,135.898,87.485,320.0
1523,134.972,56.843,335.0
1524,147.427,52.156,35.0
1525,69.997,36.498,308.0
1526,95.198,54.649,335.0
1527,80.295,46.083,295.0
1528,32.948,15.81,0.0
1529,63.17,33.854,356.0
1530,140.686,61.922,342.0
1531,139.707,49.411,327.0
1532,86.645,8.398,350.0
1533,133.301,79.447,414.0
1534,150.708,76.236,345.0
1535,124.282,48.346,332.0
1536,63.174,7.784,385.0
1537,87.181,29.688,411.0
1538,83.2,18.096,363.0
1539,86.032,55.472,342.0
1540,117.889,80.821,313.0
1541,106.299,45.985,327.0
1542,114.12,65.544,291.0
1543,64.303,10.681,345.0
1544,113.385,55.232,324.0
1545,152.11,87.185,370.0
1546,109.846,66.468,330.0
1547,100.546,41.157,319.0
1548,70.156,10.351,387.0
1549,74.315,33.358,346.0
1550,241.049,46.039,329.0
1551,290.778,196.141,350.0
1552,265.674,147.577,327.0
1553,229.512,19.88,289.0
1554,293.165,177.498,356.0
1555,282.825,196.206,0.0
1556,225.506,42.921,27.0
1557,275.444,147.688,312.0
1558,233.684,46.931,319.0
1559,297.524,160.419,553.0
1560,222.517,13.093,347.0
1561,215.111,24.717,0.0
1562,305.873,158.262,374.0
1563,226.485,4.417,293.0
1564,238.042,38.804,344.0
1565,0.0,0.0,0.0
1566,303.245,195.619,322.0
1567,278.128,167.612,0.0
1568,234.752,18.863,368.0
1569,248.353,23.49,0.0
1570,262.011,178.216,0.0
1571,268.458,173.299,372.0
1572,235.24,11.148,418.0
1573,228.197,29.572,343.0
1574,269.551,155.264,322.0
1575,208.782,4.986,308.0
1576,278.512,178.892,320.0
1577,288.977,185.803,0.0
1578,298.013,168.987,313.0
1579,246.321,38.186,317.0
1580,249.473,36.182,437.0
1581,223.788,32.908,331.0
1582,210.12,36.384,346.0
1583,255.27,146.932,310.0
1584,251.291,55.451,336.0
1585,219.363,40.771,321.0
1586,212.952,19.363,325.0
1587,279.201,186.923,313.0
1588,288.132,169.173,0.0
1589,219.057,4.909,383.0
1590,269.01,190.448,320.0
1591,239.029,34.339,317.0
1592,303.53,174.026,357.0
1593,220.901,53.506,319.0
1594,283.335,159.755,335.0
1595,267.124,169.144,1.0
1596,262.054,160.221,0.0
1597,252.171,4.572,563.0
1598,236.1,5.181,0.0
1599,258.44,164.343,304.0
1600,396.039,9.487,419.0
1601,346.233,8.852,381.0
1602,377.37,25.29,344.0
1603,396.356,81.0,314.0
1604,372.807,41.188,308.0
1605,361.198,42.748,1.0
1606,363.916,10.443,353.0
1607,358.339,9.217,325.0
1608,367.65,59.474,331.0
1609,382.346,24.785,0.0
1610,345.488,33.748,1.0
1611,386.81,56.827,340.0
1612,399.832,42.599,484.0
1613,389.842,63.403,335.0
1614,366.569,69.843,0.0
1615,371.058,81.988,391.0
1616,359.682,19.773,357.0
1617,339.643,21.399,365.0
1618,351.109,10.535,334.0
1619,350.761,60.786,4.0
1620,390.575,45.678,346.0
1621,398.193,15.744,4.0
1622,353.33,36.589,307.0
1623,348.24,25.085,326.0
1624,374.068,29.962,370.0
1625,378.337,8.936,375.0
1626,402.051,4.08,458.0
1627,386.502,73.769,353.0
1628,364.15,55.953,365.0
1629,401.419,24.702,384.0
1630,393.978,28.918,157.0
1631,380.608,66.691,353.0
1632,401.637,32.493,322.0
1633,369.648,48.638,362.0
1634,353.389,51.258,350.0
1635,359.904,65.084,496.0
1636,372.343,5.738,452.0
1637,380.73,47.8,344.0
1638,387.878,70.025,0.0
1639,387.689,51.783,0.0
1640,378.694,40.027,319.0
1641,382.374,6.728,0.0
1642,361.413,78.813,0.0
1643,402.182,48.906,366.0
1644,361.318,6.723,1.0
1645,398.319,69.905,0.0
1646,360.55,32.814,377.0
1647,389.565,15.257,400.0
1648,368.65,30.513,391.0
1649,387.659,33.915,0.0
1650,272.497,63.291,338.0
1651,298.65,95.359,0.0
1652,281.667,128.067,58.0
1653,260.139,102.698,313.0
1654,254.277,92.106,371.0
1655,296.279,116.07,337.0
1656,263.692,92.766,180.0
1657,274.865,107.276,430.0
1658,275.955,82.321,329.0
1659,292.09,142.926,316.0
1660,266.676,74.448,239.0
1661,272.247,53.735,354.0
1662,268.844,116.865,346.0
1663,277.713,97.14,44.0
1664,295.758,133.056,313.0
1665,291.871,126.32,318.0
1666,298.833,62.434,314.0
1667,262.115,120.415,287.0
1668,284.012,102.589,304.0
1669,295.805,106.158,285.0
1670,300.364,78.337,337.0
1671,260.483,67.869,298.0
1672,275.476,57.487,305.0
1673,286.222,110.901,310.0
1674,281.825,76.282,326.0
1675,255.451,79.481,362.0
1676,296.726,152.275,299.0
1677,256.673,60.854,0.0
1678,290.404,96.183,350.0
1679,293.167,69.832,0.0
1680,292.99,73.945,360.0
1681,264.835,139.726,340.0
1682,293.789,83.029,307.0
1683,261.949,51.839,0.0
1684,278.03,120.434,321.0
1685,277.481,114.941,5.0
1686,287.206,133.957,314.0
1687,279.273,142.869,311.0
1688,262.631,88.008,299.0
1689,300.975,139.521,310.0
1690,256.324,134.607,315.0
1691,288.942,151.127,309.0
1692,288.666,68.974,366.0
1693,253.331,117.567,333.0
1694,272.129,137.434,339.0
1695,291.21,64.188,327.0
1696,288.61,120.289,284.0
1697,279.886,88.95,324.0
1698,269.422,57.583,372.0
1699,263.898,128.224,343.0
1700,173.042,117.422,337.0
1701,192.911,102.063,332.0
1702,120.05,15.584,323.0
1703,123.044,11.817,323.0
1704,168.154,106.17,0.0
1705,183.748,97.15,0.0
1706,106.006,11.295,272.0
1707,128.465,8.402,360.0
1708,104.025,6.235,335.0
1709,196.274,134.536,333.0
1710,180.69,117.157,341.0
1711,106.543,40.214,297.0
1712,95.333,33.738,1.0
1713,196.008,97.275,340.0
1714,194.023,125.866,319.0
1715,150.906,28.607,305.0
1716,111.285,4.341,301.0
1717,121.036,44.001,330.0
1718,96.967,23.213,316.0
1719,121.435,6.675,0.0
1720,146.367,45.119,381.0
1721,125.093,19.578,215.0
1722,182.144,106.09,309.0
1723,165.51,89.302,293.0
1724,210.16,125.253,354.0
1725,218.232,129.292,351.0
1726,197.147,117.574,285.0
1727,203.604,118.83,344.0
1728,208.942,95.84,332.0
1729,141.738,22.332,328.0
1730,141.842,5.881,304.0
1731,206.137,144.093,336.0
1732,111.283,26.407,218.0
1733,201.938,129.065,348.0
1734,0.0,0.0,0.0
1735,139.616,14.357,334.0
1736,127.834,27.43,198.0
1737,194.462,104.211,345.0
1738,98.166,17.524,330.0
1739,195.194,112.793,320.0
1740,138.079,34.521,316.0
1741,174.994,120.758,338.0
1742,134.852,25.817,290.0
1743,101.617,34.709,352.0
1744,156.342,106.173,0.0
1745,162.771,97.08,5.0
1746,157.417,86.59,299.0
1747,115.547,30.289,313.0
1748,175.739,87.113,297.0
1749,131.7,42.889,3.0
1750,356.842,97.502,349.0
1751,340.892,30.826,352.0
1752,350.091,47.279,342.0
1753,302.952,34.527,348.0
1754,318.551,10.724,332.0
1755,312.549,48.824,431.0
1756,382.97,113.429,0.0
1757,343.408,5.235,352.0
1758,366.919,123.972,0.0
1759,363.849,88.7,328.0
1760,303.497,18.662,116.0
1761,304.372,41.6,366.0
1762,388.521,122.437,0.0
1763,388.497,104.462,0.0
1764,319.284,24.731,0.0
1765,333.532,5.488,355.0
1766,324.539,51.767,0.0
1767,360.992,84.497,368.0
1768,335.06,15.69,0.0
1769,325.936,38.947,360.0
1770,298.423,49.854,217.0
1771,309.514,27.379,342.0
1772,378.132,140.586,0.0
1773,0.0,0.0,0.0
1774,356.055,100.693,304.0
1775,295.402,5.272,316.0
1776,340.427,42.149,295.0
1777,361.514,114.888,0.0
1778,317.793,42.063,532.0
1779,315.945,36.951,338.0
1780,327.114,23.335,372.0
1781,388.167,95.957,311.0
1782,383.321,131.569,0.0
1783,324.881,33.224,0.0
1784,366.966,142.003,0.0
1785,311.237,3.442,357.0
1786,321.044,8.45,331.0
1787,378.123,122.419,0.0
1788,373.908,132.932,450.0
1789,368.973,107.798,343.0
1790,377.214,87.874,0.0
1791,321.875,10.767,360.0
1792,378.472,100.684,327.0
1793,360.067,128.466,320.0
1794,393.421,95.369,0.0
1795,392.595,86.666,344.0
1796,369.739,159.448,595.0
1797,338.024,46.69,348.0
1798,372.687,99.284,332.0
1799,372.571,151.171,0.0
1800,145.911,13.203,0.0
1801,157.774,51.792,0.0
1802,196.767,80.035,329.0
1803,186.268,30.722,346.0
1804,173.989,79.815,349.0
1805,188.007,67.186,346.0
1806,203.514,14.228,367.0
1807,181.541,74.747,360.0
1808,149.635,20.505,329.0
1809,204.566,18.373,313.0
1810,167.676,27.171,310.0
1811,187.511,82.107,358.0
1812,166.694,61.009,350.0
1813,159.039,66.243,293.0
1814,198.645,40.389,338.0
1815,184.964,39.858,323.0
1816,182.402,54.144,336.0
1817,149.618,5.829,319.0
1818,197.263,27.532,318.0
1819,209.779,43.847,308.0
1820,200.447,57.756,332.0
1821,158.585,26.203,321.0
1822,181.424,59.614,402.0
1823,167.45,78.885,340.0
1824,157.55,10.337,308.0
1825,150.265,63.496,304.0
1826,199.555,33.799,1.0
1827,182.799,20.673,308.0
1828,173.907,6.614,0.0
1829,153.836,30.748,379.0
1830,196.789,65.382,389.0
1831,168.079,65.683,348.0
1832,181.247,6.421,318.0
1833,185.083,14.508,312.0
1834,170.983,58.413,303.0
1835,199.5,88.06,0.0
1836,168.292,15.781,0.0
1837,209.644,80.778,295.0
1838,195.904,56.174,0.0
1839,163.096,6.918,336.0
1840,167.711,40.445,304.0
1841,192.977,8.944,331.0
1842,174.485,67.656,335.0
1843,177.712,44.727,331.0
1844,188.7,51.858,1.0
1845,175.081,20.102,338.0
1846,166.712,48.265,327.0
1847,177.043,15.256,361.0
1848,177.505,27.07,291.0
1849,200.955,46.216,335.0
1850,298.764,36.657,323.0
1851,311.221,155.973,339.0
1852,356.841,169.195,300.0
1853,271.52,21.346,358.0
1854,309.055,150.847,0.0
1855,359.598,159.893,316.0
1856,330.009,150.969,0.0
1857,290.884,6.848,369.0
1858,283.843,40.376,320.0
1859,263.452,45.178,364.0
1860,334.501,173.402,333.0
1861,325.047,157.024,336.0
1862,295.703,27.652,332.0
1863,324.949,178.168,0.0
1864,314.221,189.482,281.0
1865,357.416,178.155,294.0
1866,267.37,6.65,0.0
1867,321.615,167.232,0.0
1868,0.0,0.0,0.0
1869,289.953,20.546,321.0
1870,349.436,152.429,308.0
1871,279.985,22.053,321.0
1872,346.297,196.3,0.0
1873,339.698,172.354,328.0
1874,261.228,33.99,358.0
1875,263.59,12.005,377.0
1876,275.251,38.822,346.0
1877,278.367,15.292,303.0
1878,347.93,185.867,351.0
1879,295.806,46.746,313.0
1880,277.628,6.713,52.0
1881,292.43,14.124,304.0
1882,318.356,148.317,338.0
1883,300.926,18.985,304.0
1884,287.851,30.284,351.0
1885,250.21,9.333,331.0
1886,311.359,168.771,348.0
1887,348.982,179.111,314.0
1888,274.462,35.004,329.0
1889,349.938,161.005,339.0
1890,319.16,175.314,336.0
1891,333.263,165.476,310.0
1892,256.84,24.768,0.0
1893,337.676,153.537,347.0
1894,342.527,185.924,496.0
1895,283.573,53.643,336.0
1896,260.314,39.661,302.0
1897,334.535,155.926,346.0
1898,255.092,8.619,416.0
1899,276.518,10.338,314.0
1900,242.045,65.586,354.0
1901,213.133,47.212,314.0
1902,221.572,128.371,336.0
1903,211.569,90.043,339.0
1904,218.34,60.732,346.0
1905,241.182,160.225,0.0
1906,224.659,117.262,338.0
1907,232.405,101.655,396.0
1908,238.283,109.498,361.0
1909,235.76,97.041,0.0
1910,228.167,152.165,389.0
1911,217.964,90.72,369.0
1912,242.059,149.704,377.0
1913,232.904,157.245,369.0
1914,232.694,127.026,362.0
1915,220.919,133.325,377.0
1916,224.778,93.53,392.0
1917,248.507,67.718,390.0
1918,205.461,102.183,395.0
1919,246.341,151.054,0.0
1920,224.803,101.109,399.0
1921,231.12,139.44,378.0
1922,253.392,127.377,438.0
1923,247.654,127.464,353.0
1924,228.507,76.25,408.0
1925,246.435,114.572,329.0
1926,242.111,165.812,377.0
1927,238.29,87.533,345.0
1928,211.169,98.04,377.0
1929,248.377,104.985,325.0
1930,212.172,115.056,372.0
1931,221.192,140.186,366.0
1932,214.952,78.939,0.0
1933,231.073,82.591,370.0
1934,249.931,100.342,391.0
1935,239.598,136.864,381.0
1936,243.924,101.018,239.0
1937,242.791,62.303,341.0
1938,246.282,79.025,0.0
1939,230.858,68.905,365.0
1940,239.937,134.48,352.0
1941,225.14,66.653,362.0
1942,209.776,73.721,435.0
1943,242.345,119.814,312.0
1944,252.33,143.637,336.0
1945,254.186,82.678,327.0
1946,231.294,61.575,370.0
1947,223.637,60.015,347.0
1948,235.237,75.827,419.0
1949,251.365,160.128,0.0
1950,328.035,81.997,341.0
1951,335.717,112.748,375.0
1952,324.492,84.017,445.0
1953,345.698,145.266,440.0
1954,345.519,80.945,355.0
1955,311.57,97.151,388.0
1956,318.884,62.657,330.0
1957,328.227,142.657,352.0
1958,322.036,131.232,339.0
1959,309.888,107.432,432.0
1960,311.273,71.997,352.0
1961,308.676,102.762,467.0
1962,330.355,111.893,0.0
1963,346.74,124.909,288.0
1964,346.353,69.883,0.0
1965,335.196,87.917,0.0
1966,311.681,57.231,405.0
1967,328.304,59.877,401.0
1968,354.8,92.773,394.0
1969,346.42,105.952,42.0
1970,313.274,120.11,493.0
1971,322.545,95.637,400.0
1972,325.667,129.831,330.0
1973,347.576,110.165,394.0
1974,335.502,61.687,396.0
1975,362.687,148.758,412.0
1976,310.569,134.712,409.0
1977,318.538,114.025,511.0
1978,339.345,125.078,540.0
1979,320.088,122.341,385.0
1980,323.102,106.867,417.0
1981,303.586,123.964,0.0
1982,353.577,132.819,423.0
1983,305.174,72.022,390.0
1984,338.69,77.333,360.0
1985,335.37,104.718,0.0
1986,340.54,96.98,0.0
1987,354.92,135.089,444.0
1988,319.233,80.125,418.0
1989,309.595,65.382,417.0
1990,350.787,78.854,0.0
1991,356.625,122.44,0.0
1992,315.718,90.732,422.0
1993,339.773,127.655,411.0
1994,334.234,66.182,540.0
1995,307.251,110.385,591.0
1996,313.634,145.248,413.0
1997,325.723,92.569,404.0
1998,324.746,72.685,345.0
1999,336.531,136.194,416.0
2000,231.464,332.747,0.0
2001,239.039,307.247,268.0
2002,254.735,192.551,277.0
2003,267.236,201.406,301.0
2004,241.867,216.593,237.0
2005,208.372,344.966,239.0
2006,261.801,209.762,0.0
2007,250.519,290.249,256.0
2008,229.284,220.56,238.0
2009,240.629,203.961,246.0
2010,221.553,319.307,251.0
2011,252.497,303.363,0.0
2012,221.662,218.059,263.0
2013,236.55,233.54,253.0
2014,253.94,200.794,295.0
2015,223.526,335.685,0.0
2016,240.193,190.874,237.0
2017,241.797,287.039,262.0
2018,254.272,312.722,262.0
2019,244.115,186.97,253.0
2020,235.028,295.542,273.0
2021,247.017,296.741,463.0
2022,221.958,325.291,248.0
2023,240.331,224.081,291.0
2024,247.189,208.05,242.0
2025,238.463,275.34,276.0
2026,210.777,329.192,259.0
2027,230.873,202.23,251.0
2028,235.797,291.209,259.0
2029,244.85,197.439,0.0
2030,253.671,228.418,283.0
2031,241.736,313.876,250.0
2032,212.112,323.714,263.0
2033,225.157,221.754,218.0
2034,227.026,305.01,272.0
2035,215.735,220.387,280.0
2036,0.0,0.0,0.0
2037,263.702,312.451,335.0
2038,248.927,240.548,268.0
2039,250.725,221.9,242.0
2040,238.785,207.959,96.0
2041,231.849,323.699,256.0
2042,213.635,344.873,295.0
2043,251.4,209.033,296.0
2044,248.965,303.224,239.0
2045,229.001,297.654,242.0
2046,258.115,299.527,221.0
2047,242.018,331.547,379.0
2048,239.759,241.034,265.0
2049,274.806,209.972,246.0
2050,156.307,222.821,239.0
2051,0.0,0.0,0.0
2052,145.023,250.658,311.0
2053,188.766,212.554,1.0
2054,177.045,237.403,0.0
2055,152.109,235.656,245.0
2056,155.584,274.228,239.0
2057,164.649,245.742,287.0
2058,164.613,252.281,267.0
2059,147.551,273.139,218.0
2060,149.527,262.821,241.0
2061,183.682,255.415,217.0
2062,136.268,258.174,229.0
2063,167.979,242.089,0.0
2064,150.685,252.515,231.0
2065,178.238,206.751,259.0
2066,144.259,291.61,0.0
2067,142.893,261.052,240.0
2068,198.293,224.375,216.0
2069,187.268,225.286,242.0
2070,128.387,269.022,0.0
2071,177.018,230.422,220.0
2072,165.37,268.996,198.0
2073,141.564,276.948,265.0
2074,165.362,262.37,0.0
2075,149.58,299.047,215.0
2076,139.537,246.795,237.0
2077,172.753,230.503,221.0
2078,176.897,248.378,0.0
2079,197.61,218.949,0.0
2080,154.143,224.996,236.0
2081,186.833,201.91,258.0
2082,154.319,287.805,0.0
2083,163.269,283.234,0.0
2084,180.206,197.232,271.0
2085,160.394,256.446,207.0
2086,159.822,236.217,0.0
2087,167.507,293.823,196.0
2088,173.799,206.298,283.0
2089,170.244,270.681,213.0
2090,185.501,243.598,1.0
2091,201.178,237.587,198.0
2092,171.611,255.549,212.0
2093,162.464,212.106,213.0
2094,155.85,266.628,0.0
2095,176.083,196.832,327.0
2096,184.186,214.133,247.0
2097,191.014,231.971,230.0
2098,171.013,219.336,260.0
2099,148.702,285.646,235.0
2100,80.677,146.387,191.0
2101,43.937,117.444,101.0
2102,67.144,138.271,238.0
2103,56.214,88.192,214.0
2104,63.882,136.572,186.0
2105,67.951,127.833,183.0
2106,44.711,39.364,221.0
2107,39.918,82.085,13.0
2108,14.749,22.284,192.0
2109,39.669,87.253,191.0
2110,57.558,75.267,176.0
2111,66.639,160.196,171.0
2112,76.7,153.852,0.0
2113,46.605,98.207,0.0
2114,50.931,117.284,189.0
2115,44.569,54.324,205.0
2116,32.039,32.607,224.0
2117,24.027,26.132,218.0
2118,42.382,104.428,77.0
2119,59.451,62.726,0.0
2120,52.318,127.768,192.0
2121,49.435,86.528,173.0
2122,49.876,47.658,206.0
2123,62.948,155.714,190.0
2124,65.35,111.591,179.0
2125,35.079,57.085,217.0
2126,69.437,119.838,209.0
2127,80.819,137.299,223.0
2128,26.996,39.974,85.0
2129,22.591,52.413,218.0
2130,67.102,168.795,281.0
2131,37.417,42.006,219.0
2132,0.0,0.0,0.0
2133,43.494,56.712,179.0
2134,56.066,101.079,213.0
2135,59.336,161.351,196.0
2136,36.264,73.146,188.0
2137,31.349,62.041,187.0
2138,52.674,59.198,207.0
2139,93.284,126.39,226.0
2140,56.059,67.268,178.0
2141,49.442,77.832,24.0
2142,41.463,65.627,242.0
2143,17.975,32.708,28.0
2144,57.848,49.495,195.0
2145,61.282,133.847,192.0
2146,83.16,122.173,205.0
2147,60.132,120.967,179.0
2148,64.893,57.069,200.0
2149,68.42,147.703,0.0
2150,272.094,228.347,243.0
2151,278.806,288.232,321.0
2152,298.097,232.616,382.0
2153,286.233,238.747,7.0
2154,266.823,220.779,218.0
2155,315.356,254.733,306.0
2156,0.0,0.0,0.0
2157,262.089,285.363,208.0
2158,270.798,238.774,222.0
2159,316.8,237.783,243.0
2160,256.459,261.715,0.0
2161,279.236,220.136,219.0
2162,280.031,209.468,241.0
2163,269.263,292.001,286.0
2164,302.378,264.899,318.0
2165,251.48,253.779,245.0
2166,293.615,256.513,268.0
2167,255.352,266.197,260.0
2168,271.893,267.231,224.0
2169,296.9,273.765,273.0
2170,248.69,268.047,224.0
2171,286.936,215.962,844.0
2172,281.815,279.469,0.0
2173,271.404,244.969,347.0
2174,287.06,228.79,364.0
2175,274.606,244.951,250.0
2176,254.511,282.488,0.0
2177,299.116,249.742,251.0
2178,263.776,274.743,250.0
2179,271.469,255.189,232.0
2180,296.978,268.171,233.0
2181,308.55,227.559,177.0
2182,300.993,273.044,317.0
2183,275.989,229.69,260.0
2184,278.829,266.357,244.0
2185,309.098,235.968,241.0
2186,276.366,269.857,207.0
2187,328.652,243.471,354.0
2188,310.272,249.87,243.0
2189,296.881,240.628,329.0
2190,255.198,252.632,225.0
2191,294.305,222.615,285.0
2192,283.632,261.394,255.0
2193,274.1,277.968,237.0
2194,276.905,258.177,259.0
2195,263.715,242.152,270.0
2196,281.638,247.47,236.0
2197,257.096,233.237,223.0
2198,251.275,278.838,222.0
2199,269.313,209.749,245.0
2200,114.011,279.814,287.0
2201,173.541,166.347,290.0
2202,153.242,312.603,254.0
2203,149.943,150.781,0.0
2204,181.323,170.332,249.0
2205,128.94,293.948,424.0
2206,174.457,185.08,262.0
2207,144.774,299.873,247.0
2208,113.46,324.678,282.0
2209,161.782,149.841,60.0
2210,132.957,310.733,254.0
2211,159.713,137.503,249.0
2212,108.067,298.708,0.0
2213,172.006,158.096,281.0
2214,134.873,305.946,234.0
2215,133.744,339.186,263.0
2216,121.774,295.243,222.0
2217,134.398,295.435,247.0
2218,186.604,164.605,261.0
2219,185.595,143.518,275.0
2220,170.093,131.991,0.0
2221,135.802,285.564,0.0
2222,117.259,314.847,247.0
2223,104.415,309.156,223.0
2224,125.854,307.46,262.0
2225,159.173,174.564,298.0
2226,164.475,183.61,275.0
2227,115.752,274.929,272.0
2228,195.513,148.589,299.0
2229,123.21,332.012,275.0
2230,119.449,298.457,331.0
2231,180.888,143.093,240.0
2232,127.667,304.216,251.0
2233,172.589,138.658,310.0
2234,127.923,279.759,252.0
2235,176.785,183.254,252.0
2236,162.363,127.069,303.0
2237,177.943,162.253,265.0
2238,108.98,291.199,272.0
2239,153.935,169.439,245.0
2240,159.141,156.588,248.0
2241,154.104,161.684,293.0
2242,168.232,173.384,0.0
2243,182.923,135.669,300.0
2244,131.637,327.255,0.0
2245,143.19,306.325,267.0
2246,174.113,152.498,290.0
2247,123.07,320.86,0.0
2248,142.956,325.113,275.0
2249,161.21,163.175,229.0
2250,87.503,107.382,171.0
2251,66.819,84.233,164.0
2252,59.73,81.331,166.0
2253,77.343,79.393,185.0
2254,86.031,85.554,163.0
2255,105.86,197.543,14.0
2256,99.532,203.645,0.0
2257,77.085,101.636,129.0
2258,96.752,233.242,0.0
2259,92.722,121.772,168.0
2260,74.555,171.555,42.0
2261,110.7,90.447,199.0
2262,80.611,220.829,136.0
2263,95.666,113.75,168.0
2264,84.279,170.304,0.0
2265,95.11,182.659,135.0
2266,93.677,101.569,138.0
2267,95.487,78.732,197.0
2268,80.589,75.185,191.0
2269,80.682,98.428,151.0
2270,80.055,95.563,145.0
2271,80.829,198.592,176.0
2272,79.768,166.52,231.0
2273,92.31,174.03,235.0
2274,74.002,63.696,226.0
2275,64.715,101.043,232.0
2276,69.557,79.87,214.0
2277,86.12,238.578,4.0
2278,91.336,80.043,190.0
2279,88.265,218.899,272.0
2280,97.605,101.579,235.0
2281,74.219,201.084,242.0
2282,76.876,181.704,219.0
2283,93.159,223.034,232.0
2284,87.233,230.839,247.0
2285,81.277,112.169,3.0
2286,95.485,196.204,239.0
2287,85.508,212.934,208.0
2288,102.854,78.09,256.0
2289,88.254,207.565,239.0
2290,101.6,193.215,229.0
2291,93.948,86.827,222.0
2292,86.547,66.686,235.0
2293,86.029,183.189,200.0
2294,70.718,63.181,233.0
2295,69.65,197.562,217.0
2296,68.811,175.547,198.0
2297,102.967,214.008,251.0
2298,108.12,91.768,226.0
2299,84.432,191.102,205.0
2300,207.992,248.599,214.0
2301,193.503,280.495,366.0
2302,197.721,286.225,238.0
2303,243.797,255.067,203.0
2304,177.724,304.031,198.0
2305,205.985,235.221,189.0
2306,228.705,271.878,241.0
2307,214.791,263.039,233.0
2308,240.525,247.682,254.0
2309,228.746,263.498,208.0
2310,215.351,291.02,216.0
2311,197.695,308.093,0.0
2312,180.216,271.51,251.0
2313,237.626,244.673,223.0
2314,204.009,262.031,277.0
2315,241.012,273.908,390.0
2316,204.807,272.002,403.0
2317,187.222,282.387,209.0
2318,174.019,294.319,234.0
2319,231.849,251.707,237.0
2320,208.356,293.653,0.0
2321,201.103,292.782,209.0
2322,203.646,255.261,213.0
2323,212.69,282.529,264.0
2324,175.219,278.46,233.0
2325,170.747,284.671,223.0
2326,188.616,301.495,0.0
2327,185.512,290.613,226.0
2328,214.193,305.481,232.0
2329,206.932,314.874,255.0
2330,227.711,246.951,220.0
2331,195.193,269.44,230.0
2332,186.962,313.79,226.0
2333,222.263,272.419,223.0
2334,207.241,319.586,200.0
2335,200.296,318.527,225.0
2336,215.891,252.29,218.0
2337,214.082,230.847,0.0
2338,216.377,299.427,0.0
2339,213.044,240.93,223.0
2340,217.583,281.847,198.0
2341,185.487,259.814,224.0
2342,205.458,328.777,246.0
2343,210.882,274.3,234.0
2344,225.359,259.347,215.0
2345,227.579,285.299,23.0
2346,180.211,298.975,233.0
2347,222.504,236.968,1.0
2348,190.507,260.008,240.0
2349,206.827,303.56,0.0
2350,102.992,241.833,239.0
2351,134.812,238.825,248.0
2352,135.65,244.77,226.0
2353,135.052,163.918,198.0
2354,156.375,195.298,240.0
2355,122.227,201.193,238.0
2356,124.305,221.662,0.0
2357,151.941,214.358,222.0
2358,165.899,203.534,214.0
2359,159.964,208.111,193.0
2360,129.845,209.078,262.0
2361,128.433,180.161,1.0
2362,104.508,230.976,222.0
2363,115.738,215.479,0.0
2364,92.719,264.338,219.0
2365,121.1,259.618,192.0
2366,114.116,236.597,0.0
2367,109.893,265.088,268.0
2368,98.968,270.681,257.0
2369,116.568,224.951,206.0
2370,141.112,182.739,268.0
2371,146.035,201.321,251.0
2372,143.545,220.106,249.0
2373,116.769,205.023,0.0
2374,161.111,192.294,217.0
2375,148.327,181.343,208.0
2376,156.546,185.537,235.0
2377,128.08,191.074,0.0
2378,106.596,207.094,243.0
2379,140.916,237.206,233.0
2380,148.021,187.503,237.0
2381,91.034,253.854,236.0
2382,108.802,223.406,207.0
2383,95.248,240.668,214.0
2384,138.222,175.979,0.0
2385,110.668,244.828,241.0
2386,123.111,231.899,0.0
2387,130.797,228.847,233.0
2388,98.52,278.841,204.0
2389,146.305,213.048,237.0
2390,134.768,206.919,0.0
2391,111.809,276.478,0.0
2392,123.128,197.728,222.0
2393,107.151,250.606,255.0
2394,107.159,256.135,247.0
2395,138.88,191.402,230.0
2396,121.988,251.636,251.0
2397,125.509,244.423,257.0
2398,109.36,260.291,226.0
2399,133.605,217.081,0.0
2400,190.434,167.063,258.0
2401,212.341,158.265,278.0
2402,216.22,210.163,0.0
2403,176.185,337.134,0.0
2404,210.089,190.787,260.0
2405,211.717,205.271,237.0
2406,171.256,312.519,214.0
2407,179.507,313.884,229.0
2408,156.617,335.824,242.0
2409,196.85,348.096,252.0
2410,175.683,330.695,58.0
2411,155.783,325.811,190.0
2412,195.73,182.534,236.0
2413,201.748,200.767,218.0
2414,221.151,169.229,0.0
2415,154.077,321.668,225.0
2416,171.54,331.264,217.0
2417,231.868,173.728,248.0
2418,195.006,161.236,0.0
2419,208.091,216.487,234.0
2420,184.492,187.992,225.0
2421,183.186,346.043,247.0
2422,178.805,346.037,211.0
2423,164.758,350.307,240.0
2424,203.161,157.113,225.0
2425,190.963,191.798,0.0
2426,228.291,190.247,220.0
2427,222.917,179.738,242.0
2428,210.197,178.226,230.0
2429,168.781,320.631,0.0
2430,209.169,165.328,287.0
2431,166.642,341.372,0.0
2432,194.936,339.598,22.0
2433,191.147,332.675,213.0
2434,202.811,191.21,266.0
2435,224.295,199.202,247.0
2436,187.969,319.377,250.0
2437,150.277,329.482,0.0
2438,210.732,172.968,249.0
2439,140.139,332.443,214.0
2440,232.561,180.807,304.0
2441,165.055,315.56,222.0
2442,198.255,208.166,0.0
2443,218.427,189.369,0.0
2444,167.706,363.09,243.0
2445,184.272,354.375,233.0
2446,196.031,329.258,0.0
2447,200.819,176.564,268.0
2448,165.499,307.001,285.0
2449,172.157,359.691,295.0
2450,110.169,158.134,339.0
2451,120.418,163.686,331.0
2452,120.52,171.434,401.0
2453,143.233,145.743,342.0
2454,137.088,144.993,356.0
2455,115.918,108.539,362.0
2456,120.491,138.21,339.0
2457,120.084,98.113,465.0
2458,111.466,171.177,301.0
2459,121.642,101.399,343.0
2460,145.286,133.831,364.0
2461,156.915,129.852,363.0
2462,105.544,170.983,112.0
2463,86.462,136.98,308.0
2464,142.831,123.073,346.0
2465,129.465,167.094,282.0
2466,113.537,181.531,318.0
2467,90.577,165.651,276.0
2468,121.877,178.634,347.0
2469,152.783,144.728,301.0
2470,121.621,110.22,332.0
2471,100.655,161.718,298.0
2472,128.883,103.452,281.0
2473,135.523,137.719,253.0
2474,131.714,116.762,267.0
2475,134.561,108.686,278.0
2476,100.066,154.894,287.0
2477,125.884,119.616,300.0
2478,127.723,107.893,107.0
2479,137.128,129.53,275.0
2480,126.711,147.38,280.0
2481,113.714,149.183,327.0
2482,83.593,149.248,274.0
2483,118.807,154.318,302.0
2484,100.182,179.703,294.0
2485,106.575,114.562,287.0
2486,109.714,95.375,282.0
2487,136.172,158.663,346.0
2488,142.792,154.467,296.0
2489,114.951,189.886,309.0
2490,143.031,113.657,285.0
2491,105.47,140.94,0.0
2492,88.118,160.146,304.0
2493,101.898,144.442,289.0
2494,150.803,115.146,334.0
2495,102.13,134.193,274.0
2496,119.586,124.588,308.0
2497,106.7,126.743,301.0
2498,103.447,147.813,274.0
2499,122.05,129.846,225.0
2500,39.009,163.026,246.0
2501,2.079,161.682,247.0
2502,22.275,153.578,0.0
2503,25.902,162.308,254.0
2504,5.26,204.286,238.0
2505,38.938,187.775,246.0
2506,5.705,185.931,0.0
2507,25.81,180.795,277.0
2508,42.099,159.967,235.0
2509,-7.625,214.694,312.0
2510,44.151,176.345,211.0
2511,47.9,194.942,253.0
2512,19.969,208.785,344.0
2513,33.666,155.081,0.0
2514,-3.259,190.334,233.0
2515,31.641,184.285,248.0
2516,6.182,174.537,228.0
2517,-25.869,178.651,247.0
2518,21.766,173.294,223.0
2519,-11.563,191.533,3.0
2520,-9.681,173.412,201.0
2521,-14.005,198.299,233.0
2522,29.256,204.604,210.0
2523,48.792,163.639,239.0
2524,-2.356,183.775,219.0
2525,17.895,190.982,243.0
2526,-26.233,210.364,241.0
2527,53.135,183.201,225.0
2528,13.627,178.199,209.0
2529,-18.087,171.753,0.0
2530,41.611,189.41,223.0
2531,30.561,193.028,237.0
2532,20.593,155.856,202.0
2533,23.026,198.361,245.0
2534,-7.32,222.391,258.0
2535,52.22,177.165,230.0
2536,-16.5,179.778,204.0
2537,11.283,200.138,220.0
2538,-17.473,207.882,219.0
2539,16.791,206.284,225.0
2540,9.13,166.679,207.0
2541,39.758,142.488,244.0
2542,-17.13,189.143,221.0
2543,39.507,198.901,236.0
2544,33.591,171.96,50.0
2545,-22.284,216.973,0.0
2546,9.306,209.574,201.0
2547,31.735,148.326,185.0
2548,-9.563,168.308,217.0
2549,-6.942,201.504,242.0
2550,-65.983,355.068,263.0
2551,-40.899,355.105,221.0
2552,-43.449,348.216,231.0
2553,-38.44,377.674,247.0
2554,82.506,260.985,290.0
2555,36.073,286.405,245.0
2556,-64.447,377.319,246.0
2557,-45.687,373.46,389.0
2558,53.639,268.688,278.0
2559,86.962,276.186,260.0
2560,-58.152,378.19,394.0
2561,-63.936,342.612,373.0
2562,-61.672,366.438,298.0
2563,74.4,245.92,312.0
2564,-49.962,394.031,288.0
2565,61.338,267.738,324.0
2566,-59.171,348.839,246.0
2567,-70.415,376.802,283.0
2568,-54.663,394.814,266.0
2569,55.822,250.507,274.0
2570,73.5,265.427,319.0
2571,-46.568,340.743,0.0
2572,66.232,277.616,277.0
2573,59.53,283.421,251.0
2574,62.587,241.492,259.0
2575,-83.057,391.246,521.0
2576,-60.362,388.472,285.0
2577,62.359,252.41,257.0
2578,71.191,291.511,216.0
2579,78.974,284.613,252.0
2580,-38.281,371.189,1.0
2581,77.261,252.693,272.0
2582,-51.866,358.518,0.0
2583,56.086,259.87,211.0
2584,-64.911,360.079,236.0
2585,58.373,289.469,0.0
2586,-37.842,383.016,406.0
2587,-52.431,386.381,0.0
2588,-55.596,359.119,230.0
2589,47.251,261.306,216.0
2590,43.408,267.594,0.0
2591,44.235,291.077,205.0
2592,-69.565,392.051,4.0
2593,-79.932,351.123,210.0
2594,52.098,284.105,204.0
2595,42.459,261.478,229.0
2596,70.59,277.774,243.0
2597,52.027,299.413,219.0
2598,-42.186,388.487,0.0
2599,48.747,279.986,159.0
2600,26.919,130.747,216.0
2601,23.787,123.497,163.0
2602,-61.469,231.735,229.0
2603,-47.035,235.53,243.0
2604,15.451,121.847,0.0
2605,-55.491,199.271,0.0
2606,4.189,117.625,183.0
2607,1.674,99.175,196.0
2608,-37.845,222.534,0.0
2609,16.682,141.122,213.0
2610,-31.729,220.126,264.0
2611,5.452,136.397,194.0
2612,-28.86,229.945,213.0
2613,-50.583,211.655,27.0
2614,-48.653,221.613,212.0
2615,-58.667,206.234,154.0
2616,-30.614,200.907,217.0
2617,27.387,105.7,186.0
2618,35.053,114.674,179.0
2619,34.807,136.256,176.0
2620,-25.135,185.978,144.0
2621,23.288,115.887,159.0
2622,25.001,101.905,194.0
2623,21.559,144.035,171.0
2624,-65.561,248.027,207.0
2625,14.801,95.295,189.0
2626,8.203,100.254,211.0
2627,10.057,147.343,166.0
2628,30.404,127.874,491.0
2629,-45.932,194.388,176.0
2630,-46.664,182.943,187.0
2631,-2.996,132.115,181.0
2632,18.432,147.697,179.0
2633,1.875,109.209,206.0
2634,21.312,105.974,186.0
2635,-64.598,225.263,203.0
2636,-8.898,114.854,188.0
2637,-43.042,197.045,205.0
2638,14.395,110.977,201.0
2639,-42.141,185.149,22.0
2640,10.223,130.592,165.0
2641,16.826,133.797,153.0
2642,-41.742,225.789,227.0
2643,-34.943,181.231,1.0
2644,-54.223,245.684,0.0
2645,-56.427,223.928,90.0
2646,-28.512,197.936,25.0
2647,-39.465,197.442,185.0
2648,-54.53,221.57,231.0
2649,-44.3,207.929,192.0
2650,21.453,397.82,197.0
2651,-17.286,399.597,244.0
2652,63.825,314.303,244.0
2653,88.589,324.397,0.0
2654,85.911,302.557,285.0
2655,73.646,331.391,177.0
2656,19.492,373.732,47.0
2657,53.073,329.832,196.0
2658,-28.718,400.835,0.0
2659,-5.499,389.66,257.0
2660,74.969,312.537,191.0
2661,-8.525,408.141,208.0
2662,-24.632,395.976,421.0
2663,70.287,320.428,396.0
2664,25.961,386.979,199.0
2665,44.811,307.999,106.0
2666,71.084,338.298,142.0
2667,-37.486,399.708,121.0
2668,9.924,396.548,110.0
2669,88.564,311.457,105.0
2670,5.962,389.547,112.0
2671,-11.576,390.621,85.0
2672,29.22,376.592,122.0
2673,9.334,371.688,0.0
2674,20.112,394.84,136.0
2675,3.536,406.508,144.0
2676,55.728,333.616,98.0
2677,-1.347,397.272,0.0
2678,30.261,388.628,106.0
2679,41.449,391.811,106.0
2680,65.228,302.09,127.0
2681,53.762,304.315,120.0
2682,101.201,326.061,327.0
2683,0.0,0.0,0.0
2684,25.288,364.037,122.0
2685,89.868,307.882,126.0
2686,84.383,290.053,133.0
2687,29.849,405.148,114.0
2688,17.142,378.148,112.0
2689,3.331,381.957,124.0
2690,87.245,296.013,101.0
2691,38.53,385.218,112.0
2692,89.344,286.188,225.0
2693,72.234,296.155,247.0
2694,67.033,324.059,182.0
2695,78.536,322.092,40.0
2696,53.324,317.023,200.0
2697,-11.36,381.941,224.0
2698,66.581,304.899,227.0
2699,57.966,340.272,201.0
2700,-10.902,244.605,284.0
2701,-19.029,266.114,211.0
2702,-40.488,282.433,252.0
2703,-5.795,235.8,250.0
2704,-15.043,232.602,229.0
2705,-54.519,273.036,235.0
2706,-26.925,267.718,244.0
2707,-44.032,236.784,225.0
2708,-60.987,282.214,253.0
2709,-21.274,272.705,223.0
2710,15.511,248.326,261.0
2711,-30.359,260.231,228.0
2712,-25.882,264.749,232.0
2713,15.906,256.01,215.0
2714,-38.144,268.134,259.0
2715,4.707,228.919,228.0
2716,14.634,251.389,240.0
2717,-79.954,263.411,233.0
2718,0.609,250.168,226.0
2719,19.405,217.021,235.0
2720,-82.477,290.739,216.0
2721,-15.964,221.504,267.0
2722,-49.435,266.212,226.0
2723,-72.754,286.233,253.0
2724,-32.909,242.256,0.0
2725,-67.952,274.863,240.0
2726,-75.632,258.386,214.0
2727,11.625,233.378,0.0
2728,-54.358,284.424,191.0
2729,18.543,253.892,207.0
2730,6.712,262.533,256.0
2731,-60.007,263.855,205.0
2732,-32.629,228.558,222.0
2733,4.661,241.027,0.0
2734,-41.506,245.783,202.0
2735,-29.257,236.6,215.0
2736,-76.561,277.568,202.0
2737,-67.502,250.695,270.0
2738,-25.88,256.479,235.0
2739,-1.164,222.504,86.0
2740,-41.54,255.255,238.0
2741,-5.356,271.906,223.0
2742,-55.418,251.937,202.0
2743,-12.331,253.681,213.0
2744,-47.829,281.167,183.0
2745,-3.292,253.035,232.0
2746,-47.934,248.386,205.0
2747,-24.588,245.13,201.0
2748,8.437,223.397,0.0
2749,-11.86,232.355,244.0
2750,35.836,355.126,200.0
2751,-21.603,337.667,193.0
2752,-5.476,343.675,240.0
2753,15.568,358.083,209.0
2754,-14.269,327.561,233.0
2755,-12.812,360.352,177.0
2756,41.815,338.978,190.0
2757,-11.037,367.219,0.0
2758,5.809,335.423,189.0
2759,-3.629,364.903,208.0
2760,-17.947,374.911,0.0
2761,2.726,360.918,271.0
2762,40.359,354.559,201.0
2763,36.974,347.484,205.0
2764,16.705,337.358,169.0
2765,-32.038,337.171,193.0
2766,-21.276,364.987,0.0
2767,-21.876,372.869,191.0
2768,29.44,317.611,222.0
2769,0.978,369.589,1.0
2770,8.386,354.28,174.0
2771,48.891,339.764,173.0
2772,38.437,324.804,161.0
2773,22.778,361.153,477.0
2774,42.607,308.85,182.0
2775,6.442,326.374,176.0
2776,-4.532,323.314,193.0
2777,-24.605,377.325,211.0
2778,-37.868,342.839,0.0
2779,-3.246,380.628,180.0
2780,-31.897,387.122,234.0
2781,-6.867,347.186,184.0
2782,16.052,364.913,334.0
2783,22.595,322.577,182.0
2784,-30.163,360.778,207.0
2785,11.228,348.751,221.0
2786,-25.099,331.813,145.0
2787,46.938,332.392,195.0
2788,12.795,328.984,165.0
2789,34.795,330.606,177.0
2790,-0.037,338.508,183.0
2791,24.588,333.748,193.0
2792,-26.583,349.711,196.0
2793,19.468,345.998,183.0
2794,28.254,341.043,189.0
2795,27.284,310.466,0.0
2796,-24.61,354.979,0.0
2797,1.26,332.043,177.0
2798,-18.68,351.804,190.0
2799,-34.764,357.82,202.0
2800,-31.594,160.674,212.0
2801,-22.216,107.361,204.0
2802,13.127,67.423,194.0
2803,2.542,79.789,207.0
2804,-45.64,168.234,196.0
2805,-4.043,68.334,158.0
2806,-25.761,96.194,166.0
2807,-4.336,108.565,222.0
2808,-8.435,129.135,201.0
2809,-40.043,171.937,173.0
2810,-14.278,154.084,0.0
2811,-39.966,154.813,173.0
2812,-12.92,148.659,163.0
2813,11.475,71.709,214.0
2814,-20.406,162.113,187.0
2815,-12.872,67.766,171.0
2816,-36.29,171.842,173.0
2817,13.12,46.299,205.0
2818,6.311,60.83,177.0
2819,-1.623,28.859,219.0
2820,-14.122,137.682,178.0
2821,-3.022,148.773,163.0
2822,22.072,79.493,213.0
2823,-8.253,86.956,188.0
2824,12.573,61.542,211.0
2825,-37.682,149.122,212.0
2826,-27.016,135.225,193.0
2827,6.838,67.117,153.0
2828,-34.231,122.344,0.0
2829,-22.076,171.541,179.0
2830,11.252,91.231,171.0
2831,-0.033,48.279,192.0
2832,-11.15,104.283,190.0
2833,-21.21,154.48,178.0
2834,-23.929,124.438,0.0
2835,-22.272,78.355,197.0
2836,-4.032,156.141,0.0
2837,10.078,37.8,210.0
2838,3.417,88.801,171.0
2839,-1.789,53.269,185.0
2840,-29.235,110.871,159.0
2841,-26.771,144.206,156.0
2842,0.0,0.0,0.0
2843,-15.897,91.728,193.0
2844,-5.279,76.624,171.0
2845,-2.206,73.649,0.0
2846,0.773,38.941,117.0
2847,21.834,92.837,237.0
2848,-21.078,133.7,177.0
2849,-15.612,113.669,181.0
2850,-42.423,311.421,186.0
2851,27.854,277.356,191.0
2852,-18.344,300.139,190.0
2853,20.209,264.272,208.0
2854,26.072,284.571,209.0
2855,-33.62,328.856,189.0
2856,-7.481,286.276,219.0
2857,21.843,293.532,211.0
2858,-26.879,316.409,257.0
2859,0.774,300.951,198.0
2860,-8.333,305.707,191.0
2861,-36.759,299.145,211.0
2862,2.143,275.78,199.0
2863,-0.227,311.96,194.0
2864,33.327,287.737,195.0
2865,40.072,300.115,29.0
2866,-26.429,290.833,169.0
2867,-31.398,285.236,188.0
2868,-5.408,294.119,209.0
2869,-40.961,333.624,24.0
2870,21.04,281.327,228.0
2871,31.522,265.216,0.0
2872,28.737,305.297,195.0
2873,11.303,296.57,220.0
2874,-52.807,330.998,235.0
2875,-57.451,293.567,201.0
2876,-13.007,274.065,1.0
2877,3.871,271.725,197.0
2878,-14.462,288.134,413.0
2879,-30.145,276.045,252.0
2880,-43.157,320.892,209.0
2881,-20.321,320.449,205.0
2882,33.135,278.738,195.0
2883,-43.093,302.829,256.0
2884,-52.337,306.166,181.0
2885,11.036,279.166,217.0
2886,14.743,283.894,237.0
2887,-18.139,314.127,155.0
2888,-47.354,285.342,0.0
2889,-50.901,318.107,199.0
2890,-32.373,305.488,256.0
2891,3.506,299.9,205.0
2892,-36.492,316.47,257.0
2893,4.496,305.587,192.0
2894,3.814,288.004,206.0
2895,-23.464,283.025,265.0
2896,-8.104,315.022,244.0
2897,-41.24,298.932,243.0
2898,14.341,270.703,0.0
2899,16.179,308.45,197.0
2900,76.273,399.969,14.0
2901,116.921,366.999,220.0
2902,83.083,396.818,253.0
2903,99.359,364.733,227.0
2904,86.636,338.304,210.0
2905,114.336,379.238,234.0
2906,96.555,377.161,230.0
2907,106.542,336.771,274.0
2908,75.292,382.263,191.0
2909,97.731,347.782,244.0
2910,48.232,382.824,204.0
2911,121.073,388.385,270.0
2912,95.128,385.771,241.0
2913,40.217,359.587,226.0
2914,90.292,351.67,331.0
2915,64.285,355.823,228.0
2916,50.724,353.22,20.0
2917,73.577,347.292,226.0
2918,70.905,356.868,0.0
2919,79.06,340.05,218.0
2920,81.126,359.124,0.0
2921,58.08,386.457,231.0
2922,46.694,368.501,291.0
2923,97.629,368.993,241.0
2924,89.08,373.519,240.0
2925,43.286,380.226,263.0
2926,65.706,374.76,274.0
2927,100.797,389.664,285.0
2928,62.816,384.937,303.0
2929,52.665,395.973,284.0
2930,76.587,379.585,253.0
2931,106.403,354.859,277.0
2932,80.694,387.134,0.0
2933,81.643,334.005,219.0
2934,44.403,385.647,276.0
2935,100.395,350.543,301.0
2936,103.099,348.749,297.0
2937,91.785,333.578,0.0
2938,97.458,362.468,284.0
2939,57.475,370.059,225.0
2940,82.687,344.19,243.0
2941,114.38,386.026,269.0
2942,66.524,361.624,243.0
2943,63.719,399.043,256.0
2944,40.159,372.446,269.0
2945,89.666,381.348,282.0
2946,52.514,362.458,259.0
2947,76.666,371.533,259.0
2948,108.593,369.62,239.0
2949,69.658,394.124,256.0
2950,42.357,243.189,238.0
2951,45.361,224.635,291.0
2952,27.678,248.411,270.0
2953,40.983,225.567,244.0
2954,-77.687,331.624,214.0
2955,70.107,229.894,284.0
2956,21.761,240.45,227.0
2957,73.354,232.729,246.0
2958,63.86,221.559,228.0
2959,-59.833,300.714,262.0
2960,-88.219,341.247,238.0
2961,-84.428,319.515,253.0
2962,-99.292,329.965,0.0
2963,-58.443,338.579,0.0
2964,-68.215,301.824,360.0
2965,-65.962,313.687,260.0
2966,29.232,217.366,240.0
2967,35.931,216.874,228.0
2968,63.99,206.27,213.0
2969,-64.553,290.949,0.0
2970,18.628,225.747,0.0
2971,49.802,204.457,0.0
2972,-78.379,306.584,0.0
2973,-98.077,336.593,280.0
2974,-61.016,328.838,247.0
2975,-58.01,310.871,0.0
2976,-74.879,349.525,225.0
2977,-75.895,323.83,215.0
2978,-68.432,332.402,245.0
2979,-90.871,345.896,240.0
2980,56.028,217.069,236.0
2981,62.07,226.615,266.0
2982,33.418,228.151,244.0
2983,41.895,212.589,232.0
2984,33.907,211.834,254.0
2985,55.962,242.244,225.0
2986,35.773,234.631,261.0
2987,-96.115,307.738,230.0
2988,34.551,250.423,270.0
2989,49.279,232.06,0.0
2990,-88.406,319.374,321.0
2991,-65.802,316.092,294.0
2992,41.764,251.534,288.0
2993,-76.307,314.61,259.0
2994,27.325,253.915,242.0
2995,-73.407,325.275,236.0
2996,-81.334,295.305,234.0
2997,-85.988,333.125,226.0
2998,56.612,197.21,239.0
2999,-85.062,306.605,289.0
3000,-267.576,295.76,281.0
3001,-243.906,276.292,274.0
3002,-269.513,281.861,0.0
3003,-114.351,267.117,325.0
3004,-256.536,277.456,275.0
3005,-118.597,273.767,345.0
3006,-288.969,276.328,299.0
3007,-127.789,252.77,231.0
3008,-247.288,288.36,306.0
3009,-116.868,255.378,329.0
3010,-134.428,251.929,306.0
3011,-251.101,249.814,326.0
3012,-91.967,241.024,291.0
3013,-92.949,273.781,380.0
3014,-273.59,279.088,328.0
3015,-128.097,270.131,279.0
3016,-268.913,259.406,299.0
3017,-233.215,246.199,287.0
3018,-105.995,250.0,281.0
3019,-274.185,267.099,296.0
3020,-125.577,258.718,342.0
3021,-258.337,268.376,302.0
3022,-102.911,235.301,349.0
3023,-99.106,256.25,278.0
3024,-94.81,261.014,343.0
3025,-88.904,246.605,380.0
3026,-92.533,233.334,282.0
3027,-259.768,251.824,0.0
3028,-265.291,266.254,313.0
3029,-98.098,266.58,297.0
3030,-267.228,245.042,306.0
3031,-124.055,232.341,257.0
3032,-276.133,238.737,317.0
3033,-282.969,285.329,304.0
3034,-288.317,273.36,308.0
3035,-100.469,271.574,382.0
3036,-121.168,268.124,342.0
3037,-265.024,287.826,483.0
3038,-259.433,243.014,290.0
3039,-263.813,271.783,386.0
3040,-91.626,255.47,366.0
3041,-116.377,236.589,336.0
3042,-134.503,262.379,317.0
3043,-104.052,260.21,332.0
3044,-245.077,268.125,294.0
3045,-111.757,248.919,295.0
3046,-281.054,267.349,336.0
3047,-250.064,260.961,331.0
3048,-239.773,261.649,345.0
3049,-125.704,237.986,285.0
3050,-166.64,353.683,224.0
3051,-177.473,335.438,192.0
3052,-133.467,320.665,227.0
3053,-130.412,330.831,195.0
3054,-134.103,385.376,370.0
3055,-144.435,325.52,186.0
3056,-184.342,331.238,208.0
3057,-124.368,346.393,204.0
3058,-143.632,368.246,209.0
3059,-177.097,330.858,203.0
3060,-124.084,356.779,5.0
3061,-152.33,359.453,2.0
3062,-149.228,316.171,242.0
3063,-135.12,365.182,210.0
3064,-157.835,333.572,385.0
3065,-170.635,340.207,280.0
3066,-131.935,354.93,5.0
3067,-155.807,340.274,204.0
3068,-139.188,340.812,253.0
3069,-159.696,353.397,215.0
3070,-150.76,332.028,186.0
3071,-123.81,370.617,201.0
3072,-136.7,342.983,186.0
3073,-130.315,335.728,183.0
3074,-162.441,375.646,235.0
3075,-131.705,314.408,170.0
3076,-175.169,356.361,266.0
3077,-115.016,332.423,5.0
3078,0.0,0.0,0.0
3079,-176.351,343.908,190.0
3080,-167.992,344.957,167.0
3081,-134.394,376.785,235.0
3082,-125.319,335.779,11.0
3083,-192.221,345.708,230.0
3084,-173.007,317.358,274.0
3085,-124.013,360.326,1.0
3086,-142.312,361.502,190.0
3087,-186.101,361.652,207.0
3088,-166.288,316.215,236.0
3089,-152.045,369.843,216.0
3090,-142.52,379.31,242.0
3091,-153.459,323.565,198.0
3092,-169.496,363.062,362.0
3093,-163.664,326.879,228.0
3094,-117.107,342.108,0.0
3095,-121.423,325.432,204.0
3096,-180.432,351.334,215.0
3097,-143.601,351.782,220.0
3098,-185.951,316.453,184.0
3099,-163.947,366.432,234.0
3100,-222.921,175.647,227.0
3101,-166.128,182.345,237.0
3102,-141.105,179.173,274.0
3103,-150.554,187.983,259.0
3104,-115.542,186.948,227.0
3105,-196.73,199.9,416.0
3106,-160.636,193.263,354.0
3107,-203.838,168.016,234.0
3108,-148.531,207.62,220.0
3109,-141.49,196.817,243.0
3110,-195.537,175.644,233.0
3111,-123.398,186.361,230.0
3112,-210.714,199.403,214.0
3113,-211.229,188.033,222.0
3114,-169.407,169.434,256.0
3115,-136.24,212.018,251.0
3116,-211.215,173.846,255.0
3117,-151.607,195.581,240.0
3118,-175.434,170.011,240.0
3119,-234.109,187.418,206.0
3120,-175.433,193.577,264.0
3121,-220.488,178.788,272.0
3122,-183.043,177.276,284.0
3123,-189.798,181.918,32.0
3124,-160.429,199.848,452.0
3125,-144.516,194.317,376.0
3126,-197.05,180.961,197.0
3127,-130.072,216.19,204.0
3128,-152.134,170.53,212.0
3129,-177.107,211.384,188.0
3130,-181.026,197.84,230.0
3131,-156.63,185.42,263.0
3132,-154.707,178.731,209.0
3133,-191.761,191.82,193.0
3134,-133.772,193.803,229.0
3135,-128.058,203.26,228.0
3136,-207.804,176.092,255.0
3137,-161.519,212.034,0.0
3138,-170.861,192.675,279.0
3139,-228.309,193.462,231.0
3140,-200.488,192.981,275.0
3141,-131.781,178.673,19.0
3142,-180.721,180.478,203.0
3143,-146.557,199.998,246.0
3144,-168.519,204.224,0.0
3145,-184.739,192.65,204.0
3146,-215.786,190.207,228.0
3147,-141.066,216.692,252.0
3148,-222.502,170.905,1.0
3149,-123.191,198.092,198.0
3150,-239.016,296.487,196.0
3151,-200.274,262.464,186.0
3152,-219.226,265.947,216.0
3153,-184.657,281.597,176.0
3154,-217.551,254.911,253.0
3155,-209.207,255.635,219.0
3156,-171.66,270.973,234.0
3157,-151.422,275.504,189.0
3158,-193.963,259.754,201.0
3159,-198.036,289.168,193.0
3160,-174.453,306.149,230.0
3161,-187.767,264.009,0.0
3162,-214.981,290.175,194.0
3163,-233.355,272.853,193.0
3164,-256.902,301.962,189.0
3165,-193.036,301.526,198.0
3166,-218.23,274.466,203.0
3167,-185.312,293.568,207.0
3168,-166.121,298.076,185.0
3169,-228.364,292.564,185.0
3170,-163.753,290.845,205.0
3171,-221.576,280.422,24.0
3172,-209.134,260.617,238.0
3173,-184.668,300.852,168.0
3174,-197.965,304.13,211.0
3175,-159.409,264.08,218.0
3176,-236.042,262.186,236.0
3177,-204.308,286.092,0.0
3178,-194.585,277.673,191.0
3179,-156.604,284.917,0.0
3180,-224.138,269.302,182.0
3181,-195.332,281.263,174.0
3182,-173.664,288.365,223.0
3183,-171.853,282.01,210.0
3184,-210.221,300.379,201.0
3185,-165.962,308.488,197.0
3186,-158.297,291.814,216.0
3187,-236.019,289.062,201.0
3188,-208.643,274.321,216.0
3189,-218.1,303.77,186.0
3190,-226.826,299.543,206.0
3191,-225.986,255.553,181.0
3192,-183.775,269.581,238.0
3193,-239.863,286.057,203.0
3194,-231.965,282.817,0.0
3195,-164.041,278.139,215.0
3196,-197.01,267.275,191.0
3197,-201.168,276.075,0.0
3198,-213.217,282.227,205.0
3199,-181.621,314.074,206.0
3200,-126.595,143.555,247.0
3201,-101.527,153.988,217.0
3202,-118.253,128.92,186.0
3203,-125.197,158.212,0.0
3204,-100.737,165.424,180.0
3205,-83.115,178.225,177.0
3206,-121.381,175.792,0.0
3207,-90.713,169.449,0.0
3208,-107.117,140.57,167.0
3209,-94.124,179.959,19.0
3210,-67.242,171.285,195.0
3211,-66.324,139.035,182.0
3212,-88.626,149.284,221.0
3213,-110.331,167.382,190.0
3214,-112.656,156.696,218.0
3215,-128.888,172.423,199.0
3216,-66.992,155.122,0.0
3217,-106.8,131.4,235.0
3218,-101.18,148.814,233.0
3219,-116.97,163.508,256.0
3220,-77.33,157.314,0.0
3221,-72.806,177.514,207.0
3222,-131.108,147.175,202.0
3223,-74.982,170.403,209.0
3224,-65.865,149.836,184.0
3225,-89.75,160.151,232.0
3226,-63.08,185.895,244.0
3227,-93.247,137.611,227.0
3228,-100.984,183.567,254.0
3229,-60.816,160.037,246.0
3230,-122.148,132.349,207.0
3231,-54.493,155.52,235.0
3232,-143.29,158.836,270.0
3233,-77.035,186.417,232.0
3234,-117.072,137.658,317.0
3235,-50.14,139.186,365.0
3236,-99.901,169.779,355.0
3237,-137.035,162.245,326.0
3238,-142.296,147.793,293.0
3239,-84.458,190.632,295.0
3240,-141.011,169.087,277.0
3241,-68.946,148.75,277.0
3242,-91.278,141.788,0.0
3243,-60.86,134.67,235.0
3244,-81.316,140.5,15.0
3245,-118.407,147.247,244.0
3246,-65.225,174.79,284.0
3247,-111.721,146.078,0.0
3248,-111.982,171.988,231.0
3249,-80.044,150.38,265.0
3250,-143.275,253.366,385.0
3251,-209.854,236.185,288.0
3252,-200.647,217.749,385.0
3253,-132.728,235.657,422.0
3254,-187.286,252.039,196.0
3255,-139.339,233.914,207.0
3256,-166.074,258.905,215.0
3257,-199.824,207.508,218.0
3258,-192.227,233.722,219.0
3259,-178.161,227.54,279.0
3260,-176.178,254.2,195.0
3261,-232.912,227.343,0.0
3262,-182.203,219.445,227.0
3263,-182.326,209.708,210.0
3264,-153.651,219.936,233.0
3265,-194.289,240.957,256.0
3266,-216.221,211.613,258.0
3267,-174.064,239.266,385.0
3268,-182.694,249.279,249.0
3269,-189.713,238.202,222.0
3270,-203.704,204.921,187.0
3271,-133.534,242.895,0.0
3272,-150.424,267.423,234.0
3273,-217.844,240.801,263.0
3274,-157.642,229.793,2.0
3275,-146.086,248.239,226.0
3276,-236.069,237.194,0.0
3277,-227.182,232.204,192.0
3278,-182.042,225.359,240.0
3279,-141.661,224.477,254.0
3280,-167.849,213.641,0.0
3281,-149.109,239.792,0.0
3282,-201.74,248.445,0.0
3283,-202.005,230.219,259.0
3284,-209.367,208.513,414.0
3285,-211.437,227.861,331.0
3286,-208.664,240.492,0.0
3287,-224.892,243.638,207.0
3288,-186.758,218.379,256.0
3289,-216.977,224.324,224.0
3290,-144.539,227.791,233.0
3291,-152.712,256.928,200.0
3292,-164.638,252.856,264.0
3293,-187.392,249.069,227.0
3294,-169.967,235.862,206.0
3295,-164.218,223.666,236.0
3296,-151.492,247.944,285.0
3297,-219.504,215.116,0.0
3298,-172.731,242.28,204.0
3299,-160.904,239.687,0.0
3300,-197.066,151.411,295.0
3301,-152.64,154.771,0.0
3302,-48.086,115.424,169.0
3303,-72.211,128.291,202.0
3304,-135.964,132.58,0.0
3305,-154.623,134.159,202.0
3306,-72.412,101.425,207.0
3307,-181.932,152.948,415.0
3308,-161.215,143.292,271.0
3309,-181.086,163.76,208.0
3310,-176.812,141.415,0.0
3311,-47.44,123.884,22.0
3312,-75.709,113.996,180.0
3313,-133.779,140.466,193.0
3314,-46.616,136.391,269.0
3315,-39.902,89.097,176.0
3316,-78.729,125.243,166.0
3317,-76.686,129.944,180.0
3318,-44.989,94.918,148.0
3319,-66.062,88.836,165.0
3320,-190.308,167.188,239.0
3321,-53.58,95.179,155.0
3322,-166.734,139.281,30.0
3323,-70.835,118.49,195.0
3324,-38.238,98.197,216.0
3325,-72.184,105.771,210.0
3326,-75.196,92.347,0.0
3327,-61.185,107.788,0.0
3328,-152.464,143.672,203.0
3329,-61.464,119.465,232.0
3330,-55.002,113.698,190.0
3331,-63.807,105.198,211.0
3332,-59.86,85.001,199.0
3333,-56.392,121.599,179.0
3334,-175.601,157.092,266.0
3335,-164.605,150.439,219.0
3336,-143.169,138.712,178.0
3337,-52.761,89.919,205.0
3338,-167.294,127.863,194.0
3339,-151.185,122.166,184.0
3340,-176.529,131.931,232.0
3341,-150.389,133.504,202.0
3342,-133.94,127.163,222.0
3343,-190.233,153.473,0.0
3344,-36.478,105.751,203.0
3345,-157.476,165.24,250.0
3346,-143.585,128.638,231.0
3347,-52.031,101.828,191.0
3348,-159.397,154.499,237.0
3349,-185.276,148.519,495.0
3350,-236.765,188.614,201.0
3351,-81.85,216.319,263.0
3352,-127.901,227.604,230.0
3353,-236.613,209.521,0.0
3354,-253.38,216.978,235.0
3355,-112.496,217.97,253.0
3356,-248.485,224.629,112.0
3357,-111.977,225.711,229.0
3358,-114.793,190.442,246.0
3359,-96.71,191.652,222.0
3360,-264.289,207.018,28.0
3361,-97.118,222.824,255.0
3362,-115.855,202.029,233.0
3363,-229.038,211.064,187.0
3364,-226.62,217.458,216.0
3365,-108.885,198.105,275.0
3366,-82.671,232.289,0.0
3367,-75.499,194.859,210.0
3368,-235.836,219.316,260.0
3369,-256.4,202.018,210.0
3370,-254.773,199.438,212.0
3371,-99.111,195.929,238.0
3372,-221.205,204.324,206.0
3373,-102.651,194.396,209.0
3374,-241.344,228.478,205.0
3375,-241.216,213.037,179.0
3376,-93.241,202.92,210.0
3377,-230.825,198.479,241.0
3378,-84.17,205.968,268.0
3379,-250.825,235.239,211.0
3380,-241.241,206.183,236.0
3381,-263.242,224.601,233.0
3382,-274.472,210.25,0.0
3383,-246.301,239.449,0.0
3384,-124.367,213.722,227.0
3385,-76.511,203.746,246.0
3386,-70.573,210.994,256.0
3387,-250.694,197.84,216.0
3388,-280.284,234.034,269.0
3389,-268.201,222.502,249.0
3390,-92.397,198.531,205.0
3391,-65.914,196.092,235.0
3392,-107.124,214.489,221.0
3393,-76.134,226.783,236.0
3394,-264.301,234.989,213.0
3395,-108.144,220.914,264.0
3396,-271.67,217.04,325.0
3397,-99.165,208.997,293.0
3398,0.0,0.0,0.0
3399,-263.764,220.335,252.0
3400,-128.355,106.498,202.0
3401,-45.514,72.412,168.0
3402,-129.516,112.729,0.0
3403,-131.873,106.797,216.0
3404,-32.073,73.541,200.0
3405,-134.081,118.385,197.0
3406,-12.732,32.424,186.0
3407,-89.269,125.583,197.0
3408,-96.102,118.141,225.0
3409,-52.9,53.804,213.0
3410,-41.632,55.885,179.0
3411,-103.411,84.419,246.0
3412,-93.108,83.51,205.0
3413,-95.753,74.96,233.0
3414,-107.871,114.456,200.0
3415,-23.567,61.173,227.0
3416,-15.648,26.65,238.0
3417,-89.226,76.679,0.0
3418,-106.449,92.011,238.0
3419,-36.076,52.326,236.0
3420,-20.794,48.575,268.0
3421,-99.846,107.032,229.0
3422,-35.725,38.06,227.0
3423,-74.911,68.488,238.0
3424,-83.147,100.531,251.0
3425,-77.553,70.136,265.0
3426,-31.74,48.808,285.0
3427,-86.182,115.402,376.0
3428,-116.709,118.75,323.0
3429,-121.693,120.844,542.0
3430,-120.071,103.286,370.0
3431,-28.677,57.619,307.0
3432,-58.599,63.856,276.0
3433,-55.282,62.316,285.0
3434,-70.909,87.174,372.0
3435,-28.269,34.031,266.0
3436,-45.11,76.464,283.0
3437,-66.334,77.26,285.0
3438,-58.501,67.703,283.0
3439,-109.335,98.075,317.0
3440,-78.257,85.092,263.0
3441,-86.537,104.53,293.0
3442,-50.251,77.956,274.0
3443,-22.381,53.492,312.0
3444,-34.309,63.239,300.0
3445,-92.865,96.871,271.0
3446,-62.382,57.706,298.0
3447,-121.048,113.499,326.0
3448,-31.808,84.155,666.0
3449,-20.694,24.964,299.0
3450,-203.624,310.434,318.0
3451,-244.873,323.028,0.0
3452,-148.275,307.466,266.0
3453,-133.328,283.853,334.0
3454,-133.942,304.129,316.0
3455,-142.648,288.278,310.0
3456,-142.28,269.777,391.0
3457,-230.609,326.63,352.0
3458,-132.358,299.323,361.0
3459,-157.413,316.112,323.0
3460,-263.279,302.544,401.0
3461,-95.341,279.27,391.0
3462,-109.981,286.547,394.0
3463,-111.475,298.762,303.0
3464,-248.132,302.608,396.0
3465,-109.506,304.117,300.0
3466,-217.004,340.622,392.0
3467,-227.641,306.244,431.0
3468,-258.245,311.098,414.0
3469,-238.834,314.621,351.0
3470,-200.257,342.066,319.0
3471,-192.046,309.186,318.0
3472,-209.485,313.548,261.0
3473,-142.046,316.036,263.0
3474,-192.189,319.896,257.0
3475,-202.634,329.658,251.0
3476,-214.004,344.815,50.0
3477,-103.784,291.982,414.0
3478,-239.752,332.191,419.0
3479,-129.763,307.318,378.0
3480,-240.485,302.595,392.0
3481,-141.624,300.014,363.0
3482,-104.508,306.972,300.0
3483,-149.054,284.311,362.0
3484,-117.288,294.548,307.0
3485,-152.993,294.572,191.0
3486,-233.59,322.683,0.0
3487,-205.827,324.833,0.0
3488,-250.254,319.926,329.0
3489,-114.113,287.311,276.0
3490,-129.113,288.099,0.0
3491,-210.897,333.776,293.0
3492,-118.18,315.511,271.0
3493,-111.322,321.936,332.0
3494,-205.349,303.699,273.0
3495,-125.996,281.4,276.0
3496,-222.749,306.006,347.0
3497,-109.633,311.043,321.0
3498,-224.46,318.366,0.0
3499,-217.48,324.412,337.0
3500,-189.147,7.631,286.0
3501,-196.896,33.572,244.0
3502,-246.408,21.036,259.0
3503,-94.614,49.279,1.0
3504,-188.212,18.779,248.0
3505,-234.424,16.746,0.0
3506,-95.876,26.352,262.0
3507,-111.822,70.252,238.0
3508,-118.472,64.104,270.0
3509,-220.775,2.614,277.0
3510,-209.659,38.48,263.0
3511,-104.116,65.921,247.0
3512,-115.149,56.2,256.0
3513,-197.633,25.656,254.0
3514,-204.07,28.511,262.0
3515,-130.692,53.168,0.0
3516,-122.155,38.718,0.0
3517,-138.271,55.629,222.0
3518,-207.166,5.674,237.0
3519,-235.452,6.328,0.0
3520,0.0,0.0,0.0
3521,-222.627,41.633,0.0
3522,-113.417,79.896,268.0
3523,-199.916,11.229,229.0
3524,-246.992,11.39,251.0
3525,-225.259,22.027,253.0
3526,-113.646,66.593,264.0
3527,-82.615,46.984,258.0
3528,-118.895,53.121,236.0
3529,-254.546,6.82,247.0
3530,-216.456,14.816,0.0
3531,-183.103,28.613,250.0
3532,-86.551,56.516,251.0
3533,-178.963,21.317,1.0
3534,-219.049,34.38,247.0
3535,-252.57,20.197,280.0
3536,-227.216,16.178,239.0
3537,-131.161,67.735,281.0
3538,-202.854,23.774,272.0
3539,-105.687,46.01,230.0
3540,-96.889,55.801,258.0
3541,-215.399,21.786,284.0
3542,-112.465,44.848,267.0
3543,-139.362,50.065,259.0
3544,-125.99,57.502,249.0
3545,-126.246,45.396,222.0
3546,-94.322,65.719,481.0
3547,-94.724,43.101,223.0
3548,-114.813,30.373,0.0
3549,-230.713,26.795,267.0
3550,-334.737,23.028,225.0
3551,-342.466,30.882,0.0
3552,-226.004,119.356,262.0
3553,-205.587,118.578,0.0
3554,-214.937,123.306,280.0
3555,-350.184,32.321,237.0
3556,-196.864,121.603,267.0
3557,-209.077,115.889,254.0
3558,-199.925,142.602,286.0
3559,-314.227,29.371,262.0
3560,-323.097,36.728,0.0
3561,-214.904,97.299,235.0
3562,-307.419,39.121,239.0
3563,-206.622,98.104,252.0
3564,-340.684,14.706,253.0
3565,-166.155,111.838,251.0
3566,-213.514,100.068,249.0
3567,-225.232,110.374,248.0
3568,-312.976,12.759,241.0
3569,-326.679,19.45,247.0
3570,-342.986,36.444,251.0
3571,-199.417,94.492,264.0
3572,-188.436,116.164,244.0
3573,-202.078,109.71,217.0
3574,-323.165,28.425,287.0
3575,-359.493,25.672,212.0
3576,-196.372,100.905,259.0
3577,-334.329,34.784,240.0
3578,-339.429,8.829,211.0
3579,-189.091,128.264,258.0
3580,-351.738,15.546,214.0
3581,-177.119,120.309,243.0
3582,-326.223,5.541,0.0
3583,-354.77,27.879,225.0
3584,-182.36,114.82,260.0
3585,-192.396,95.93,279.0
3586,-306.502,26.757,207.0
3587,0.0,0.0,0.0
3588,-206.43,85.357,266.0
3589,-195.572,129.63,233.0
3590,-304.465,17.122,214.0
3591,-297.29,34.076,246.0
3592,-335.035,42.421,231.0
3593,-183.13,109.094,241.0
3594,-194.498,112.158,254.0
3595,-238.811,107.037,235.0
3596,-338.21,51.913,343.0
3597,-313.948,47.521,208.0
3598,-332.94,12.365,0.0
3599,-309.894,20.873,235.0
3600,-301.223,155.867,272.0
3601,-254.978,165.765,0.0
3602,-386.16,127.032,283.0
3603,-367.495,136.062,0.0
3604,-275.11,169.88,280.0
3605,-377.727,145.821,278.0
3606,-265.357,175.169,192.0
3607,-341.456,142.151,252.0
3608,-343.48,146.848,239.0
3609,-352.185,155.075,239.0
3610,-289.241,168.167,370.0
3611,-365.718,153.795,219.0
3612,-377.332,102.922,213.0
3613,-354.693,128.771,217.0
3614,-253.397,179.651,223.0
3615,-374.212,138.427,134.0
3616,-271.624,188.49,38.0
3617,-277.21,132.409,338.0
3618,-387.477,89.492,339.0
3619,-291.273,160.886,221.0
3620,-280.126,178.966,182.0
3621,-249.19,172.615,244.0
3622,-378.078,121.428,0.0
3623,-278.489,156.493,198.0
3624,-374.906,155.006,309.0
3625,-265.727,150.881,207.0
3626,-280.272,195.654,221.0
3627,-348.356,120.739,346.0
3628,-359.754,119.387,20.0
3629,-370.657,104.895,0.0
3630,-272.275,162.459,217.0
3631,-281.27,160.308,213.0
3632,-384.098,119.871,354.0
3633,-271.73,177.923,0.0
3634,0.0,0.0,0.0
3635,-313.156,165.936,206.0
3636,-275.066,150.997,220.0
3637,-366.467,146.356,0.0
3638,-356.947,139.168,178.0
3639,-389.869,96.694,0.0
3640,-292.957,148.99,0.0
3641,-280.601,186.2,245.0
3642,-282.969,143.702,207.0
3643,-369.722,115.302,0.0
3644,-264.23,187.081,212.0
3645,-346.456,135.322,229.0
3646,-379.153,117.172,309.0
3647,-267.559,165.689,199.0
3648,-303.587,164.388,220.0
3649,-368.809,124.31,94.0
3650,-292.956,93.161,212.0
3651,-267.833,85.009,81.0
3652,-332.077,64.683,200.0
3653,-306.467,68.957,187.0
3654,-251.986,122.747,213.0
3655,-318.359,50.768,212.0
3656,-247.616,102.698,225.0
3657,-249.315,105.244,220.0
3658,-272.683,117.777,244.0
3659,-316.767,57.56,234.0
3660,-294.429,82.821,239.0
3661,-298.694,49.192,193.0
3662,-299.973,70.229,205.0
3663,-244.947,118.11,208.0
3664,-277.31,126.138,1.0
3665,-309.912,65.805,230.0
3666,-296.265,58.512,224.0
3667,-326.106,53.677,208.0
3668,-308.638,83.895,0.0
3669,-312.486,51.225,0.0
3670,-268.713,70.922,213.0
3671,-319.643,67.767,0.0
3672,-256.458,97.896,216.0
3673,-283.854,104.764,217.0
3674,-283.694,63.941,0.0
3675,-288.829,101.117,0.0
3676,-284.005,96.981,209.0
3677,-292.155,98.57,240.0
3678,-286.576,115.227,212.0
3679,-261.446,103.497,0.0
3680,-257.059,116.769,226.0
3681,-300.637,76.286,0.0
3682,-294.82,90.715,176.0
3683,-297.103,55.435,201.0
3684,-283.923,53.601,218.0
3685,-292.303,70.111,0.0
3686,-272.835,58.942,263.0
3687,-280.304,88.498,280.0
3688,-273.209,112.789,224.0
3689,-272.679,90.43,315.0
3690,-278.263,67.114,153.0
3691,-298.97,39.496,212.0
3692,-277.175,111.996,324.0
3693,-271.965,105.785,206.0
3694,-263.149,91.703,222.0
3695,-286.834,72.549,220.0
3696,-249.421,88.824,112.0
3697,-284.975,42.162,209.0
3698,-293.564,51.793,15.0
3699,-275.123,78.428,33.0
3700,-214.782,57.613,140.0
3701,-185.823,38.147,114.0
3702,-163.964,67.42,96.0
3703,-145.463,74.993,208.0
3704,-147.579,65.378,1.0
3705,-142.715,95.721,202.0
3706,-185.777,48.206,0.0
3707,-130.165,72.063,192.0
3708,-190.585,42.548,231.0
3709,-136.712,83.991,207.0
3710,-179.189,41.702,209.0
3711,-213.172,45.926,21.0
3712,-196.508,69.976,181.0
3713,-181.153,91.113,320.0
3714,-172.876,83.821,0.0
3715,-203.861,64.595,224.0
3716,-173.899,73.191,0.0
3717,-155.209,85.294,182.0
3718,-155.748,105.265,202.0
3719,-164.943,61.046,219.0
3720,-181.569,79.994,240.0
3721,-182.811,57.633,220.0
3722,-173.819,34.848,215.0
3723,-205.292,49.658,243.0
3724,-153.915,48.663,260.0
3725,-171.596,94.059,0.0
3726,-182.141,69.867,73.0
3727,-204.43,39.759,0.0
3728,-155.53,40.417,207.0
3729,-194.271,73.029,274.0
3730,-174.975,62.987,0.0
3731,-158.016,98.14,235.0
3732,-155.316,88.518,232.0
3733,-138.636,90.476,202.0
3734,-178.266,102.344,0.0
3735,-162.946,110.841,190.0
3736,-196.473,62.187,223.0
3737,-136.616,66.343,199.0
3738,-164.138,77.527,0.0
3739,-196.724,58.806,261.0
3740,-156.055,71.5,0.0
3741,-175.471,52.219,176.0
3742,-154.857,56.982,255.0
3743,-165.926,92.103,217.0
3744,-142.266,82.63,216.0
3745,-162.383,50.83,200.0
3746,-168.772,35.921,0.0
3747,-127.862,81.131,211.0
3748,-170.45,104.481,0.0
3749,-186.568,90.562,234.0
3750,-332.126,210.796,0.0
3751,-319.003,213.82,125.0
3752,-296.013,209.299,114.0
3753,-345.176,180.997,128.0
3754,-339.376,223.92,338.0
3755,-315.25,214.794,263.0
3756,-328.909,185.058,0.0
3757,-317.196,177.712,0.0
3758,-359.658,160.259,344.0
3759,-349.353,192.234,261.0
3760,-333.422,200.486,0.0
3761,-326.152,221.626,251.0
3762,-288.306,189.812,223.0
3763,-344.123,185.911,0.0
3764,-331.708,229.259,391.0
3765,-285.025,178.967,221.0
3766,-329.007,152.644,1.0
3767,-338.605,180.655,225.0
3768,-317.77,161.29,206.0
3769,-315.237,198.411,0.0
3770,-318.193,191.921,235.0
3771,-338.015,160.022,251.0
3772,-339.403,204.269,112.0
3773,-346.163,165.203,0.0
3774,-302.67,204.857,241.0
3775,-307.68,220.013,253.0
3776,-298.245,186.073,0.0
3777,-328.067,163.148,0.0
3778,-306.925,192.18,0.0
3779,-305.389,188.446,273.0
3780,-285.58,197.072,212.0
3781,-338.611,148.527,0.0
3782,-318.321,167.293,0.0
3783,-339.335,166.829,210.0
3784,-325.969,194.532,0.0
3785,-319.33,224.045,267.0
3786,-297.882,198.465,238.0
3787,-351.64,157.438,270.0
3788,0.0,0.0,0.0
3789,-343.07,196.338,0.0
3790,-323.361,205.547,0.0
3791,-309.811,176.069,320.0
3792,-350.073,183.425,240.0
3793,-361.814,176.446,296.0
3794,-356.063,207.013,262.0
3795,-306.487,209.332,250.0
3796,-298.269,179.345,228.0
3797,-363.487,172.43,280.0
3798,-351.779,176.575,255.0
3799,-331.099,190.023,361.0
3800,-236.156,131.495,250.0
3801,-359.14,40.718,0.0
3802,-353.559,51.865,168.0
3803,-395.395,44.715,0.0
3804,-266.601,140.697,1.0
3805,-253.044,134.647,43.0
3806,-233.606,151.671,266.0
3807,-264.658,127.874,253.0
3808,-227.336,147.374,249.0
3809,-367.904,64.237,287.0
3810,-375.031,75.044,0.0
3811,-213.505,138.954,122.0
3812,-344.443,69.061,124.0
3813,-377.043,59.927,124.0
3814,-230.075,124.41,256.0
3815,-349.443,44.831,1.0
3816,-347.941,52.23,430.0
3817,-353.124,66.512,120.0
3818,-228.501,157.701,0.0
3819,-231.284,113.99,28.0
3820,-250.247,163.043,38.0
3821,-257.451,143.033,127.0
3822,-367.597,55.402,209.0
3823,-364.552,51.121,243.0
3824,-249.135,155.36,219.0
3825,-396.695,70.063,205.0
3826,-358.802,74.466,232.0
3827,-391.896,75.797,0.0
3828,-388.399,49.638,233.0
3829,-238.55,144.599,1.0
3830,-222.299,130.909,0.0
3831,-215.595,151.284,277.0
3832,-254.65,125.216,303.0
3833,-394.334,54.939,0.0
3834,-241.737,122.302,242.0
3835,-363.683,78.043,215.0
3836,-339.635,61.752,218.0
3837,-376.226,53.051,0.0
3838,-236.269,167.38,235.0
3839,-360.413,30.397,0.0
3840,-382.452,79.929,0.0
3841,-208.458,142.792,244.0
3842,-386.597,63.054,228.0
3843,-386.978,73.435,258.0
3844,-221.288,141.264,0.0
3845,-252.273,160.194,250.0
3846,-249.897,130.087,238.0
3847,-227.169,141.545,225.0
3848,-369.186,83.811,229.0
3849,-246.929,141.312,14.0
3850,-279.74,16.303,0.0
3851,-266.325,21.289,202.0
3852,-219.218,52.706,212.0
3853,-245.489,84.074,244.0
3854,-279.177,31.413,240.0
3855,-262.05,14.18,263.0
3856,-237.904,37.672,224.0
3857,-253.997,41.675,254.0
3858,-216.722,77.792,266.0
3859,-260.588,24.743,0.0
3860,-257.74,71.927,109.0
3861,-222.469,67.81,221.0
3862,-261.914,54.645,223.0
3863,-252.126,52.916,231.0
3864,-238.174,96.49,205.0
3865,-257.349,55.801,0.0
3866,-224.458,88.726,212.0
3867,-258.436,80.223,130.0
3868,-302.344,6.287,233.0
3869,-246.669,63.82,216.0
3870,-277.718,37.068,0.0
3871,-243.551,53.236,261.0
3872,-238.297,64.341,1.0
3873,-231.423,72.356,197.0
3874,-265.765,61.967,0.0
3875,-268.2,41.698,234.0
3876,-224.728,56.51,285.0
3877,-272.903,12.401,217.0
3878,-214.467,68.601,268.0
3879,-234.067,76.921,244.0
3880,-230.342,38.174,240.0
3881,-259.321,51.372,352.0
3882,-228.939,76.601,238.0
3883,-292.546,10.27,247.0
3884,-269.299,30.96,0.0
3885,-258.128,33.531,216.0
3886,-201.303,83.204,282.0
3887,-296.607,17.193,0.0
3888,-275.773,7.274,250.0
3889,-206.549,74.442,283.0
3890,-230.988,47.777,0.0
3891,-251.452,34.097,255.0
3892,-284.283,25.633,299.0
3893,-220.717,80.287,335.0
3894,-232.557,86.216,272.0
3895,-281.92,33.743,291.0
3896,-239.241,42.204,246.0
3897,-245.557,93.181,276.0
3898,-247.18,76.374,219.0
3899,-271.414,50.33,293.0
3900,-342.951,107.043,0.0
3901,-318.028,88.856,0.0
3902,-301.056,144.604,235.0
3903,-359.98,103.975,270.0
3904,-287.661,134.44,252.0
3905,-356.605,91.699,261.0
3906,-317.58,119.11,265.0
3907,-329.021,125.303,253.0
3908,-305.771,89.964,242.0
3909,-326.674,75.817,276.0
3910,-316.199,104.94,252.0
3911,-291.791,140.96,289.0
3912,-324.881,105.136,0.0
3913,-340.777,127.783,0.0
3914,-327.414,172.951,0.0
3915,-335.008,91.953,0.0
3916,-349.236,84.666,255.0
3917,-344.041,96.711,0.0
3918,-312.71,136.037,252.0
3919,-293.069,126.655,329.0
3920,-320.155,127.351,288.0
3921,-331.052,131.93,0.0
3922,-314.134,79.356,382.0
3923,-340.143,122.469,324.0
3924,-343.337,87.582,290.0
3925,-304.81,123.789,0.0
3926,-367.616,99.064,232.0
3927,-349.465,113.875,295.0
3928,-303.106,100.871,247.0
3929,-334.378,74.671,286.0
3930,-361.133,91.074,255.0
3931,-361.13,109.146,0.0
3932,-320.738,146.639,0.0
3933,-326.496,87.708,300.0
3934,-333.935,111.446,0.0
3935,-303.587,110.529,369.0
3936,-314.527,108.089,273.0
3937,-286.897,121.956,0.0
3938,-322.083,133.816,461.0
3939,-310.063,152.181,249.0
3940,-319.589,113.889,251.0
3941,-331.325,141.538,263.0
3942,-292.091,118.496,475.0
3943,-349.185,107.279,280.0
3944,-307.76,138.912,271.0
3945,-328.807,93.36,480.0
3946,-315.905,140.92,340.0
3947,-340.671,83.701,266.0
3948,-381.425,90.329,0.0
3949,-331.462,99.641,337.0
3950,-152.042,23.712,0.0
3951,-147.626,19.156,292.0
3952,-180.564,10.988,0.0
3953,-174.612,5.803,316.0
3954,-38.195,20.984,378.0
3955,-122.82,18.091,317.0
3956,-76.16,39.883,359.0
3957,-83.335,17.855,353.0
3958,-121.313,6.67,317.0
3959,-61.216,17.751,357.0
3960,-99.357,18.261,289.0
3961,-138.143,44.317,229.0
3962,-135.075,11.463,0.0
3963,-42.876,21.251,317.0
3964,-70.738,20.779,11.0
3965,-88.937,28.051,308.0
3966,-130.628,39.089,332.0
3967,-48.328,15.854,260.0
3968,-171.05,19.989,332.0
3969,-143.581,8.472,322.0
3970,-28.576,9.999,283.0
3971,-33.595,11.48,304.0
3972,-56.801,5.337,284.0
3973,-142.236,27.927,0.0
3974,-74.362,44.45,537.0
3975,-53.487,27.331,276.0
3976,-129.047,19.713,294.0
3977,-83.174,37.5,322.0
3978,-69.903,44.437,344.0
3979,-159.501,31.78,281.0
3980,-118.044,7.603,280.0
3981,-105.922,16.067,331.0
3982,-161.587,18.561,288.0
3983,-120.204,19.575,329.0
3984,-156.807,14.402,284.0
3985,-163.061,7.817,289.0
3986,-98.972,7.809,5.0
3987,0.0,0.0,0.0
3988,-69.01,31.339,313.0
3989,-81.495,10.969,304.0
3990,-61.236,24.984,0.0
3991,-93.093,11.448,340.0
3992,-150.846,34.123,0.0
3993,-71.571,16.015,303.0
3994,-104.339,29.945,354.0
3995,-126.472,26.169,307.0
3996,-148.968,43.383,328.0
3997,-173.09,27.423,335.0
3998,-50.395,24.306,315.0
3999,-79.04,26.796,0.0
4000,-271.638,-89.642,488.0
4001,-256.8,-103.352,288.0
4002,-290.53,-63.169,336.0
4003,-297.199,-71.9,332.0
4004,-281.337,-93.076,311.0
4005,-266.197,-84.638,328.0
4006,-293.814,-140.593,0.0
4007,-298.494,-114.974,16.0
4008,-282.549,-121.925,329.0
4009,-293.269,-105.927,4.0
4010,-277.877,-121.882,334.0
4011,-259.545,-127.141,356.0
4012,-298.35,-89.522,262.0
4013,-285.824,-131.802,358.0
4014,-267.237,-60.897,0.0
4015,-282.787,-69.902,0.0
4016,-261.323,-112.967,397.0
4017,-261.938,-72.943,308.0
4018,-277.659,-78.777,0.0
4019,-259.099,-95.895,432.0
4020,-269.678,-107.258,286.0
4021,-282.494,-101.671,289.0
4022,-279.873,-55.899,365.0
4023,-273.146,-73.282,230.0
4024,-294.865,-87.735,304.0
4025,-271.891,-48.586,102.0
4026,-269.624,-112.234,288.0
4027,-277.507,-114.991,0.0
4028,-293.601,-122.657,0.0
4029,-287.676,-79.692,273.0
4030,-282.929,-138.374,280.0
4031,-303.842,-141.976,0.0
4032,-299.368,-136.915,284.0
4033,-262.025,-56.353,303.0
4034,-261.963,-51.876,0.0
4035,-291.024,-148.397,288.0
4036,-301.736,-81.461,304.0
4037,-264.757,-94.852,299.0
4038,-296.902,-144.723,441.0
4039,-288.024,-116.089,287.0
4040,-269.84,-132.248,292.0
4041,-267.451,-120.52,287.0
4042,-299.065,-62.493,266.0
4043,-268.268,-80.622,378.0
4044,-273.65,-143.466,275.0
4045,-280.638,-135.05,354.0
4046,-287.028,-90.213,271.0
4047,-254.892,-78.951,278.0
4048,-286.148,-86.307,278.0
4049,-266.664,-142.987,257.0
4050,-322.722,-13.473,211.0
4051,-376.058,-152.857,289.0
4052,-324.093,-29.476,240.0
4053,-370.949,-129.899,278.0
4054,-303.893,-11.827,303.0
4055,-369.842,-117.942,276.0
4056,-386.298,-91.917,271.0
4057,-361.2,-118.853,321.0
4058,-380.876,-106.335,292.0
4059,-365.848,-97.563,351.0
4060,-334.462,-5.636,380.0
4061,-387.421,-121.5,0.0
4062,-328.577,-43.875,248.0
4063,-295.086,-3.901,348.0
4064,-377.68,-141.973,0.0
4065,-386.255,-135.891,401.0
4066,-314.413,-50.062,0.0
4067,-387.945,-105.891,31.0
4068,-366.596,-128.954,230.0
4069,-340.205,-50.286,431.0
4070,-368.145,-92.486,221.0
4071,-320.065,-24.918,113.0
4072,-335.638,-13.772,0.0
4073,-314.156,-33.694,0.0
4074,-372.539,-113.576,0.0
4075,-316.153,-37.33,252.0
4076,-304.029,-45.783,226.0
4077,-346.84,-50.983,189.0
4078,-312.034,-7.864,233.0
4079,-315.314,-16.134,0.0
4080,-311.158,-38.441,274.0
4081,-380.219,-117.722,270.0
4082,-366.619,-82.0,252.0
4083,-364.826,-104.244,249.0
4084,-399.018,-95.117,350.0
4085,-314.367,-24.445,265.0
4086,-320.82,-8.347,242.0
4087,-376.505,-88.718,299.0
4088,-367.896,-143.341,300.0
4089,-338.575,-8.199,597.0
4090,-334.419,-37.049,294.0
4091,-387.937,-87.789,0.0
4092,-372.37,-155.492,248.0
4093,-357.797,-82.835,278.0
4094,-342.326,-41.239,20.0
4095,-327.174,-21.356,191.0
4096,-302.231,-30.196,267.0
4097,-324.706,-51.781,1.0
4098,-354.874,-100.303,257.0
4099,-373.31,-124.373,214.0
4100,-168.33,-93.581,270.0
4101,-110.622,-8.304,235.0
4102,-156.006,-110.148,241.0
4103,-163.071,-88.747,218.0
4104,-127.137,-31.456,205.0
4105,-188.864,-114.963,251.0
4106,-205.231,-109.775,273.0
4107,-116.672,-31.474,239.0
4108,-109.119,-26.412,226.0
4109,-191.652,-107.804,276.0
4110,-134.479,-44.827,235.0
4111,-205.926,-144.444,222.0
4112,-191.799,-119.766,259.0
4113,-151.754,-36.812,212.0
4114,-217.779,-129.991,233.0
4115,-119.084,-17.018,259.0
4116,-95.92,-8.625,222.0
4117,-119.286,-36.831,209.0
4118,-180.18,-102.386,293.0
4119,-121.55,-26.851,253.0
4120,-172.406,-86.702,260.0
4121,-172.255,-115.968,246.0
4122,-199.243,-106.045,0.0
4123,-95.306,-33.731,0.0
4124,-136.08,-30.611,219.0
4125,-137.711,-15.859,18.0
4126,-178.769,-124.328,0.0
4127,-206.629,-93.242,254.0
4128,-180.867,-93.923,237.0
4129,-134.289,-2.793,243.0
4130,-97.13,-27.364,239.0
4131,-195.288,-109.411,263.0
4132,-173.92,-90.133,254.0
4133,-128.155,-23.022,198.0
4134,-202.211,-122.589,267.0
4135,-197.061,-100.46,291.0
4136,-141.857,-39.504,202.0
4137,-107.819,-31.823,167.0
4138,-182.453,-86.192,241.0
4139,-124.118,-17.326,206.0
4140,-192.104,-129.042,295.0
4141,-106.775,-14.123,220.0
4142,-206.492,-119.772,235.0
4143,-100.021,-8.076,246.0
4144,-142.317,-24.947,0.0
4145,-112.004,-43.034,254.0
4146,-139.167,-7.049,229.0
4147,-170.482,-108.678,254.0
4148,-203.682,-133.698,258.0
4149,-118.945,-8.421,223.0
4150,-203.645,-8.706,292.0
4151,-281.667,-154.476,260.0
4152,-244.102,-38.27,227.0
4153,-237.67,-23.397,241.0
4154,-211.184,-7.659,288.0
4155,-243.361,-55.756,235.0
4156,-256.869,-151.01,0.0
4157,-250.81,-32.487,241.0
4158,-245.658,-25.525,259.0
4159,-282.278,-183.679,260.0
4160,-209.493,-33.627,0.0
4161,-287.761,-164.362,225.0
4162,-308.707,-192.364,222.0
4163,-301.59,-160.679,205.0
4164,-299.13,-159.946,244.0
4165,-306.997,-177.747,228.0
4166,-281.154,-145.738,273.0
4167,-256.44,-49.939,229.0
4168,-267.482,-187.329,0.0
4169,-286.097,-183.018,249.0
4170,-214.961,-24.422,208.0
4171,-235.34,-47.61,210.0
4172,-250.749,-2.526,241.0
4173,-270.178,-145.298,266.0
4174,-300.68,-167.744,206.0
4175,-299.057,-175.354,249.0
4176,-260.288,-163.581,228.0
4177,-229.874,-8.413,259.0
4178,-222.118,-42.493,270.0
4179,-271.486,-180.707,240.0
4180,-281.016,-169.216,229.0
4181,-284.173,-195.234,293.0
4182,-232.637,-7.946,245.0
4183,-236.759,-29.719,223.0
4184,-216.687,-49.119,269.0
4185,-285.025,-178.558,212.0
4186,-232.035,-32.399,239.0
4187,-220.364,-17.526,222.0
4188,-265.01,-167.566,226.0
4189,-231.609,-19.073,238.0
4190,-219.655,-38.182,234.0
4191,-206.976,-13.256,192.0
4192,-262.554,-178.274,0.0
4193,-293.89,-196.338,0.0
4194,-223.937,-32.593,216.0
4195,-226.871,-20.861,240.0
4196,-232.273,-38.61,201.0
4197,-269.621,-161.301,247.0
4198,-298.37,-186.94,235.0
4199,-263.066,-162.355,264.0
4200,-144.931,-50.711,209.0
4201,-55.943,-19.271,231.0
4202,-67.233,-27.372,257.0
4203,-45.769,-6.653,235.0
4204,-37.235,-7.919,248.0
4205,-54.143,-21.582,206.0
4206,-56.611,-23.972,165.0
4207,-120.937,-67.301,204.0
4208,-152.715,-97.194,1.0
4209,-119.497,-75.947,255.0
4210,-129.97,-72.574,242.0
4211,-45.025,-10.079,234.0
4212,-78.501,-4.499,237.0
4213,-59.531,-10.633,274.0
4214,-94.703,-2.711,211.0
4215,-131.68,-60.994,5.0
4216,-148.818,-82.266,190.0
4217,-129.587,-76.195,217.0
4218,-138.501,-71.147,195.0
4219,-145.994,-62.059,200.0
4220,-133.751,-50.907,209.0
4221,-157.983,-75.104,213.0
4222,-25.208,-6.262,244.0
4223,-114.028,-58.442,212.0
4224,-107.969,-70.214,233.0
4225,-78.794,-33.975,210.0
4226,-84.847,-33.764,0.0
4227,-80.064,-22.711,219.0
4228,-123.678,-55.833,227.0
4229,-60.514,-13.265,257.0
4230,-66.603,-35.076,227.0
4231,-99.156,-40.053,206.0
4232,-145.879,-78.808,226.0
4233,-76.015,-12.206,236.0
4234,-83.529,-11.608,208.0
4235,-88.466,-48.116,188.0
4236,-142.238,-97.345,0.0
4237,-124.636,-52.744,191.0
4238,-102.249,-52.37,237.0
4239,-149.278,-63.251,202.0
4240,-33.131,-15.855,0.0
4241,-91.068,-42.93,23.0
4242,-96.337,-46.565,193.0
4243,-69.329,-4.773,252.0
4244,-98.791,-57.789,191.0
4245,-120.804,-47.96,228.0
4246,-70.691,-43.805,197.0
4247,-94.979,-21.148,187.0
4248,-142.417,-87.04,202.0
4249,-80.448,-39.545,200.0
4250,-361.787,-140.875,248.0
4251,-339.328,-112.939,271.0
4252,-309.271,-62.349,251.0
4253,-314.833,-88.579,199.0
4254,-325.54,-92.294,265.0
4255,-314.264,-77.38,280.0
4256,-349.877,-84.016,268.0
4257,-316.727,-131.241,272.0
4258,-303.279,-121.601,238.0
4259,-333.771,-72.64,229.0
4260,-342.316,-98.0,237.0
4261,-340.357,-78.992,30.0
4262,-335.211,-105.903,0.0
4263,-337.754,-91.535,257.0
4264,-311.535,-110.966,51.0
4265,-329.94,-80.112,195.0
4266,-346.308,-122.451,0.0
4267,-323.119,-92.633,254.0
4268,-318.411,-107.774,277.0
4269,-332.198,-118.338,235.0
4270,-350.42,-80.94,322.0
4271,-318.219,-54.406,213.0
4272,-348.46,-73.171,234.0
4273,-341.485,-133.216,209.0
4274,-351.397,-123.332,213.0
4275,-319.76,-66.118,212.0
4276,-355.389,-135.291,266.0
4277,-338.254,-57.175,484.0
4278,-347.125,-97.916,269.0
4279,-333.094,-125.943,111.0
4280,-332.53,-136.336,299.0
4281,-348.772,-142.287,269.0
4282,-320.22,-102.935,235.0
4283,-314.304,-93.517,221.0
4284,-312.748,-128.333,280.0
4285,-335.446,-142.022,0.0
4286,-311.968,-137.629,233.0
4287,-306.465,-78.689,386.0
4288,-344.962,-104.022,221.0
4289,-309.853,-69.946,235.0
4290,-311.794,-104.318,244.0
4291,-331.339,-55.795,381.0
4292,-329.719,-125.703,230.0
4293,-321.583,-142.294,200.0
4294,-325.379,-87.467,206.0
4295,-359.676,-150.481,255.0
4296,-312.694,-71.031,359.0
4297,-308.355,-107.256,229.0
4298,-349.725,-112.41,226.0
4299,-314.615,-122.454,0.0
4300,-144.327,-16.215,228.0
4301,-169.095,-67.295,232.0
4302,-175.134,-22.338,256.0
4303,-195.346,-76.25,259.0
4304,-205.532,-31.603,222.0
4305,-188.395,-52.583,231.0
4306,-200.755,-21.531,63.0
4307,-161.551,-6.404,262.0
4308,-196.456,-60.843,264.0
4309,-177.212,-9.261,292.0
4310,-173.708,-50.374,193.0
4311,-197.148,-64.784,232.0
4312,-189.569,-39.859,276.0
4313,-183.056,-36.182,225.0
4314,-158.848,-67.807,196.0
4315,-206.133,-80.214,220.0
4316,-184.119,-79.269,0.0
4317,-198.931,-13.676,208.0
4318,-155.524,-58.494,235.0
4319,-198.522,-51.67,247.0
4320,-158.897,-57.736,225.0
4321,-188.422,-35.652,226.0
4322,-180.594,-56.597,260.0
4323,-179.023,-67.154,222.0
4324,-195.431,-6.36,267.0
4325,-155.515,-19.622,192.0
4326,-160.645,-50.156,303.0
4327,-182.235,-52.538,236.0
4328,-175.367,-72.073,242.0
4329,-194.734,-85.021,293.0
4330,-203.513,-88.442,218.0
4331,-181.389,-2.108,217.0
4332,-178.688,-12.417,229.0
4333,-171.064,-54.78,233.0
4334,-171.263,-42.472,259.0
4335,-161.647,-17.461,246.0
4336,-148.258,-8.306,288.0
4337,-159.568,-81.087,254.0
4338,-191.348,-41.874,239.0
4339,-203.818,-39.657,222.0
4340,-203.742,-60.381,277.0
4341,-188.838,-71.288,211.0
4342,-158.078,-30.494,242.0
4343,-185.931,-25.561,239.0
4344,-163.82,-31.563,216.0
4345,-163.175,-42.95,0.0
4346,-193.098,-24.74,0.0
4347,-164.577,-24.418,0.0
4348,-192.553,-10.488,81.0
4349,-170.572,-11.079,237.0
4350,-321.268,-168.212,239.0
4351,-262.074,-33.796,0.0
4352,-298.601,-24.798,0.0
4353,-278.254,-34.363,220.0
4354,-292.989,-38.734,235.0
4355,-295.975,-28.241,255.0
4356,-347.143,-191.685,219.0
4357,-259.111,-17.805,205.0
4358,-282.382,-54.997,259.0
4359,-340.804,-169.047,0.0
4360,-343.026,-175.447,236.0
4361,-266.042,-28.597,238.0
4362,-253.704,-17.171,241.0
4363,-348.091,-161.019,236.0
4364,-317.195,-178.946,233.0
4365,-309.522,-164.986,220.0
4366,-287.691,-9.463,255.0
4367,-262.01,-15.676,0.0
4368,-269.614,-4.961,398.0
4369,-323.841,-175.945,235.0
4370,-358.137,-174.12,216.0
4371,-297.227,-45.09,226.0
4372,-296.369,-13.244,265.0
4373,-360.03,-171.634,245.0
4374,-276.531,-5.54,308.0
4375,-336.991,-152.034,233.0
4376,-319.538,-150.935,0.0
4377,-287.984,-24.697,0.0
4378,-351.443,-181.53,254.0
4379,-274.595,-27.735,230.0
4380,-322.877,-159.678,222.0
4381,-298.383,-52.085,254.0
4382,-256.16,-44.233,286.0
4383,-309.589,-147.692,223.0
4384,-275.962,-42.353,259.0
4385,-356.846,-166.929,234.0
4386,-354.358,-151.735,237.0
4387,-277.769,-24.793,0.0
4388,-331.689,-149.25,285.0
4389,-259.167,-3.252,253.0
4390,-331.931,-160.504,219.0
4391,-358.916,-162.389,219.0
4392,-344.234,-188.506,224.0
4393,-274.861,-11.058,283.0
4394,-340.825,-174.284,244.0
4395,-286.363,-15.464,294.0
4396,-326.704,-166.367,313.0
4397,-310.417,-160.14,259.0
4398,-309.479,-189.018,212.0
4399,-266.462,-42.018,260.0
4400,-231.334,-160.577,229.0
4401,-223.708,-118.733,294.0
4402,-241.185,-106.056,1.0
4403,-218.958,-117.263,265.0
4404,-246.442,-79.013,0.0
4405,-251.54,-87.978,0.0
4406,-222.945,-93.357,251.0
4407,-236.888,-74.177,230.0
4408,-215.721,-75.624,275.0
4409,-246.605,-157.681,306.0
4410,-243.736,-116.749,282.0
4411,-247.345,-60.515,282.0
4412,-224.825,-90.281,285.0
4413,-246.536,-132.672,423.0
4414,-219.36,-127.174,260.0
4415,-234.169,-126.215,367.0
4416,-216.583,-140.152,277.0
4417,-213.596,-86.872,285.0
4418,-244.023,-145.363,253.0
4419,-218.623,-64.03,265.0
4420,-237.842,-152.942,0.0
4421,-211.886,-57.59,299.0
4422,-236.02,-115.192,6.0
4423,-222.518,-63.363,259.0
4424,-245.871,-126.174,270.0
4425,-251.237,-121.221,344.0
4426,-239.556,-99.633,319.0
4427,-209.995,-68.511,0.0
4428,-240.259,-61.172,350.0
4429,-227.812,-68.875,265.0
4430,-245.239,-168.625,365.0
4431,-246.983,-88.248,306.0
4432,-206.734,-49.403,269.0
4433,-236.324,-106.876,267.0
4434,-253.175,-153.824,50.0
4435,-223.119,-76.816,289.0
4436,-225.642,-151.33,0.0
4437,-254.099,-100.277,305.0
4438,-250.038,-140.6,256.0
4439,-248.123,-97.922,285.0
4440,-254.067,-68.003,271.0
4441,-232.091,-131.659,289.0
4442,-245.775,-65.292,265.0
4443,-228.916,-140.146,263.0
4444,-240.711,-138.967,295.0
4445,-229.343,-127.242,245.0
4446,-218.695,-107.548,268.0
4447,-207.515,-109.039,272.0
4448,-229.951,-85.661,251.0
4449,-215.56,-93.52,335.0
4450,-403.883,-49.421,427.0
4451,-391.366,-71.39,64.0
4452,-396.045,-35.921,307.0
4453,-388.498,-6.981,322.0
4454,-371.708,-71.907,233.0
4455,-367.643,-52.089,0.0
4456,-379.147,-52.838,275.0
4457,-377.114,-33.608,0.0
4458,-349.14,-4.54,277.0
4459,-377.096,-22.072,211.0
4460,-406.006,-36.861,338.0
4461,-378.013,-75.302,305.0
4462,-345.111,-33.839,350.0
4463,-373.536,-58.168,305.0
4464,-389.939,-41.945,330.0
4465,-367.933,-18.21,345.0
4466,-344.823,-17.331,335.0
4467,-359.476,-42.656,402.0
4468,-385.517,-30.758,565.0
4469,-359.687,-22.672,260.0
4470,-380.582,-6.308,305.0
4471,-376.491,-70.707,428.0
4472,-393.199,-60.861,0.0
4473,0.0,0.0,0.0
4474,0.0,0.0,0.0
4475,-389.317,-22.393,348.0
4476,-384.352,-42.057,292.0
4477,-350.171,-28.178,252.0
4478,-372.991,-2.141,352.0
4479,-373.679,-39.922,327.0
4480,-352.214,-47.235,314.0
4481,-386.613,-20.262,291.0
4482,-363.788,-57.086,301.0
4483,-358.85,-74.071,296.0
4484,-390.798,-54.985,164.0
4485,-351.165,-38.884,301.0
4486,-361.939,-4.548,350.0
4487,-356.211,-69.8,0.0
4488,-390.978,-13.399,278.0
4489,-366.999,-30.584,317.0
4490,-339.471,-23.538,166.0
4491,-367.029,-63.527,278.0
4492,-357.901,-29.342,332.0
4493,-354.224,-16.647,248.0
4494,-398.125,-65.53,113.0
4495,-347.799,-58.375,306.0
4496,-405.15,-25.542,333.0
4497,-376.305,-17.758,288.0
4498,-393.044,-76.899,343.0
4499,-382.582,-60.881,2.0
4500,-223.793,-272.709,277.0
4501,-197.869,-302.628,260.0
4502,-228.782,-288.377,269.0
4503,-219.618,-230.104,304.0
4504,-221.574,-247.364,0.0
4505,-204.518,-230.552,413.0
4506,-222.881,-239.51,359.0
4507,-227.734,-261.331,636.0
4508,-217.661,-280.511,320.0
4509,-181.69,-290.242,279.0
4510,-195.939,-262.014,336.0
4511,-186.19,-314.111,261.0
4512,-237.224,-266.498,360.0
4513,-232.791,-255.025,273.0
4514,-214.613,-252.336,275.0
4515,-179.325,-305.817,3.0
4516,-218.942,-307.92,338.0
4517,-171.093,-286.912,293.0
4518,-208.225,-279.196,403.0
4519,-214.515,-259.253,270.0
4520,-184.839,-265.799,260.0
4521,-206.845,-272.097,296.0
4522,-198.403,-297.342,0.0
4523,-193.455,-300.493,275.0
4524,-179.699,-278.539,299.0
4525,-203.199,-248.8,320.0
4526,-189.925,-291.25,1.0
4527,-200.46,-318.231,237.0
4528,-207.958,-292.968,2.0
4529,-190.943,-280.818,0.0
4530,-200.909,-252.138,366.0
4531,-217.875,-284.788,315.0
4532,-170.366,-302.701,262.0
4533,-205.969,-313.951,0.0
4534,-236.515,-257.019,314.0
4535,-206.621,-300.949,275.0
4536,-207.446,-330.856,332.0
4537,-222.101,-267.741,260.0
4538,-197.302,-289.051,273.0
4539,-213.213,-241.33,0.0
4540,-221.082,-252.636,260.0
4541,-220.41,-300.688,311.0
4542,-180.101,-270.448,304.0
4543,-204.835,-324.495,2.0
4544,-202.794,-260.923,322.0
4545,-194.698,-272.352,323.0
4546,-204.559,-274.793,379.0
4547,-232.289,-246.232,297.0
4548,-239.568,-249.181,3.0
4549,-186.908,-280.346,292.0
4550,-89.589,-223.954,320.0
4551,-60.883,-96.344,285.0
4552,-80.575,-165.199,337.0
4553,-72.03,-196.011,383.0
4554,-76.082,-180.061,293.0
4555,-110.545,-88.244,291.0
4556,-90.658,-215.168,0.0
4557,-81.444,-192.672,312.0
4558,-86.412,-181.685,273.0
4559,-69.204,-73.87,275.0
4560,-73.133,-84.749,257.0
4561,-89.481,-193.775,320.0
4562,-84.177,-100.271,0.0
4563,-98.308,-110.476,249.0
4564,-103.476,-91.119,267.0
4565,-76.658,-177.072,322.0
4566,-70.827,-91.557,231.0
4567,-52.592,-82.531,288.0
4568,-89.277,-174.262,304.0
4569,-92.415,-201.45,349.0
4570,-64.04,-86.474,278.0
4571,-82.426,-68.041,275.0
4572,-84.517,-173.913,267.0
4573,-78.273,-225.015,304.0
4574,-103.387,-192.034,335.0
4575,-91.65,-87.311,425.0
4576,-94.307,-96.816,351.0
4577,-104.611,-99.634,364.0
4578,-89.248,-104.593,333.0
4579,-78.265,-105.027,342.0
4580,-78.698,-108.679,373.0
4581,-103.591,-85.283,364.0
4582,-88.456,-75.187,305.0
4583,-97.008,-205.36,399.0
4584,-108.361,-198.697,381.0
4585,-91.672,-121.581,375.0
4586,-96.172,-186.24,369.0
4587,-78.423,-72.323,330.0
4588,-68.817,-178.099,347.0
4589,-94.895,-234.482,407.0
4590,-96.228,-208.314,394.0
4591,-70.026,-65.743,343.0
4592,-85.451,-95.002,341.0
4593,-76.722,-205.182,344.0
4594,-86.829,-241.47,388.0
4595,-82.535,-201.109,482.0
4596,-96.631,-225.837,355.0
4597,-92.195,-73.675,387.0
4598,-78.425,-62.572,410.0
4599,-78.005,-214.172,406.0
4600,-168.388,-284.722,433.0
4601,-152.12,-289.913,335.0
4602,-199.202,-237.497,324.0
4603,-164.783,-220.155,323.0
4604,-159.178,-235.601,0.0
4605,-151.996,-259.588,321.0
4606,-175.024,-266.818,308.0
4607,-162.368,-295.134,366.0
4608,-143.597,-291.847,468.0
4609,-186.968,-251.99,322.0
4610,-158.048,-246.019,0.0
4611,-155.921,-297.241,281.0
4612,-163.063,-262.237,337.0
4613,-150.482,-270.566,290.0
4614,-129.332,-264.754,317.0
4615,-186.042,-234.494,398.0
4616,-140.056,-260.077,387.0
4617,-186.263,-210.782,399.0
4618,-173.061,-216.515,351.0
4619,-167.492,-254.194,309.0
4620,-137.477,-253.586,334.0
4621,-196.79,-229.423,25.0
4622,-164.4,-210.093,415.0
4623,-173.966,-224.782,280.0
4624,-154.987,-250.827,359.0
4625,-206.846,-223.685,0.0
4626,-154.345,-267.859,324.0
4627,-177.733,-234.909,297.0
4628,-200.752,-214.31,345.0
4629,-150.916,-227.411,351.0
4630,-130.961,-257.483,0.0
4631,-172.601,-203.913,344.0
4632,-151.752,-236.365,345.0
4633,-155.01,-277.02,6.0
4634,-159.873,-272.532,319.0
4635,-188.264,-206.166,323.0
4636,-164.648,-241.603,391.0
4637,-168.996,-229.572,361.0
4638,-144.841,-248.045,387.0
4639,-175.717,-216.702,270.0
4640,-136.589,-278.746,288.0
4641,-175.965,-247.813,0.0
4642,-183.163,-244.725,313.0
4643,-186.964,-195.177,387.0
4644,-175.418,-194.387,305.0
4645,-180.177,-255.942,315.0
4646,-181.611,-205.483,339.0
4647,-192.438,-218.934,475.0
4648,-143.757,-285.097,315.0
4649,-136.783,-243.361,333.0
4650,-89.155,-162.013,358.0
4651,-103.472,-120.414,255.0
4652,-91.06,-149.078,254.0
4653,-121.87,-155.958,307.0
4654,-99.027,-150.427,275.0
4655,-126.32,-109.175,263.0
4656,-147.064,-123.461,271.0
4657,-155.692,-115.531,308.0
4658,-140.959,-142.378,326.0
4659,-87.81,-136.965,0.0
4660,-128.999,-145.233,318.0
4661,-128.469,-129.175,240.0
4662,-105.348,-157.442,285.0
4663,-100.41,-181.117,298.0
4664,-146.656,-139.156,295.0
4665,-105.632,-141.031,0.0
4666,-122.919,-184.72,260.0
4667,-115.175,-136.746,0.0
4668,-108.144,-181.398,313.0
4669,-140.22,-128.957,113.0
4670,-111.733,-167.864,1.0
4671,-119.566,-141.48,296.0
4672,-128.584,-166.957,300.0
4673,-137.06,-156.787,335.0
4674,-139.391,-111.707,293.0
4675,-119.088,-98.523,264.0
4676,-128.82,-116.208,285.0
4677,-107.002,-134.802,247.0
4678,-128.349,-161.406,311.0
4679,-101.895,-153.115,290.0
4680,-112.084,-161.333,300.0
4681,-131.998,-133.534,305.0
4682,-141.208,-138.422,322.0
4683,-121.275,-160.738,292.0
4684,-110.068,-99.447,0.0
4685,-155.463,-126.924,256.0
4686,-113.352,-123.803,257.0
4687,-103.285,-136.012,248.0
4688,-148.115,-115.819,278.0
4689,-118.257,-115.517,298.0
4690,-112.143,-146.382,289.0
4691,-108.395,-186.217,275.0
4692,-105.901,-170.042,283.0
4693,-94.809,-169.493,291.0
4694,-120.981,-174.826,0.0
4695,-108.383,-104.889,217.0
4696,-97.533,-139.987,260.0
4697,-131.904,-102.802,246.0
4698,-138.648,-122.262,238.0
4699,-115.87,-103.88,260.0
4700,-277.797,-232.416,0.0
4701,-271.727,-225.866,376.0
4702,-291.314,-239.81,401.0
4703,-261.075,-267.328,294.0
4704,-310.037,-238.742,546.0
4705,-246.143,-276.299,0.0
4706,-247.911,-269.056,298.0
4707,-276.03,-252.125,265.0
4708,-290.444,-244.268,268.0
4709,-299.27,-246.022,254.0
4710,-311.85,-236.023,322.0
4711,-253.502,-249.151,277.0
4712,-296.41,-249.612,314.0
4713,-269.727,-215.606,122.0
4714,-306.504,-269.88,345.0
4715,-269.719,-246.273,282.0
4716,-255.677,-239.865,253.0
4717,-277.046,-209.699,319.0
4718,-262.379,-226.873,291.0
4719,-266.455,-217.527,274.0
4720,-265.306,-238.623,310.0
4721,-285.018,-231.61,258.0
4722,-266.912,-284.755,292.0
4723,-309.854,-231.699,283.0
4724,-293.563,-262.126,294.0
4725,-281.7,-272.946,273.0
4726,-325.234,-241.92,455.0
4727,-290.87,-270.82,371.0
4728,-276.386,-224.483,338.0
4729,-277.736,-270.05,269.0
4730,-255.841,-270.744,299.0
4731,-284.276,-217.039,336.0
4732,-265.943,-251.47,253.0
4733,-281.706,-284.694,786.0
4734,-285.635,-263.647,485.0
4735,-258.157,-283.257,327.0
4736,-302.918,-244.877,353.0
4737,-295.944,-234.467,31.0
4738,-276.295,-283.46,648.0
4739,-272.408,-260.145,399.0
4740,-315.273,-248.732,317.0
4741,-315.398,-254.478,451.0
4742,-283.098,-241.147,320.0
4743,-308.624,-260.106,301.0
4744,-299.625,-224.915,329.0
4745,-288.699,-277.961,312.0
4746,-255.639,-260.254,301.0
4747,-249.651,-251.242,310.0
4748,-273.576,-296.942,551.0
4749,-262.616,-272.376,356.0
4750,-176.598,-141.524,329.0
4751,-169.108,-183.944,308.0
4752,-188.705,-176.36,377.0
4753,-167.185,-144.322,327.0
4754,-133.071,-331.902,303.0
4755,-130.595,-321.96,399.0
4756,-151.103,-171.641,327.0
4757,-163.614,-152.736,408.0
4758,-201.92,-150.564,375.0
4759,-180.767,-161.208,344.0
4760,-110.483,-300.601,303.0
4761,-110.678,-322.268,307.0
4762,-157.185,-178.95,463.0
4763,-174.492,-165.14,367.0
4764,-121.101,-289.619,304.0
4765,-163.365,-136.174,0.0
4766,-150.042,-157.278,354.0
4767,-141.295,-286.754,347.0
4768,-187.903,-145.164,342.0
4769,-109.635,-289.609,321.0
4770,-149.46,-150.389,318.0
4771,-143.362,-299.482,289.0
4772,-136.699,-293.167,362.0
4773,-157.46,-142.516,320.0
4774,-133.638,-320.384,364.0
4775,-188.672,-165.614,331.0
4776,-172.724,-153.996,313.0
4777,-125.035,-328.857,273.0
4778,-170.019,-125.952,305.0
4779,-149.789,-305.152,334.0
4780,-175.948,-184.369,313.0
4781,-177.049,-146.994,412.0
4782,-134.05,-306.924,0.0
4783,-122.919,-320.079,330.0
4784,-161.353,-169.786,331.0
4785,-175.859,-181.401,317.0
4786,-112.344,-313.076,295.0
4787,-139.513,-312.737,295.0
4788,-128.586,-284.165,407.0
4789,-170.225,-158.802,325.0
4790,-127.373,-279.522,8.0
4791,-118.927,-273.496,2.0
4792,-125.385,-300.184,4.0
4793,-115.569,-299.296,324.0
4794,-124.523,-313.295,303.0
4795,-104.847,-311.941,332.0
4796,-118.052,-280.008,290.0
4797,-162.768,-127.743,340.0
4798,-145.54,-318.91,311.0
4799,-171.27,-172.265,346.0
4800,-234.374,-212.045,0.0
4801,-263.442,-209.89,312.0
4802,-243.06,-313.929,287.0
4803,-255.242,-295.718,332.0
4804,-218.166,-222.067,276.0
4805,-249.389,-205.527,303.0
4806,-221.423,-327.119,322.0
4807,-252.466,-195.786,332.0
4808,-232.577,-322.299,364.0
4809,-244.58,-213.628,344.0
4810,-204.268,-340.167,329.0
4811,-260.772,-198.899,328.0
4812,-258.117,-205.656,274.0
4813,-245.625,-235.364,276.0
4814,-224.567,-304.973,323.0
4815,-229.203,-215.061,62.0
4816,-249.032,-200.261,347.0
4817,-232.371,-328.253,371.0
4818,-236.85,-278.46,301.0
4819,-257.372,-224.237,335.0
4820,-249.632,-282.193,329.0
4821,-245.275,-295.461,345.0
4822,-239.81,-181.088,326.0
4823,-212.756,-317.041,307.0
4824,-270.2,-206.263,404.0
4825,-259.458,-307.709,448.0
4826,-223.632,-294.257,294.0
4827,-215.278,-334.39,396.0
4828,-238.547,-294.886,275.0
4829,-255.954,-212.266,308.0
4830,-239.881,-307.694,355.0
4831,-241.855,-230.128,333.0
4832,-247.379,-241.172,336.0
4833,-226.551,-205.237,338.0
4834,-251.744,-310.617,393.0
4835,-231.076,-314.871,301.0
4836,-264.392,-302.53,336.0
4837,-210.701,-336.187,447.0
4838,-231.712,-197.594,333.0
4839,-226.385,-224.344,316.0
4840,-236.807,-221.841,322.0
4841,-248.064,-189.06,364.0
4842,-237.181,-186.352,347.0
4843,-231.15,-236.686,436.0
4844,-223.926,-310.593,507.0
4845,-248.093,-234.806,304.0
4846,-251.677,-305.832,299.0
4847,-222.912,-332.592,366.0
4848,-241.239,-328.557,0.0
4849,-234.352,-300.007,639.0
4850,-59.011,-159.616,326.0
4851,-28.122,-35.16,318.0
4852,-72.45,-133.02,277.0
4853,-63.504,-171.384,278.0
4854,-62.168,-132.598,291.0
4855,-36.833,-84.176,289.0
4856,-88.237,-128.792,310.0
4857,-40.604,-71.325,0.0
4858,-36.058,-34.496,0.0
4859,-29.368,-43.447,297.0
4860,-66.807,-150.059,291.0
4861,-51.245,-73.103,305.0
4862,-29.903,-24.118,286.0
4863,-17.404,-32.175,0.0
4864,-58.008,-104.892,287.0
4865,-58.665,-141.504,276.0
4866,-74.946,-111.385,272.0
4867,-59.138,-147.886,273.0
4868,-40.792,-47.637,327.0
4869,-20.126,-23.751,309.0
4870,-72.014,-153.062,351.0
4871,-36.641,-78.081,340.0
4872,-45.903,-96.343,284.0
4873,-61.693,-111.315,297.0
4874,-78.619,-150.036,327.0
4875,-80.857,-138.722,352.0
4876,-53.675,-65.573,296.0
4877,-84.536,-129.421,318.0
4878,-53.416,-46.41,368.0
4879,-66.792,-53.432,323.0
4880,-55.903,-111.5,291.0
4881,-50.189,-117.541,379.0
4882,-55.064,-125.844,316.0
4883,-69.825,-60.23,299.0
4884,-34.227,-44.39,2.0
4885,-49.542,-84.965,319.0
4886,-56.694,-74.363,277.0
4887,-81.904,-123.229,333.0
4888,-43.565,-39.602,3.0
4889,-45.275,-64.005,333.0
4890,-33.226,-54.907,3.0
4891,-54.068,-90.966,1226.0
4892,-44.873,-102.779,296.0
4893,-75.372,-123.334,330.0
4894,-57.753,-134.995,390.0
4895,-31.95,-67.501,327.0
4896,-52.311,-57.37,362.0
4897,-61.002,-64.115,337.0
4898,-63.072,-120.263,343.0
4899,-42.671,-87.863,322.0
4900,-164.856,-362.309,0.0
4901,-203.996,-190.457,486.0
4902,-227.355,-181.533,429.0
4903,-203.397,-195.205,294.0
4904,-195.423,-328.685,5.0
4905,-151.197,-324.162,407.0
4906,-216.799,-206.8,373.0
4907,-188.429,-188.625,395.0
4908,-161.831,-300.522,361.0
4909,-174.529,-358.334,363.0
4910,-194.449,-337.537,375.0
4911,-210.366,-178.637,430.0
4912,-175.802,-351.079,647.0
4913,-217.557,-199.662,1.0
4914,-158.306,-320.439,396.0
4915,-183.04,-327.06,389.0
4916,-199.256,-168.824,458.0
4917,-171.537,-351.709,422.0
4918,-192.179,-317.468,481.0
4919,-162.809,-339.507,437.0
4920,-204.489,-168.651,376.0
4921,-209.959,-172.742,460.0
4922,-206.635,-159.713,452.0
4923,-208.088,-216.372,772.0
4924,-217.273,-169.107,491.0
4925,-161.094,-315.028,420.0
4926,-165.865,-328.238,383.0
4927,-183.72,-331.686,390.0
4928,-165.384,-307.904,389.0
4929,-223.918,-196.976,392.0
4930,-225.476,-174.793,378.0
4931,-173.26,-315.076,349.0
4932,-178.493,-316.188,0.0
4933,-218.565,-189.341,6.0
4934,-148.592,-316.503,391.0
4935,-195.25,-205.118,387.0
4936,-208.238,-197.51,428.0
4937,-140.284,-333.343,0.0
4938,-174.555,-332.184,332.0
4939,-212.291,-157.447,405.0
4940,-194.595,-161.809,445.0
4941,-229.242,-174.843,0.0
4942,-198.921,-347.856,466.0
4943,-193.692,-184.077,82.0
4944,-180.833,-355.272,328.0
4945,-214.598,-202.554,337.0
4946,-185.618,-184.393,421.0
4947,-164.298,-336.348,407.0
4948,-184.928,-343.336,7.0
4949,-207.632,-177.433,393.0
4950,-97.817,-260.364,388.0
4951,-117.456,-199.277,380.0
4952,-152.83,-208.685,0.0
4953,-121.989,-258.757,393.0
4954,-129.66,-245.413,338.0
4955,-120.009,-225.308,498.0
4956,-98.522,-282.939,339.0
4957,-122.545,-191.966,348.0
4958,-142.756,-164.492,364.0
4959,-129.785,-181.478,416.0
4960,-126.482,-200.726,27.0
4961,-121.956,-242.181,0.0
4962,-155.774,-196.681,357.0
4963,-144.094,-206.495,401.0
4964,-114.003,-275.888,408.0
4965,-125.228,-208.888,351.0
4966,-133.882,-217.205,5.0
4967,-112.387,-260.716,366.0
4968,-112.543,-246.411,0.0
4969,-124.222,-221.438,3.0
4970,-147.702,-185.746,379.0
4971,-135.418,-198.716,405.0
4972,-123.375,-254.445,389.0
4973,-143.142,-174.005,352.0
4974,-163.455,-194.118,2.0
4975,-110.75,-237.208,407.0
4976,-159.613,-188.88,115.0
4977,-101.785,-254.271,435.0
4978,-106.277,-219.604,47.0
4979,-119.616,-218.218,383.0
4980,-128.608,-194.2,382.0
4981,-103.641,-240.75,485.0
4982,-146.596,-192.964,360.0
4983,-122.29,-230.928,404.0
4984,-144.245,-227.201,411.0
4985,-92.69,-259.121,387.0
4986,-99.937,-275.013,480.0
4987,-151.324,-220.595,395.0
4988,-141.72,-188.353,410.0
4989,-139.413,-237.552,482.0
4990,-107.367,-234.563,449.0
4991,-112.593,-209.498,400.0
4992,-97.543,-241.827,335.0
4993,-136.337,-237.833,406.0
4994,-113.18,-270.496,481.0
4995,-146.077,-196.691,371.0
4996,-98.808,-256.809,378.0
4997,-138.929,-204.096,426.0
4998,-129.372,-227.033,406.0
4999,-164.051,-199.735,385.0
