TILEID,LASTNIGHT,FIBER,CLUSTER
41771,20211218,4507,0
41771,20211218,4891,-1
24953,20220322,4733,0
20411,20210617,4891,0
11220,20211008,4912,0
40486,20220612,466,0
25277,20220516,3448,0
23490,20240107,4923,0
23794,20220218,2171,0
23037,20211024,4507,0
23037,20211024,4849,0
4368,20230411,4891,0
24173,20211219,466,0
20003,20230406,4738,0
20003,20230406,4912,0
22897,20231230,4733,0
22349,20230209,2171,0
20716,20221112,4891,0
25817,20220314,4733,0
25817,20220314,4738,0
25817,20220314,4849,0
42526,20240203,4849,0
23616,20230406,357,0
22397,20221008,4849,0
22397,20221008,4891,0
22397,20221008,4923,0
7351,20230324,4507,0
1452,20231212,4849,0
2678,20220531,4912,0
80730,20210322,3448,0
2679,20220312,3448,0
21816,20220511,466,0
41250,20220122,357,0
23865,20240219,3448,0
6931,20221125,357,0
22231,20210927,4891,0
22231,20210927,4912,0
25641,20211107,4733,0
25641,20211107,4912,0
41654,20220316,4507,0
24787,20220202,4738,0
23044,20211019,651,0
24909,20230615,2171,0
40074,20230408,651,-1
4263,20240216,4923,0
82406,20211118,357,-1
1833,20210604,651,0
11015,20220326,3448,0
40950,20230404,357,-1
22909,20230207,2171,0
7531,20221225,466,0
23355,20220413,4738,0
23355,20220413,4891,0
23678,20221011,651,0
22937,20230112,4923,0
22045,20230119,357,0
41549,20220423,4923,0
7225,20220228,4912,0
22342,20230408,4733,0
22342,20230408,4912,0
20638,20220414,651,0
23763,20220512,4733,0
23763,20220512,4738,0
23763,20220512,4923,0
25075,20220317,4891,0
25075,20220317,4912,0
25075,20220317,4923,0
1578,20210528,466,0
20561,20240130,2171,0
2761,20231004,4849,0
80653,20210115,4507,0
80653,20210115,4912,0
80653,20210115,4923,0
24339,20240320,4507,0
42723,20240402,3448,0
23354,20220309,4733,0
23354,20220309,4849,0
23354,20220309,4891,0
10836,20220104,4912,0
3189,20230113,651,0
42048,20231031,4738,0
23350,20220414,4912,0
40067,20220127,4891,0
40067,20220127,466,0
81088,20210404,4891,0
2414,20211013,4507,0
4338,20230416,4923,0
11418,20231216,466,0
27629,20240223,651,0
42640,20230202,2171,0
21224,20210923,4891,0
21224,20210923,4912,0
40497,20220613,651,0
21995,20220513,651,0
6406,20230909,4923,0
10305,20221016,4733,0
5688,20220322,357,0
60,20210417,651,0
25690,20211020,357,0
25690,20211020,466,0
25152,20221209,3448,0
9832,20211104,2171,0
23979,20230604,357,0
25153,20221209,4738,0
5541,20221030,4912,0
23560,20230324,4507,0
25742,20221111,2171,0
22974,20221030,4849,0
22974,20221030,4891,0
21191,20220510,651,0
22473,20220513,2171,0
25622,20230531,4923,0
22333,20230509,2171,0
9296,20211215,4891,0
21080,20230316,466,0
7799,20220915,4507,0
40084,20230529,4912,0
23448,20211114,357,0
7378,20230324,4923,0
22875,20221011,651,0
24964,20220213,4507,0
40533,20220113,2171,0
42706,20230308,3448,1
25918,20220508,4849,0
42516,20220409,4891,0
22551,20230112,357,0
43023,20221119,357,0
9294,20220209,4733,0
22658,20230312,4507,0
24082,20231028,3448,0
22519,20231016,4733,0
22519,20231016,4923,0
23945,20230602,4507,0
23945,20230602,4738,0
8716,20221017,4923,0
5830,20240409,357,0
10297,20221223,4923,0
24320,20220217,4733,0
24320,20220217,4738,0
8221,20240112,4923,0
20216,20240203,4507,0
26166,20211114,4733,0
26166,20211114,4912,0
22229,20221026,4891,0
20425,20210522,4733,0
20425,20210522,4891,0
2821,20230620,4912,0
43058,20240305,4507,0
24022,20220610,3448,0
23792,20240219,2171,0
23550,20220413,4891,0
22843,20230929,357,0
25228,20231110,4849,0
25513,20211016,651,0
20682,20211211,466,0
22594,20211016,3448,0
23841,20221110,357,0
1208,20210602,4507,0
9814,20211104,357,0
20606,20231204,2171,0
22451,20230424,651,0
11371,20231217,651,0
6121,20230527,4891,0
11487,20220322,466,0
22531,20230111,2171,0
3196,20220427,4923,0
42121,20220613,4912,0
7432,20221115,4849,0
83356,20230612,466,0
22858,20230304,4507,0
22858,20230304,4891,0
26695,20240327,651,0
24094,20240302,2171,0
25785,20230304,4738,0
25785,20230304,4912,0
21954,20230208,466,0
42662,20230429,466,0
80658,20210220,466,0
8781,20230121,357,0
8781,20230121,466,0
40856,20220613,4912,0
40856,20220613,4923,0
24460,20230108,3448,0
21117,20210604,4849,0
40949,20230405,4733,0
40949,20230405,4849,0
42709,20240227,466,0
23481,20220221,2171,0
23154,20230506,4733,0
23154,20230506,4912,0
23154,20230506,4923,0
4400,20230421,4733,0
41244,20240217,466,0
8803,20230113,466,0
20039,20211014,4891,0
22064,20230328,2171,0
2946,20221130,2171,0
21549,20231109,357,0
21105,20240203,4891,0
41003,20230504,357,0
7624,20240217,4738,0
22329,20230208,651,0
5681,20220403,3448,0
23447,20221101,4738,0
25218,20220529,3448,0
23791,20220414,4891,0
23107,20220211,4733,0
40901,20240213,4923,0
20452,20230406,2171,0
80659,20210304,4733,0
80659,20210304,4891,0
20605,20240126,357,0
21605,20230208,2171,0
2672,20220501,2171,0
40961,20220319,466,0
4596,20220406,4912,0
21845,20230304,4733,0
21845,20230304,4738,0
42792,20230122,2171,0
11940,20230326,466,0
40681,20231119,357,0
21438,20211114,4507,0
21438,20211114,4891,0
41715,20230827,651,0
23002,20230202,2171,0
42972,20230225,2171,-1
82408,20211030,357,0
9655,20231019,466,0
83403,20230926,4733,0
3562,20230918,357,0
20647,20230429,4849,0
25811,20220516,357,0
1828,20231020,4923,0
25461,20230508,2171,0
42486,20230531,651,0
1947,20211102,3448,0
11775,20231012,4507,0
2320,20240116,4912,0
21327,20230304,357,0
20623,20230209,2171,0
25648,20211215,357,0
25648,20211215,466,0
41907,20230529,4738,0
10122,20221019,4923,0
22006,20230201,651,0
20773,20210522,651,0
20270,20220203,2171,0
3733,20220327,466,0
41659,20230209,4912,0
41659,20230209,4923,0
40579,20220203,357,0
11275,20230529,4891,0
23162,20230523,357,0
21621,20230402,651,0
22673,20230201,4891,0
26129,20230120,651,0
41939,20230928,2171,0
24447,20221019,2171,0
25284,20220516,357,0
25284,20220516,466,0
20853,20210705,651,0
42968,20240215,466,-1
23567,20220429,4912,0
42854,20240304,2171,-1
24365,20211021,4507,0
24365,20211021,4923,0
40280,20220315,4923,0
22644,20230303,4923,0
21600,20230609,4849,0
3680,20220424,357,0
2931,20221216,4733,0
2931,20221216,4891,0
2931,20221216,4923,0
1591,20220225,4733,0
9920,20220330,3448,0
26069,20221009,4507,0
26069,20221009,4891,0
41630,20230308,4912,0
41630,20230308,4923,0
41882,20220416,4507,0
41882,20220416,4891,0
41882,20220416,4923,0
6738,20220924,2171,0
3420,20221013,4507,0
42055,20220923,4733,0
2451,20231004,466,0
11491,20220403,3448,0
23901,20230529,4738,0
8281,20231021,4891,0
24181,20211118,357,0
7965,20211128,357,0
24072,20221009,4891,0
22951,20211117,4891,0
20152,20231109,4891,0
20126,20230207,2171,0
4016,20221115,4849,0
10222,20240116,4912,0
25081,20240407,3448,0
25875,20220513,651,0
25731,20231120,2171,0
25347,20230206,4912,0
9584,20220427,4891,0
11058,20211110,2171,0
21991,20220513,4507,0
6651,20221214,4738,0
42821,20230206,4738,0
5369,20211204,3448,0
5819,20220325,4912,0
3336,20220509,3448,0
41338,20231101,4733,0
24284,20220120,466,0
10819,20220326,4849,0
42229,20230814,4891,2
11475,20240409,651,0
24165,20230811,4923,0
25745,20210928,4891,0
20755,20240301,466,0
24035,20220505,4733,0
24035,20220505,4923,0
11301,20240213,4923,0
2839,20220330,4507,0
21180,20210521,4507,0
21714,20231002,4891,0
21554,20230104,4891,0
23384,20230319,4733,0
24950,20230525,357,0
25481,20230507,4733,0
25481,20230507,4738,0
24825,20230507,4507,0
21001,20231213,4507,0
21001,20231213,4733,0
24487,20231021,357,0
80692,20210214,4912,0
11768,20211205,4891,0
7031,20221214,4891,0
3836,20231003,4507,0
3836,20231003,4849,0
3836,20231003,4891,0
3836,20231003,4912,0
42427,20240302,4507,-1
42427,20240302,4891,0
42427,20240302,4923,-1
9292,20220321,4923,0
21940,20221206,4738,0
10975,20211104,2171,0
25834,20230108,4923,0
42042,20221104,4912,0
23108,20230209,4891,0
41907,20230529,3448,0
9365,20211009,466,0
41909,20230312,4733,3
41909,20230312,4849,0
10727,20231210,2171,0
24238,20221224,2171,0
41942,20230928,3448,0
24797,20220225,3448,0
500,20210510,4923,0
22854,20221016,4923,0
25425,20230515,4923,0
10359,20220309,4891,0
20416,20210618,651,0
21503,20211026,4507,0
21503,20211026,4891,0
2046,20211109,4891,0
23198,20230502,4733,0
25517,20231211,4507,0
25517,20231211,4733,0
23905,20220611,3448,0
24081,20231205,4733,0
21170,20230310,2171,0
3130,20231207,4891,0
83342,20230428,4507,0
83342,20230428,4923,0
25056,20240227,466,0
42796,20231231,4507,0
11649,20211127,4738,0
24717,20240304,651,0
25643,20220120,4738,0
25643,20220120,4891,0
42531,20230501,4912,0
24387,20221224,4507,0
24387,20221224,4849,0
26220,20211024,4738,0
6871,20220124,2171,0
25444,20230601,4923,0
21558,20220311,4891,0
20901,20210705,4912,0
23813,20221111,4891,0
4417,20220106,357,0
23839,20230108,357,0
9759,20231212,2171,0
22317,20230407,4923,0
80736,20210404,3448,0
2809,20220605,4891,0
2374,20211010,466,0
21703,20220114,4733,0
20604,20221112,4738,0
22337,20220321,3448,0
20671,20230926,4733,0
20671,20230926,4849,0
249,20210413,4912,0
40481,20220612,2171,0
41972,20221226,4738,0
41972,20221226,4912,2
23734,20230107,4507,0
23734,20230107,4733,0
23547,20220523,3448,0
3568,20240108,3448,0
24742,20230402,4507,0
24742,20230402,4733,0
7394,20230906,466,0
21451,20211115,466,0
26012,20231230,4733,0
5958,20230414,4738,0
22700,20220314,3448,0
8949,20221126,4891,0
42560,20221126,466,0
25602,20220611,4733,0
23877,20240302,466,0
24037,20220503,4733,0
42020,20230922,3448,0
21984,20220514,4738,0
21984,20220514,4849,0
20656,20220607,4738,0
1823,20210616,651,0
9271,20220109,357,0
8187,20211128,4912,0
83410,20231004,651,0
23837,20230108,2171,0
22844,20231022,4912,0
25781,20230331,4912,0
2280,20211013,651,0
4356,20230618,4891,0
5527,20240203,3448,0
24205,20230228,2171,0
21653,20230922,4923,0
40826,20230815,4912,0
42730,20240409,3448,-1
42570,20231029,4891,0
42570,20231029,4912,0
10624,20220326,4507,0
22632,20230509,4733,0
22632,20230509,4912,0
8802,20220402,4738,0
3666,20240311,3448,0
25856,20220513,3448,0
20736,20210620,4738,0
20736,20210620,4891,0
25823,20220213,466,0
23795,20230209,2171,0
8770,20231008,2171,0
40730,20230814,2171,0
11766,20221026,3448,0
24974,20220307,4507,0
4574,20221222,4507,0
81065,20210327,466,0
3824,20211109,4912,0
1538,20231103,4923,0
4830,20211104,3448,0
20480,20221209,651,0
22753,20220509,3448,0
22516,20221105,4507,0
22516,20221105,4923,0
22223,20220607,4738,0
1525,20231019,2171,0
41765,20230422,466,0
24599,20231228,3448,0
23641,20220612,651,0
25943,20211216,4733,0
21112,20230331,4891,0
6681,20240102,466,0
3836,20231003,466,0
10972,20221004,357,0
7072,20230208,4923,0
81110,20210513,4733,-1
25039,20211119,357,0
2276,20231015,4738,0
2276,20231015,4912,0
2276,20231015,4923,0
22025,20230316,651,0
23788,20230308,466,0
4244,20230421,4912,0
41761,20211217,651,0
21488,20211219,4738,0
21488,20211219,4891,0
40492,20220418,4733,-1
20128,20230402,466,0
83023,20231101,357,0
40961,20220319,4891,0
11225,20230919,466,0
42226,20231228,4507,0
42226,20231228,4738,0
42226,20231228,4923,1
9845,20231110,4891,0
20428,20210523,4733,0
20428,20210523,4849,0
20428,20210523,4912,0
11254,20230620,2171,0
80664,20210402,4849,0
22259,20221013,466,0
23445,20220923,466,0
11415,20230816,4891,0
23667,20221219,2171,0
25350,20220218,651,0
22627,20230506,2171,0
4373,20230524,4507,0
21607,20230112,651,0
22336,20220414,4733,0
22336,20220414,4738,0
22336,20220414,4912,0
23743,20220218,4738,0
40871,20231209,4738,0
22251,20211026,4733,0
22251,20211026,4912,0
6361,20240129,466,0
41240,20231001,357,0
1376,20211208,4849,0
6901,20220604,3448,0
24567,20211212,3448,0
11757,20211204,4891,0
42626,20230111,3448,0
20636,20220509,4891,0
40573,20230505,3448,-1
25796,20230312,2171,0
3358,20231210,2171,0
25230,20211021,651,0
10121,20221115,4912,0
83413,20231009,4849,0
5238,20230328,4923,0
41099,20230511,4733,0
40447,20230604,4912,0
22175,20230502,3448,0
80656,20210202,4891,0
6355,20220421,3448,0
5683,20220401,4733,0
5683,20220401,4912,0
42321,20230604,3448,0
24024,20230509,357,0
24096,20231029,4507,0
24096,20231029,4849,0
25115,20220523,4923,0
24984,20220313,2171,0
22695,20221223,4507,0
22695,20221223,4923,0
82641,20220419,4849,0
20860,20231004,4923,0
11852,20231004,651,0
23632,20230406,466,0
23741,20220121,2171,0
21839,20220212,4923,0
7210,20211215,4733,0
20541,20221206,4507,0
9945,20220424,4849,0
23548,20220405,4733,0
21975,20220518,466,0
27335,20231119,4891,0
1894,20210617,4507,0
6307,20221214,4891,0
23723,20220304,4891,0
22069,20230226,2171,0
1731,20210519,4738,0
21829,20220516,3448,0
21895,20240301,4507,0
21895,20240301,4733,0
80949,20210425,4738,0
21694,20220207,2171,0
22764,20230128,466,0
11424,20231004,4923,0
528,20210506,4738,0
3326,20220420,4733,0
25513,20211016,357,0
25513,20211016,466,0
21294,20211022,4912,0
22764,20230128,651,0
23774,20220119,357,0
21194,20210521,651,0
25378,20221104,4891,0
42641,20220313,2171,0
20171,20231005,357,0
40913,20240301,4891,0
40913,20240301,4923,0
7040,20220108,4891,0
25399,20220923,4891,0
25399,20220923,4912,0
25073,20220218,4733,0
25073,20220218,4891,0
25073,20220218,4923,0
4854,20211104,357,0
25830,20230511,4923,0
6895,20220409,3448,0
25856,20220513,357,0
21560,20211216,4733,0
21560,20211216,4891,0
20607,20220317,651,0
42496,20230506,4507,-1
42496,20230506,4891,0
23990,20211120,4891,0
26286,20230225,4738,0
20958,20220121,651,0
41022,20220613,357,0
23077,20230226,357,0
22489,20230207,4891,0
24406,20211116,651,0
20599,20230209,466,0
23226,20220213,2171,0
10509,20230906,651,0
23397,20220322,466,0
40412,20231215,4923,-1
1723,20220102,4891,0
6052,20220107,357,0
26219,20211024,4891,0
24311,20240320,4849,0
41708,20230907,3448,0
25509,20231119,2171,0
8797,20221125,466,0
9618,20211030,4923,0
21640,20230530,4912,0
22301,20230502,4849,0
41239,20230108,4507,0
41239,20230108,4849,0
23197,20230520,4849,0
25691,20211021,651,0
83388,20240327,466,0
5977,20221223,466,0
26249,20220212,3448,0
3132,20231021,4923,0
25404,20211015,4891,0
80879,20210321,2171,0
25333,20230304,4733,0
25333,20230304,4738,0
25333,20230304,4912,0
22121,20210923,466,0
23225,20220206,3448,0
23869,20230407,466,0
21584,20230208,2171,0
309,20210407,4912,0
23640,20220527,4849,0
23807,20221123,4507,0
41501,20211206,4733,-1
41501,20211206,4738,0
41501,20211206,4891,0
41501,20211206,4923,0
20048,20230406,4912,0
25193,20220502,466,0
20265,20220417,651,0
2557,20211130,466,0
43029,20230310,4738,0
43029,20230310,4849,0
43029,20230310,4912,0
10725,20230128,2171,0
8019,20230417,3448,0
21063,20221112,4733,0
21063,20221112,4849,0
24830,20230409,2171,0
6158,20240317,4507,0
25298,20220414,4891,0
25298,20220414,4912,0
6421,20231009,466,0
9328,20211014,4891,0
4830,20211104,466,0
25492,20230505,4733,0
41695,20221013,3448,0
2989,20220531,4738,0
23938,20230927,4733,0
22102,20210923,357,0
20857,20230620,2171,0
22036,20231217,4849,0
22036,20231217,4912,0
22754,20220512,4733,0
22754,20220512,4923,0
24518,20211212,4738,0
9427,20220123,4891,0
20440,20231214,2171,0
20856,20230617,4891,0
24473,20231231,2171,0
24093,20240311,4923,0
24059,20240302,466,0
23559,20230410,4923,0
41523,20231204,4891,0
4664,20230814,357,0
6288,20220505,651,0
6561,20230906,4733,0
25390,20211114,4891,0
2763,20221017,4891,0
22078,20230524,4738,0
42495,20220514,2171,-1
25690,20211020,4849,0
25690,20211020,4891,0
20302,20210626,4507,0
20302,20210626,4738,0
20302,20210626,4891,0
22728,20220510,4507,0
22728,20220510,4733,0
22728,20220510,4849,0
23852,20220212,2171,0
5803,20220605,466,0
20686,20211119,4849,0
20686,20211119,4891,0
40525,20240319,4507,0
22475,20230414,3448,0
2394,20231213,4891,0
20579,20220516,4738,0
25853,20220317,4507,0
25853,20220317,4849,0
25853,20220317,4891,0
24648,20220330,3448,0
40133,20220511,357,0
25144,20230211,4912,0
11487,20220322,4891,0
4867,20220508,4738,0
4867,20220508,4849,0
4867,20220508,4912,0
9286,20220321,4912,0
9286,20220321,4923,0
20901,20210705,466,0
23868,20230406,651,0
11336,20240117,651,0
40890,20230212,2171,0
7728,20230510,357,0
21632,20230402,357,0
42518,20220416,4912,-1
124,20210430,4891,0
25397,20221013,651,0
43048,20230316,4891,0
9840,20211130,2171,0
21965,20220414,4733,0
42500,20220529,4738,0
1103,20210604,4507,0
80647,20210320,4891,0
25825,20220213,3448,0
43,20210415,4733,0
26031,20220108,4507,0
22020,20230506,466,0
8968,20221030,2171,0
42762,20221207,4891,0
41899,20230602,4849,-1
20644,20220315,4923,0
40227,20220316,4849,0
20759,20230408,4849,0
26249,20220212,357,0
26249,20220212,466,0
21948,20220219,4912,0
24317,20230402,466,0
20704,20211125,4891,0
41643,20230111,4912,0
22907,20230304,651,0
9738,20240229,2171,0
1463,20240212,4849,0
7712,20240114,4891,0
24456,20220213,4507,0
24446,20230129,4733,0
42495,20220514,3448,0
2520,20220131,357,0
8641,20230113,4923,0
26060,20230226,4891,0
27591,20240319,4733,0
26210,20221121,4849,0
26210,20221121,4891,0
26210,20221121,4912,0
40070,20220910,4912,-1
40070,20220910,4923,0
24350,20220125,4733,0
24350,20220125,4923,0
5513,20211106,4738,0
10496,20220605,4507,0
41947,20230830,4923,0
40192,20221031,4733,0
40192,20221031,4891,0
25403,20231120,2171,0
25265,20220121,4849,0
20603,20211129,466,0
40412,20231215,466,0
41686,20211220,4507,0
41686,20211220,4912,0
41686,20211220,4923,0
24982,20230331,651,0
25361,20220317,4507,0
25361,20220317,4891,0
25422,20221123,2171,0
20664,20211111,4923,0
6932,20231002,4891,0
2999,20220915,4912,0
6946,20211010,357,0
23505,20240329,2171,0
80609,20201217,4849,0
25001,20230507,4891,0
23606,20230202,2171,0
4159,20230906,466,0
328,20210409,4507,0
11679,20231203,4733,0
23727,20230323,2171,0
23252,20220304,4891,0
7355,20220309,466,0
24757,20230505,2171,0
42807,20230120,357,0
26216,20220211,4733,0
24233,20220113,2171,0
10865,20230328,466,0
24713,20240321,651,0
21969,20220513,4923,0
21171,20230413,2171,0
2062,20211007,4849,0
8005,20230418,4912,0
1494,20240212,4891,0
40072,20230419,651,-1
23909,20220513,4891,0
22870,20220209,4849,0
5926,20240403,357,0
24846,20231113,4733,0
20009,20211023,4849,0
20009,20211023,4891,0
22594,20211016,2171,0
21697,20240115,4849,0
41252,20220227,4891,0
41252,20220227,4923,0
23525,20220414,651,0
5281,20220103,4923,0
7602,20240118,4507,0
21246,20211021,4507,0
26869,20231215,2171,0
23706,20230207,4733,0
42535,20230602,466,0
42879,20240220,466,0
40999,20230308,4733,0
21480,20231013,651,0
25909,20220125,4507,0
9989,20240407,3448,0
502,20210512,466,0
22151,20230423,4891,0
6486,20230906,4912,0
2135,20220429,3448,0
25895,20220317,4507,0
25895,20220317,4891,0
2973,20230519,466,0
5858,20231005,4912,0
20559,20221127,4507,0
20559,20221127,4738,0
20559,20221127,4891,0
7602,20240118,466,0
4073,20230127,4507,0
42060,20231110,651,0
23788,20230308,651,0
23733,20220414,4738,0
23497,20221207,4891,0
43070,20221202,651,0
7397,20231006,4738,0
20659,20220314,651,0
24514,20230310,4891,0
27800,20231125,4891,0
40979,20230405,3448,0
25349,20230207,357,0
342,20210429,466,0
83347,20230428,2171,0
21918,20220219,4891,0
22431,20230602,4738,0
22431,20230602,4891,0
6054,20240212,4891,0
21186,20220513,4923,0
8987,20231006,4738,0
23904,20230505,4738,0
23904,20230505,4849,0
24316,20220416,466,0
27619,20240319,651,0
9455,20240130,466,0
2280,20211013,4891,0
23799,20220318,651,0
42728,20240131,4891,0
24932,20230409,4507,0
24932,20230409,4849,0
8950,20231016,466,0
3637,20230520,466,0
83453,20240310,466,0
40449,20240128,2171,0
23911,20220514,3448,0
25829,20230511,4923,0
23738,20230303,2171,0
8292,20230924,2171,0
20928,20210621,4849,0
20706,20211220,357,0
21818,20220513,3448,0
83201,20221209,4923,0
8992,20231003,4507,0
25645,20221011,357,0
2698,20230620,651,0
24260,20220211,2171,0
41498,20231019,4891,-1
22711,20221009,3448,0
24921,20230312,357,0
24921,20230312,466,0
20463,20230413,4849,0
41156,20240220,4738,0
22645,20220508,357,0
41954,20231119,4733,0
6853,20240130,4733,0
3566,20240112,2171,0
6821,20220601,357,0
20645,20220120,651,0
8774,20220309,357,0
42531,20230501,651,0
22323,20230410,4891,0
25021,20211019,4738,0
25021,20211019,4849,0
24185,20211219,357,0
41686,20211220,3448,0
21265,20231011,4912,0
6819,20220515,357,0
21411,20211020,4912,0
10473,20220524,2171,0
23787,20220512,466,0
42259,20211217,2171,0
1610,20220219,357,0
41773,20220111,651,-1
23578,20230512,4923,0
40130,20230531,466,0
42075,20230419,3448,0
23608,20230419,4738,0
24731,20240327,4738,0
24342,20240320,2171,0
26941,20240223,4507,0
26941,20240223,4738,0
22367,20220106,2171,0
25427,20230531,3448,0
24447,20221019,466,0
20937,20231029,4891,0
40351,20230419,4923,-1
23380,20230309,651,0
593,20210511,651,0
2525,20221121,4912,0
502,20210512,4849,0
21410,20230126,357,0
6823,20220406,466,0
11475,20240409,4733,0
42384,20240319,2171,0
42754,20240127,4733,0
42754,20240127,4912,0
6404,20211105,4733,0
22191,20240102,4738,0
23040,20230915,2171,0
41736,20230109,4891,0
40889,20230111,4891,0
3673,20240214,4733,0
25508,20221104,651,0
24476,20230207,466,0
25332,20211129,3448,0
22494,20231123,651,0
23557,20230406,466,0
425,20210504,4733,0
42672,20230401,4912,0
8623,20240112,4849,0
20267,20220202,4891,0
4402,20220205,2171,0
42753,20230906,2171,0
23911,20220514,4891,0
23911,20220514,4912,0
24118,20220120,4733,0
25971,20211219,357,0
26074,20230119,2171,0
6388,20220930,4507,0
21750,20230107,4849,0
22025,20230316,4891,0
25074,20220218,466,0
20272,20220402,651,0
4587,20230417,4733,0
41047,20220613,4912,-1
24819,20220213,2171,0
42261,20220925,2171,0
21328,20240223,2171,0
1229,20230313,4733,0
25109,20220611,4738,0
22910,20231029,4507,0
21610,20230502,4738,0
6960,20221028,4923,0
21470,20230109,4849,0
23607,20230202,357,0
5503,20220218,4507,0
5503,20220218,4891,0
20236,20210618,4891,0
3821,20231107,2171,0
5302,20220401,3448,0
2166,20230429,4912,0
25728,20231120,4738,0
25728,20231120,4849,0
25728,20231120,4891,0
6681,20240102,4912,0
3533,20211204,4891,0
24642,20211219,466,0
25818,20230104,4849,0
24796,20220413,4849,0
24796,20220413,4891,0
41486,20230310,4733,0
41486,20230310,4738,0
43010,20231126,357,0
3927,20231210,4733,0
1807,20220106,4891,0
42250,20211218,4507,0
42250,20211218,4923,0
196,20210419,4891,0
9403,20240114,4923,0
3835,20211027,4912,0
25466,20230406,466,0
20314,20211015,466,0
22028,20220227,357,0
26695,20240327,466,0
21521,20230104,4507,0
21521,20230104,4733,0
21521,20230104,4891,0
2665,20220311,4507,0
40134,20220511,4891,0
3157,20220408,4923,0
2521,20220325,2171,0
82237,20210917,4891,0
20474,20220213,4733,0
21666,20220314,4738,0
26053,20240227,2171,0
2738,20221024,4891,0
23173,20230505,4507,0
23173,20230505,4912,0
7706,20220228,357,0
1402,20210531,4923,0
24346,20220126,357,0
369,20210428,4507,0
369,20210428,4891,0
7736,20220408,4912,0
7736,20220408,4923,0
40847,20230609,357,0
23771,20230402,4891,0
25361,20220317,466,0
40233,20220315,4507,0
40428,20231229,4738,0
40428,20231229,4849,0
40428,20231229,4923,0
24469,20230207,4507,0
23125,20220112,4849,0
41527,20240127,4912,0
20422,20210530,466,0
24820,20220516,4849,0
24820,20220516,4912,0
22214,20220218,357,0
21061,20211215,3448,0
42728,20240131,3448,0
23896,20230413,2171,0
40238,20220316,4507,0
40238,20220316,4733,0
40238,20220316,4849,0
41514,20221226,357,0
41514,20221226,466,0
25606,20210921,4849,0
6815,20230511,466,0
7397,20231006,466,0
23394,20220413,651,0
23789,20230402,4849,0
7893,20220219,466,0
25299,20230208,466,0
40285,20230205,357,-1
8418,20220427,3448,0
41272,20240221,4738,0
5358,20211103,466,0
22416,20211114,4733,0
25407,20231101,4849,0
260,20210429,4891,0
25617,20220516,4923,0
83418,20231021,4891,0
42723,20240402,466,0
80956,20210424,4891,0
10741,20240116,466,0
22079,20230521,2171,0
22396,20230806,4849,0
7929,20220918,4733,0
23209,20210921,4733,0
23209,20210921,4738,0
23209,20210921,4891,0
23209,20210921,4912,0
20998,20211117,4507,0
27801,20231230,4507,0
27801,20231230,4849,0
10505,20230510,2171,0
20248,20210628,4733,0
20248,20210628,4738,0
24814,20220419,4738,0
24814,20220419,4923,0
23000,20220211,4733,0
23000,20220211,4912,0
23705,20211117,4849,0
23705,20211117,4891,0
23705,20211117,4923,0
24426,20231231,3448,0
24665,20220326,651,0
41718,20230822,3448,0
25164,20230406,651,0
24347,20230207,651,0
23395,20230402,4738,0
25377,20221104,466,0
23088,20211216,4738,0
23088,20211216,4891,0
22456,20230421,357,0
25641,20211107,466,0
6797,20240308,2171,0
21907,20240219,4891,0
21872,20211029,4923,0
22825,20221011,466,0
22485,20220918,4507,0
22485,20220918,4891,0
4266,20240217,4849,0
23926,20211016,4507,0
23926,20211016,4738,0
23926,20211016,4912,0
6115,20230510,4507,0
27422,20231125,4733,0
27422,20231125,4849,0
20698,20230824,2171,0
43027,20220429,466,0
25130,20230508,4507,0
23865,20240219,2171,0
20454,20240318,357,0
5787,20220228,3448,0
80970,20210424,4507,0
81061,20210324,4733,0
25117,20220315,4507,0
25117,20220315,4923,0
20636,20220509,2171,0
42730,20240409,2171,-1
6640,20230111,4891,0
42763,20230906,4507,0
41127,20220514,4733,0
41127,20220514,4738,0
22334,20230308,651,0
20738,20210523,466,0
82401,20211120,4923,0
22885,20220314,651,0
25572,20231012,2171,0
5677,20211202,357,0
3756,20230226,4912,0
3756,20230226,4923,0
472,20210505,4849,0
2411,20220103,4912,0
21351,20221106,357,0
24536,20231031,651,0
40536,20230406,466,-1
42141,20240403,4912,0
3918,20230211,4849,0
3918,20230211,4912,0
25332,20211129,4733,0
25332,20211129,4738,0
24662,20211117,651,0
25298,20220414,357,0
22627,20230506,466,0
22493,20231123,2171,0
24082,20231028,466,0
22290,20230430,2171,0
20698,20230824,4733,0
25560,20220913,4912,0
25990,20211026,4733,0
22228,20240329,4891,0
10315,20210930,4891,0
22026,20230107,3448,0
10498,20220213,4923,0
10186,20221222,357,0
25352,20230206,651,0
40535,20220113,2171,-1
20951,20230928,357,0
40483,20230308,357,0
22020,20230506,4733,0
24334,20220611,4923,0
42645,20240322,466,0
22239,20220123,3448,0
26133,20220211,2171,0
20503,20210626,4733,0
10865,20230328,651,0
25336,20220314,3448,0
22686,20220423,3448,0
42665,20220217,2171,0
11574,20230128,2171,0
22121,20210923,4891,0
22121,20210923,4912,0
24294,20220512,4733,0
24294,20220512,4891,0
22825,20221011,4733,0
22825,20221011,4891,0
22825,20221011,4912,0
22825,20221011,4923,0
23357,20230507,466,0
24695,20220127,2171,0
10610,20230331,4733,0
10610,20230331,4891,0
11392,20220917,3448,0
3235,20230923,357,0
21433,20230202,4733,0
21433,20230202,4738,0
21433,20230202,4849,0
21433,20230202,4912,0
22331,20230423,2171,0
25222,20221209,2171,0
26980,20231122,4738,0
24288,20230407,466,0
4497,20231206,466,0
42867,20220126,4507,0
42867,20220126,4849,0
1976,20231018,4738,0
5965,20220103,4912,0
41745,20240317,4849,-1
9158,20221218,466,0
5225,20240108,651,0
22252,20211016,2171,0
42174,20220315,3448,0
20730,20230408,4849,0
22731,20220514,651,0
6894,20220509,4923,0
21707,20231005,357,0
40571,20230407,466,0
21671,20210628,466,0
40106,20230504,3448,0
2698,20230620,4849,0
5223,20240403,2171,0
21095,20231228,3448,0
40437,20221220,2171,0
40334,20220913,357,0
9550,20230507,4891,0
26004,20211022,4849,0
24760,20230208,4912,0
25356,20230208,4733,0
25420,20220922,357,0
6975,20231210,4923,0
10799,20230508,4891,0
23619,20230211,4923,0
20598,20220317,357,0
23835,20221031,2171,0
6920,20221210,2171,0
40826,20230815,2171,0
40686,20221223,651,0
6813,20220506,4923,0
83406,20230926,4507,0
83406,20230926,4891,0
25805,20240217,4923,0
25783,20230401,651,0
22330,20230406,4733,0
22330,20230406,4849,0
22330,20230406,4912,0
23780,20220120,4891,0
23780,20220120,4923,0
25046,20221207,4912,0
24655,20220101,4849,0
83,20210409,4891,0
23733,20220414,651,0
20816,20210621,4738,0
23216,20211121,357,0
4668,20231031,4849,0
24785,20220323,651,0
40135,20220511,4912,0
83399,20230924,4849,0
83386,20240301,466,0
25651,20231231,4891,0
23372,20230506,651,0
40478,20230602,2171,0
22161,20240128,651,0
11546,20220326,4733,0
3978,20220208,357,0
22673,20230201,2171,0
9902,20230415,4738,0
25518,20231120,4891,0
9512,20211003,4738,0
6636,20240113,4891,0
21170,20230310,4923,0
21258,20231022,4738,0
20408,20210705,4733,0
23948,20210928,4891,0
2392,20240203,4912,0
20673,20231228,466,0
25607,20220504,4891,0
3421,20231110,3448,0
41484,20230206,2171,0
24946,20220321,466,0
27153,20240409,4733,0
27153,20240409,4849,0
20824,20210617,4738,0
24348,20230107,4923,0
42793,20230120,4891,0
6270,20240109,4891,0
7662,20220530,4912,0
20239,20220218,3448,0
22254,20230205,2171,0
40482,20220418,2171,0
7683,20230524,4923,0
23143,20240327,2171,0
41128,20240301,4738,0
41128,20240301,4891,0
41128,20240301,4923,0
2540,20211110,4912,0
3506,20231014,466,0
4418,20220311,4912,0
26061,20230130,4891,0
24261,20230202,3448,0
81056,20210324,4507,0
81056,20210324,4733,0
81056,20210324,4891,0
26274,20221110,4891,0
41695,20221013,4912,0
41621,20230404,357,0
11620,20231004,466,0
11094,20231215,466,0
23622,20220407,4912,0
42568,20231029,4507,0
7743,20220103,4912,0
40311,20230405,4738,0
24485,20231018,2171,0
20637,20220119,357,0
23165,20230529,4923,0
25057,20230209,357,0
25057,20230209,466,0
11059,20211005,4849,0
41927,20230529,357,0
25855,20220217,4733,0
25855,20220217,4912,0
40258,20230126,651,0
7244,20220326,4849,0
3049,20231209,357,0
80611,20201222,4738,0
42453,20220109,4923,-1
42132,20230501,4849,2
1307,20211024,3448,0
6421,20231009,4912,0
42978,20230225,466,0
22185,20220218,466,0
25334,20230303,466,0
21873,20211027,466,0
589,20210506,4507,0
11788,20221125,4849,0
41348,20231101,2171,0
25140,20230406,4738,0
25140,20230406,4849,0
25140,20230406,4923,0
21677,20230401,4923,0
42733,20221106,4849,0
497,20210507,651,0
20270,20220203,3448,0
22875,20221011,4891,0
25300,20230108,4507,0
25300,20230108,4733,0
25300,20230108,4849,0
2177,20240130,3448,0
22805,20230925,466,0
21632,20230402,3448,0
22052,20220312,651,0
27607,20240321,4507,0
4309,20221126,466,0
40413,20231215,4733,0
42367,20230506,3448,0
7194,20230111,357,0
5942,20230421,4912,0
23669,20211020,4891,0
25499,20211015,4891,0
2714,20211110,4891,0
20896,20210627,466,0
23973,20220606,4912,0
21346,20240126,3448,0
27182,20231121,4849,0
27182,20231121,4891,0
24287,20230402,4507,0
24287,20230402,4733,0
24287,20230402,4923,0
20639,20220315,651,0
10282,20240102,4891,0
40061,20220422,2171,0
25885,20230107,4923,0
40109,20230503,466,0
25518,20231120,2171,0
23308,20231010,2171,0
25496,20211015,4507,0
25496,20211015,4738,0
25496,20211015,4891,0
41097,20231213,4733,0
41097,20231213,4738,0
20220,20210617,4738,0
3909,20221214,4891,0
1082,20210602,4733,0
40679,20221223,357,0
20531,20211119,4507,0
20531,20211119,4891,0
20531,20211119,4912,0
25784,20230401,2171,0
20865,20211020,4507,0
20198,20230430,466,0
6239,20231110,4891,0
6239,20231110,4923,0
41554,20240222,4912,0
27444,20231123,466,0
22294,20230509,3448,0
25887,20240219,4733,0
40525,20240319,357,0
23014,20231121,4849,0
23014,20231121,4891,0
22666,20230525,4891,0
21820,20220311,4733,0
6275,20220204,4733,0
41742,20220331,4738,0
41742,20220331,4849,0
25221,20231207,2171,0
21679,20220314,4507,0
25931,20221219,2171,0
41089,20230526,4923,-1
10367,20220309,4738,0
10367,20220309,4891,0
24731,20240327,2171,0
41919,20230309,466,0
27735,20231220,4738,0
42635,20231230,4891,4
20932,20220120,2171,0
23105,20220330,4891,0
25925,20231002,4912,0
25304,20220121,357,0
25304,20220121,466,0
41294,20240309,651,0
11547,20220326,4923,0
83408,20230926,651,0
25631,20211119,651,0
6954,20211108,4507,0
6954,20211108,4891,0
3933,20230125,4891,0
11943,20220226,4891,0
41419,20231023,4891,0
8475,20240308,3448,0
388,20210417,4849,0
42637,20240222,4738,0
25490,20230530,2171,0
23884,20230829,4733,0
23884,20230829,4849,0
40962,20220319,3448,0
11222,20230914,4849,0
23807,20221123,2171,0
25076,20220218,4733,0
25076,20220218,4738,0
25076,20220218,4912,0
7975,20221020,4738,0
41615,20220319,4923,0
24304,20230310,2171,0
40071,20220601,4733,0
41475,20230317,357,0
41947,20230830,357,-1
24104,20230207,4891,0
1801,20211113,4849,0
7714,20240115,4507,0
9241,20230524,4912,0
83405,20230926,357,0
83405,20230926,466,0
11557,20220326,4738,0
20793,20221226,4733,0
26974,20231121,4849,0
26974,20231121,4891,0
26974,20231121,4923,0
5162,20211127,4912,0
25060,20220318,4733,0
25060,20220318,4738,0
25060,20220318,4912,0
25060,20220318,4923,0
83283,20240211,3448,0
25619,20220419,4733,0
25149,20230202,4891,0
40653,20230427,3448,0
41710,20230811,4849,0
43038,20230308,4923,0
83318,20230428,4891,0
83322,20230428,466,0
41708,20230907,2171,-1
23867,20230407,2171,0
1855,20211002,4733,0
7845,20240114,3448,0
6814,20220515,4912,0
6814,20220515,4923,0
3580,20211202,4507,0
40480,20230408,651,0
42277,20231019,3448,0
8528,20231112,4507,0
3352,20220528,3448,0
41656,20220217,4507,0
41656,20220217,4923,0
42075,20230419,4733,-1
42075,20230419,4912,-1
25492,20230505,357,0
25492,20230505,466,0
25291,20230121,3448,0
25569,20211003,3448,0
41514,20221226,2171,0
40439,20220613,4507,0
40439,20220613,4891,0
22931,20231125,3448,0
21734,20230903,4849,0
21734,20230903,4912,0
23495,20220426,4891,0
25088,20220218,2171,0
25760,20211016,4507,0
42877,20230209,466,0
21234,20211117,466,0
23266,20220516,4507,0
23266,20220516,4923,0
20950,20211117,4738,0
20950,20211117,4849,0
20950,20211117,4891,0
41893,20230504,4912,5
25732,20231120,4733,0
25732,20231120,4738,0
21000,20231213,357,0
22367,20220106,4733,0
6270,20240109,2171,0
42746,20221202,4738,0
25919,20230407,2171,0
24751,20230331,4891,0
25889,20220120,2171,0
20268,20211219,4507,0
20268,20211219,4923,0
42519,20220317,466,0
23164,20230530,4733,0
23164,20230530,4912,0
11771,20230211,4507,0
25649,20210921,4923,0
1442,20231213,651,0
21190,20210522,4849,0
8400,20211110,3448,0
23079,20220227,4849,0
23079,20220227,4891,0
6635,20240214,3448,0
3380,20220916,4923,0
25693,20230904,357,0
11486,20220325,4507,0
11486,20220325,4912,0
9060,20230614,4733,0
22811,20220913,4849,0
22811,20220913,4891,0
2532,20220225,2171,0
42620,20230107,2171,0
4075,20220401,4923,0
23077,20230226,4733,0
23077,20230226,4891,0
10516,20211110,4912,0
259,20210416,651,0
8544,20221030,2171,0
22827,20231021,3448,0
25420,20220922,4891,0
40553,20220114,4891,0
41622,20240220,4923,0
81057,20210324,4738,0
8030,20220503,4738,0
11798,20211103,651,0
20941,20211023,4891,0
1736,20210609,4849,0
9812,20211103,466,0
25941,20231023,4891,0
40220,20230126,651,0
23742,20240126,4738,0
23742,20240126,4923,0
6391,20221225,4923,0
41618,20230404,357,0
22011,20230119,651,0
11881,20211016,4733,0
1621,20240130,4733,0
25131,20220403,4733,0
4842,20210930,466,0
20949,20221205,3448,0
2802,20240215,4507,0
22902,20231231,2171,0
25552,20220525,2171,0
6695,20220108,4891,0
26067,20220227,4923,0
21484,20220212,4733,0
21750,20230107,2171,0
4329,20221002,4923,0
6520,20230824,4733,0
41114,20240301,2171,0
9520,20211127,4912,0
5784,20220331,3448,0
24050,20220611,466,0
10223,20240109,4738,0
25995,20211125,4912,0
23149,20240321,4912,0
23149,20240321,4923,0
20743,20230909,4912,0
21127,20210605,4891,0
23631,20240107,3448,0
22284,20230926,4738,0
22284,20230926,4923,0
21773,20230508,357,0
22332,20230209,4912,0
21316,20231029,4891,0
21084,20220321,651,0
40452,20230602,4912,0
23385,20220516,4738,0
42139,20230410,4923,0
1621,20240130,357,0
1621,20240130,466,0
24320,20220217,357,0
9789,20211113,4738,0
10920,20231112,4507,0
40079,20240301,4849,0
22411,20211119,466,0
9890,20230331,4891,0
41348,20231101,466,0
20856,20230617,651,0
23143,20240327,3448,0
21667,20220313,4923,0
22553,20211022,4507,0
22553,20211022,4849,0
22072,20211023,4849,0
26047,20231220,4733,0
21038,20211111,4849,0
26101,20240217,357,0
26101,20240217,466,0
20239,20220218,466,0
26974,20231121,2171,0
20269,20220227,2171,0
4228,20230508,4733,0
22174,20220121,4507,0
40690,20231023,4891,-1
40690,20231023,4912,-1
23782,20220120,4891,0
22489,20230207,2171,0
9261,20230211,4849,0
40329,20230924,4507,0
10466,20230924,4923,0
41547,20220524,4507,-1
25776,20240109,466,0
24770,20210921,4507,0
24770,20210921,4738,0
25587,20220511,2171,0
25912,20230407,4849,0
22860,20231105,4738,0
5794,20220524,4733,0
22075,20230510,4507,0
22886,20230130,651,0
9258,20240105,466,0
42602,20221108,651,0
41296,20211217,357,-1
8675,20221221,4849,0
40679,20221223,651,0
6760,20231208,3448,0
25402,20231120,3448,0
24078,20220120,4891,0
25659,20221123,651,0
24093,20240311,651,0
25530,20231016,4891,0
21917,20211118,4849,0
21917,20211118,4891,0
20950,20211117,2171,0
20086,20210613,466,0
21229,20231109,4738,0
21229,20231109,4923,0
23791,20220414,2171,0
24225,20230201,4507,0
7720,20220309,4507,0
21972,20220516,4849,0
20475,20221126,2171,0
83328,20230427,466,0
27225,20240215,4507,0
20708,20211125,3448,0
6673,20221214,651,0
26068,20220317,4849,0
6781,20240118,4891,0
9837,20231215,466,0
533,20210513,4923,0
80641,20210107,4733,0
27630,20240321,4912,0
23251,20220313,4733,0
22267,20221124,4738,0
26016,20220120,466,0
41935,20220318,4738,0
25379,20220219,357,0
25379,20220219,466,0
2016,20211104,4912,0
6932,20231002,357,0
6932,20231002,466,0
43030,20240107,651,0
22578,20231023,4891,0
23350,20220414,651,0
40131,20220510,466,0
4928,20211208,4891,0
20704,20211125,357,0
41916,20230504,3448,0
21537,20230318,466,0
41878,20230502,357,0
40297,20220910,3448,0
40445,20220613,466,0
24645,20230104,4733,0
7672,20220530,2171,0
7694,20230226,4733,0
7694,20230226,4891,0
41548,20220523,4849,0
45,20210417,4738,0
45,20210417,4891,0
24137,20211015,4733,0
5526,20231210,4738,0
10548,20211005,3448,0
26696,20240406,4507,0
26696,20240406,4912,0
21481,20231009,357,0
23172,20230914,4507,0
23172,20230914,4738,0
23497,20221207,2171,0
41633,20230308,4849,0
21671,20210628,4733,0
20334,20231215,3448,0
23096,20220324,4507,0
23816,20211114,3448,0
1247,20210608,4923,0
5539,20231210,4923,0
27623,20240223,4738,0
150,20210418,651,0
22576,20211015,466,0
20635,20230107,651,0
23176,20230530,4891,0
8319,20211023,4738,0
5985,20220203,3448,0
41659,20230209,3448,0
24364,20221111,651,0
26036,20231125,357,0
24969,20220307,4733,0
20012,20230407,651,0
20783,20230529,4738,0
23026,20231122,4912,0
23026,20231122,4923,0
20916,20210530,4923,0
25503,20221104,4733,0
25503,20221104,4891,0
2351,20230120,4507,0
11955,20221028,357,0
21416,20220109,4507,0
21416,20220109,4733,0
21416,20220109,4738,0
21416,20220109,4923,0
5566,20211104,357,0
25022,20211023,357,0
24454,20221115,4733,0
24454,20221115,4891,0
26103,20221110,4891,0
21561,20220202,651,0
22806,20211015,4849,0
22806,20211015,4923,0
3193,20240130,4733,0
4333,20230416,4912,0
11510,20230411,4912,0
42686,20240305,4733,0
42686,20240305,4891,-1
7045,20211126,4912,0
25418,20211016,466,0
25197,20230202,651,0
23846,20231120,2171,0
20958,20220121,2171,0
83339,20230428,4507,0
40945,20230502,4891,0
10865,20230328,4738,0
6261,20220126,4891,0
20676,20220213,357,0
40258,20230126,4507,0
40258,20230126,4738,0
23418,20220114,357,0
20532,20210923,4507,0
41116,20240220,357,0
9005,20221001,2171,0
41866,20231119,4507,-1
22327,20220416,4923,0
3923,20231111,4891,0
3282,20240102,4891,0
24723,20230525,2171,0
3033,20240203,3448,0
24445,20211023,4923,0
23795,20230209,4733,0
23795,20230209,4891,0
22872,20220209,466,0
3786,20230822,2171,0
24970,20220213,3448,0
24321,20230209,466,0
25982,20221105,466,0
24044,20230407,4738,0
23417,20211219,4738,0
25432,20230502,4733,0
25432,20230502,4849,0
20003,20230406,466,0
180,20210501,4738,0
7515,20230620,4891,0
23110,20230201,651,0
22601,20230925,4891,0
24546,20220307,3448,0
2436,20211031,4738,0
40484,20240128,4738,0
23354,20220309,357,0
7612,20240327,4738,0
42967,20240220,3448,-1
22780,20230312,4733,0
6676,20240116,651,0
25355,20230406,651,0
41680,20220922,3448,0
25902,20220218,2171,0
26169,20220212,4733,0
5826,20230512,357,0
42006,20230929,4849,-1
21598,20230908,4849,0
23772,20231231,3448,0
42032,20231108,3448,0
25268,20211117,4738,0
25268,20211117,4849,0
25268,20211117,4923,0
23089,20220203,4733,0
23089,20220203,4923,0
21566,20230325,2171,0
24210,20230506,466,0
42071,20220923,3448,0
22731,20220514,3448,0
25476,20220513,4733,0
25476,20220513,4738,0
25476,20220513,4923,0
25888,20220120,357,0
21650,20220605,4891,0
22881,20231028,3448,0
40565,20220111,4738,-1
40565,20220111,4891,3
25109,20220611,466,0
41705,20230830,4891,0
41705,20230830,4912,0
3273,20221028,466,0
10924,20211105,3448,0
25299,20230208,4507,0
22945,20221030,651,0
42268,20231030,4733,0
42268,20231030,4738,0
6170,20240306,4738,0
6170,20240306,4891,0
41743,20220207,4733,0
11071,20221016,3448,0
1646,20210528,4849,0
8956,20210926,4923,0
20573,20210518,466,0
24391,20221111,2171,0
22596,20230121,357,0
22750,20230104,2171,0
25316,20240219,2171,0
22721,20230406,3448,0
20196,20240223,357,0
80788,20210223,4891,0
26176,20210921,4733,0
26176,20210921,4849,0
24919,20220516,4733,0
24919,20220516,4923,0
21201,20220417,3448,0
20593,20220317,4849,0
43032,20221120,4733,-1
43032,20221120,4738,0
43032,20221120,4849,-1
43032,20221120,4923,0
21308,20211022,466,0
6178,20221224,4923,0
41649,20220217,466,0
80896,20210406,4891,0
25358,20220217,4738,0
25358,20220217,4891,0
23151,20230530,4733,0
23151,20230530,4923,0
24497,20231016,4507,0
24497,20231016,4912,0
24497,20231016,4923,0
20206,20210709,4733,0
20858,20230903,4891,0
25156,20231209,4891,0
42206,20230206,466,-1
21434,20230125,357,0
24287,20230402,357,0
24580,20221018,2171,0
21451,20211115,651,0
80858,20210403,4733,0
23124,20230328,2171,0
1137,20230904,466,0
20963,20211117,4738,0
20963,20211117,4891,0
22514,20230208,2171,0
25434,20230406,466,0
3772,20220401,3448,0
21417,20220218,4738,0
21417,20220218,4891,0
25636,20240118,4738,0
22359,20211113,2171,0
2746,20221114,357,0
202,20210410,651,0
21829,20220516,357,0
1837,20231008,466,0
23804,20230918,466,0
41271,20240222,4849,0
26972,20231121,4891,0
26972,20231121,4923,0
25681,20221105,466,0
21377,20221106,651,0
25635,20231014,2171,0
22003,20230119,4891,0
23527,20240219,2171,0
27607,20240321,3448,0
5057,20231014,4912,0
5496,20211103,4923,0
2070,20210619,4738,0
1632,20221214,2171,0
40465,20230313,4733,0
40465,20230313,4891,0
22526,20231231,4912,0
24428,20230107,4923,0
41361,20231008,4849,0
4617,20231210,4738,0
42707,20231125,4733,0
21540,20220114,4849,0
42539,20230602,4849,0
3431,20211102,4912,0
20072,20220509,4849,0
41750,20230416,651,0
23393,20230317,4507,0
21474,20211220,466,0
41681,20230120,4733,0
21047,20211026,4891,0
2002,20231104,4738,0
23777,20220317,4733,0
24827,20240321,4923,0
22483,20220604,3448,0
24503,20211117,4733,0
24503,20211117,4849,0
24503,20211117,4891,0
24503,20211117,4912,0
21520,20211216,4891,0
25410,20211015,2171,0
9973,20240131,4891,0
26263,20220612,3448,0
25346,20230207,4733,0
24937,20220414,4733,0
42387,20240126,2171,0
6635,20240214,4891,0
24448,20230206,3448,0
40442,20240203,4912,0
23974,20220601,4891,0
20649,20230209,4733,0
20649,20230209,4891,0
21922,20230308,357,0
24977,20220312,4923,0
21336,20231231,466,0
23610,20230304,357,0
23610,20230304,466,0
83061,20230317,2171,0
7193,20221017,4923,0
22302,20230430,651,0
22460,20230416,4891,0
83271,20230324,4891,0
22502,20231122,4923,0
21958,20220219,2171,0
2190,20240129,357,0
5917,20220607,3448,0
20442,20230126,2171,0
6732,20211112,651,0
40679,20221223,4923,0
9710,20230616,4507,0
40545,20240222,4891,0
24349,20220426,4849,0
3259,20220927,4507,0
26206,20230201,4507,0
26206,20230201,4891,0
11863,20231020,3448,0
21252,20231028,357,0
23081,20220112,466,0
25341,20230206,357,0
25291,20230121,4891,0
20682,20211211,4733,0
20624,20220218,4891,0
40613,20231012,2171,-1
25534,20210921,4738,0
25534,20210921,4891,0
27585,20240321,466,0
41713,20211206,4923,0
25320,20230207,357,0
25320,20230207,466,0
42054,20221120,4733,0
42054,20221120,4738,0
42054,20221120,4849,0
42054,20221120,4891,0
42054,20221120,4912,-1
42054,20221120,4923,-1
22861,20211125,4891,0
22241,20231031,357,0
20373,20230308,4507,0
20373,20230308,4891,0
153,20210504,651,0
24817,20220508,4849,0
42757,20220910,3448,0
23779,20220119,4507,0
23779,20220119,4923,0
24780,20220202,4738,0
40686,20221223,4507,0
6042,20221130,4912,0
2352,20230121,3448,0
23635,20230408,4891,0
21115,20240320,4733,0
21115,20240320,4912,0
21101,20210611,466,0
1199,20210603,466,0
1712,20230915,4891,0
81064,20210327,651,0
20807,20240114,2171,0
23080,20220210,2171,0
41624,20220513,2171,0
24034,20220610,4891,0
23170,20230506,4507,0
21306,20220113,4849,0
22393,20210704,651,0
22508,20221127,4891,0
22508,20221127,4923,0
24073,20221009,4891,0
24440,20221011,4891,0
24309,20230207,2171,0
7484,20230519,4923,0
6288,20220505,4923,0
21094,20231228,4849,0
24023,20220612,357,0
156,20210508,4738,0
11876,20230211,466,0
10549,20221222,357,0
21154,20240219,4891,0
8817,20220102,2171,0
26009,20220107,3448,0
21553,20221202,4923,0
1993,20211010,4923,0
1820,20230614,3448,0
4304,20221001,4912,0
24469,20230207,357,0
24543,20230408,4923,0
1923,20210608,4891,0
42727,20221106,3448,0
2742,20221017,4738,0
2742,20221017,4891,0
24467,20221111,651,0
2811,20230619,3448,0
42139,20230410,466,5
20676,20220213,3448,0
21646,20220524,357,0
25609,20220516,4923,0
25521,20221011,4507,0
25521,20221011,4891,0
10809,20220430,3448,0
7060,20211103,651,0
41242,20240222,4891,0
41645,20220121,4849,0
23913,20230530,466,0
25722,20231120,651,0
24112,20220107,4891,0
21986,20220331,651,0
21190,20210522,466,0
20625,20230129,2171,0
21717,20221110,357,0
21717,20221110,466,0
26264,20211019,4507,0
26264,20211019,4891,0
40959,20220426,4891,0
40959,20220426,4923,0
21698,20220419,651,0
21577,20220218,651,0
25671,20231123,2171,0
83247,20230310,4507,0
20108,20210602,651,0
25362,20230109,4507,0
2244,20230904,466,0
40403,20230908,3448,0
42424,20220416,3448,-1
7255,20220102,4891,0
83328,20230427,2171,0
11774,20220308,4891,0
23004,20230113,4738,0
2987,20230411,4912,0
23754,20230107,4923,0
22925,20221123,651,0
4908,20220522,466,0
24472,20230402,651,0
6691,20230121,4912,0
26245,20211217,4849,0
25801,20230303,4738,0
25801,20230303,4891,0
21013,20231213,4849,0
9159,20231216,4738,0
9159,20231216,4891,0
22890,20220314,4507,0
7013,20231105,3448,0
23380,20230309,466,0
40350,20230511,4849,0
4682,20221222,2171,0
23846,20231120,4733,0
23846,20231120,4912,0
24945,20220321,2171,0
23120,20220114,4891,0
23120,20220114,4912,0
23120,20220114,4923,0
25875,20220513,4733,0
11490,20220323,4507,0
11490,20220323,4891,0
11566,20220219,4507,0
25107,20220422,466,0
25742,20221111,4891,0
23131,20220112,4891,0
40307,20220910,466,0
25400,20220130,4738,0
21786,20220422,2171,0
21771,20240213,4891,0
23816,20211114,357,0
41716,20230827,4507,0
4728,20220404,4912,0
40073,20221115,4733,0
26018,20230107,3448,0
7089,20221220,2171,0
22304,20230505,466,0
24438,20221205,4891,0
24438,20221205,4912,0
22668,20230312,4891,0
22668,20230312,4912,0
22668,20230312,4923,0
40978,20231217,2171,0
22510,20211019,3448,0
2670,20220425,4507,0
8517,20231110,4923,0
1272,20220405,4923,0
5196,20240215,2171,0
23981,20211117,4733,0
23981,20211117,4912,0
22784,20240306,4923,0
42626,20230111,4738,0
80719,20210130,4849,0
24775,20230806,4507,0
25867,20220112,651,0
25550,20221027,4923,0
22869,20221206,4891,0
20933,20211023,4507,0
20933,20211023,4738,0
20933,20211023,4891,0
6699,20211014,4923,0
25816,20230108,4849,0
42822,20240219,4891,-1
3963,20221129,4923,0
80978,20210709,4733,0
80978,20210709,4891,0
23525,20220414,4733,0
23525,20220414,4738,0
11914,20220124,4923,0
25623,20230430,357,0
27586,20240321,4923,0
22489,20230207,466,0
22404,20211023,4891,0
22404,20211023,4912,0
22661,20230416,466,0
8795,20230227,4891,0
42863,20230104,357,0
25147,20230202,4733,0
27582,20240321,4733,0
27582,20240321,4923,0
40495,20230605,4891,0
40067,20220127,3448,0
25627,20230413,357,0
25627,20230413,466,0
21010,20231101,4507,0
42870,20230209,3448,0
21277,20231111,2171,0
3683,20220204,357,0
318,20210501,4733,0
22891,20221112,4891,0
279,20210417,4738,0
40064,20220101,357,0
6862,20240219,2171,0
21887,20211114,4923,0
1108,20210604,466,0
27436,20231123,466,0
83343,20230428,2171,0
26027,20220314,466,0
42492,20220417,4733,0
42492,20220417,4912,0
23746,20220317,4507,0
23746,20220317,4849,0
11669,20211013,4849,0
11669,20211013,4891,0
11669,20211013,4923,0
7455,20211002,4849,0
41923,20220608,2171,0
40848,20231002,4849,-1
5333,20230422,4891,0
26979,20231121,3448,0
43063,20240227,4912,0
40085,20230529,357,0
1882,20210606,4738,0
20447,20220212,357,0
7966,20231107,2171,0
20134,20210628,466,0
41719,20211220,4912,0
7492,20220530,4923,0
6534,20231009,4738,0
20753,20230602,357,0
3652,20240114,4923,0
6529,20220918,4733,0
41923,20220608,4912,0
40450,20240128,2171,0
22759,20220508,651,0
22869,20221206,651,0
23929,20230124,2171,0
24247,20220528,4733,0
24247,20220528,4923,0
22026,20230107,4923,0
6473,20230424,4733,0
5784,20220331,357,0
4412,20220309,2171,0
24537,20240112,2171,0
20938,20231028,357,0
20938,20231028,466,0
11502,20220210,651,0
20669,20211219,357,0
22412,20211129,4849,0
21815,20220516,4738,0
6704,20221004,357,0
6704,20221004,466,0
8202,20240109,4891,0
42639,20240222,4733,0
42639,20240222,4891,0
21384,20230126,4891,0
23627,20230120,2171,0
10057,20231011,651,0
9055,20230420,4507,0
22715,20211020,4507,0
22715,20211020,4849,0
22715,20211020,4923,0
4303,20211028,466,0
2260,20230904,4733,0
22161,20240128,2171,0
41666,20230209,4733,0
25128,20220512,4507,0
41253,20230112,466,0
26199,20231110,651,0
23962,20211001,4891,0
22380,20221116,4891,0
26042,20220121,4507,0
26042,20220121,4891,0
7239,20220105,4923,0
11656,20211107,651,0
25002,20220913,4507,0
25406,20220129,466,0
20027,20230506,651,0
5866,20231006,357,0
40122,20230404,4891,-1
22800,20211014,4923,0
22412,20211129,357,0
7382,20220311,4912,0
3483,20220507,4891,0
3588,20230920,2171,0
40086,20230504,4849,0
25305,20230108,4738,0
25305,20230108,4891,0
21480,20231013,4507,0
21480,20231013,4738,0
21480,20231013,4923,0
5520,20240301,4733,0
23441,20211102,4912,0
23190,20220315,3448,0
20500,20220408,4849,0
20476,20221122,4923,0
25360,20230331,4923,0
4041,20240102,4923,0
40239,20230205,4849,0
40239,20230205,4912,0
40239,20230205,4923,0
10576,20230316,4849,0
4792,20230424,3448,0
3981,20211130,651,0
8454,20220221,4891,0
8807,20220131,4912,0
1312,20231022,3448,0
23779,20220119,357,0
23643,20230506,357,0
7865,20240130,651,0
24977,20220312,466,0
23317,20221031,4507,0
40212,20231006,4733,0
22923,20211116,4738,0
22923,20211116,4891,0
25271,20220530,2171,0
10100,20211126,4733,0
6899,20220409,4733,0
9989,20240407,4849,0
11918,20220226,4891,0
20905,20210620,4923,0
8764,20230109,3448,0
26180,20220213,466,0
83246,20230507,4733,0
21184,20210514,4738,0
2353,20211103,4738,0
9041,20220501,4912,0
4249,20220525,651,0
20780,20210620,651,0
26014,20230928,4849,0
21045,20230108,2171,0
25734,20231120,4733,0
21645,20240320,3448,0
23012,20221027,4891,0
25806,20240217,651,0
25997,20220312,2171,0
27801,20231230,466,0
40464,20240203,4849,0
42488,20230602,357,0
24336,20240321,4891,0
24336,20240321,4912,0
9004,20231007,357,0
20048,20230406,357,0
83341,20230428,4507,0
83341,20230428,4733,0
83341,20230428,4923,0
8369,20220404,4849,0
21620,20240131,651,0
42853,20240220,357,0
21359,20231022,357,0
26248,20211219,4733,0
26248,20211219,4912,0
26248,20211219,4923,0
25888,20220120,4507,0
24599,20231228,4733,0
3867,20211126,466,0
1437,20230312,466,0
24168,20211219,4738,0
23622,20220407,651,0
41910,20230408,4912,-1
27748,20231101,4507,0
27748,20231101,4923,0
24562,20211019,4849,0
24562,20211019,4891,0
27743,20231122,4849,0
11186,20231020,2171,0
80786,20210223,3448,0
40311,20230405,466,-1
21556,20220311,4891,0
26610,20231122,4891,0
24399,20211117,651,0
22909,20230207,4738,0
41296,20211217,4733,-1
41296,20211217,4849,0
80650,20210322,2171,0
2407,20221226,4891,0
24736,20230506,357,0
23377,20230525,3448,0
11100,20221001,4891,0
22544,20211021,651,0
20239,20220218,4507,0
20239,20220218,4891,0
20239,20220218,4923,0
20461,20230202,4507,0
23603,20220103,2171,0
3258,20231105,2171,0
21109,20230331,466,0
40237,20220315,4912,0
42680,20240128,466,0
5280,20211128,4738,0
7759,20240409,357,0
22591,20230926,651,0
24425,20211023,4891,0
8630,20230113,4507,0
5645,20211205,3448,0
22208,20230111,357,0
10031,20240215,4923,0
4879,20230915,4849,0
4879,20230915,4891,0
26802,20230927,651,0
2700,20220406,357,0
2803,20230621,4733,0
41097,20231213,2171,0
6797,20240308,4923,0
27852,20240218,2171,0
24555,20230107,4912,0
6370,20210930,4849,0
10741,20240116,2171,0
42047,20231029,4849,0
41661,20220217,357,0
1950,20240214,4738,0
40970,20230209,4733,0
21414,20211115,4738,0
40849,20231113,4912,4
6716,20230918,4923,0
8676,20220202,4733,0
8676,20220202,4891,0
21439,20211114,4738,0
20337,20240219,466,0
24926,20220419,4849,0
20021,20230406,4733,0
22915,20220509,466,0
41382,20230206,3448,-1
1108,20210604,4507,0
22979,20230411,2171,0
7071,20230120,4891,0
25633,20231220,2171,0
4822,20221020,4912,0
82268,20211107,651,0
5233,20220605,3448,0
9276,20231220,466,0
24032,20230508,4849,0
21475,20211119,466,0
20700,20211220,2171,0
11485,20220311,4733,0
26052,20211215,4891,0
40119,20230504,2171,0
40063,20231016,357,0
25397,20221013,466,0
41243,20220313,2171,0
42366,20220528,466,0
22805,20230925,4849,0
23856,20211024,4733,0
23856,20211024,4891,0
23856,20211024,4912,0
20194,20230409,357,0
42481,20230503,651,0
20602,20230304,2171,0
25284,20220516,4507,0
23465,20210930,4738,0
22744,20240109,2171,0
7815,20230914,4733,0
25502,20211016,2171,0
27721,20231220,4923,0
21332,20220120,4733,0
21332,20220120,4849,0
21332,20220120,4891,0
8774,20220309,4891,0
9260,20240216,4891,0
25520,20230614,4849,0
20060,20230205,4733,0
20221,20230419,2171,0
25320,20230207,2171,0
25234,20231031,3448,0
2580,20211006,4733,0
5979,20220325,4912,0
3677,20220205,4912,0
22561,20230926,4507,0
22561,20230926,4912,0
83354,20230428,2171,0
20631,20230112,4733,0
42959,20231231,4507,0
42959,20231231,4738,0
42339,20220613,4507,0
42339,20220613,4891,0
25952,20230925,2171,0
22044,20220312,4507,0
23508,20240218,4733,0
24906,20230506,2171,0
7130,20221216,651,0
20723,20230207,466,0
83467,20240313,466,0
23793,20230413,2171,0
5363,20230915,4923,0
80658,20210220,4923,0
339,20210416,4891,0
7736,20220408,3448,0
9854,20211102,651,0
40550,20230427,4733,-1
40550,20230427,4738,0
40550,20230427,4849,-1
40550,20230427,4912,0
40550,20230427,4923,-1
24695,20220127,357,0
42762,20221207,3448,0
40333,20230916,2171,0
11613,20230919,357,0
23513,20221207,4912,0
23513,20221207,4923,0
6602,20220529,4891,0
20260,20220213,4912,0
25782,20230331,466,0
4585,20220211,4733,0
20632,20220121,651,0
1229,20230313,651,0
4967,20220913,4923,0
24689,20211215,4891,0
25994,20230227,651,0
4833,20231006,4912,0
6812,20240112,3448,0
24250,20230202,4738,0
24250,20230202,4849,0
20606,20231204,4507,0
20606,20231204,4738,0
25683,20230225,3448,0
1723,20220102,3448,0
2811,20230619,651,0
80736,20210404,4507,0
80736,20210404,4849,0
41490,20231030,3448,2
2161,20210515,4738,0
40847,20230609,4507,0
23871,20230531,357,0
81108,20210513,4891,0
21089,20210606,4849,0
21089,20210606,4912,0
8354,20240308,4912,0
5612,20220124,4923,0
23223,20220205,466,0
22532,20211021,651,0
23853,20230826,357,0
23853,20230826,466,0
42366,20220528,651,0
42844,20230206,4923,-1
22453,20230421,466,0
204,20210413,651,0
5005,20231012,466,0
23397,20220322,4507,0
23397,20220322,4891,0
23397,20220322,4912,0
11057,20221020,4733,0
40853,20230930,4923,0
4592,20220112,2171,0
21814,20230502,466,0
25005,20211023,4849,0
25005,20211023,4891,0
26203,20220114,4849,0
26203,20220114,4891,0
25912,20230407,357,0
5610,20220124,4923,0
20679,20221104,466,0
41007,20240301,466,0
23623,20220407,4733,0
23623,20220407,4923,0
24216,20240319,651,0
41038,20220412,4733,0
41038,20220412,4891,0
20750,20210521,4733,0
3322,20220420,466,0
11494,20220210,357,0
82633,20220130,4923,0
20350,20220221,2171,0
11925,20220225,4738,0
22523,20240311,466,0
22395,20211106,3448,0
11205,20211002,4923,0
5100,20240304,4891,0
24686,20230318,4912,0
41878,20230502,2171,0
24056,20221205,4923,0
23474,20230225,4891,0
26004,20211022,651,0
25394,20231003,466,0
3686,20220211,4507,0
40895,20240105,4507,0
40895,20240105,4733,-1
40895,20240105,4849,0
2281,20211104,357,0
10373,20230113,4733,0
25982,20221105,4923,0
27191,20240406,4891,0
42057,20231031,4891,0
24971,20220504,4507,0
25758,20221207,4733,0
41794,20230122,651,-1
43020,20220418,4849,0
43020,20220418,4912,6
10548,20211005,357,0
27645,20231230,3448,0
7711,20240116,3448,0
21788,20220407,466,0
23239,20220413,4912,0
21523,20230310,2171,0
183,20210509,4738,0
22400,20220609,466,0
9628,20220610,2171,0
8051,20211103,4738,0
24536,20231031,4891,0
83325,20230428,4507,0
83325,20230428,4891,0
83325,20230428,4923,0
24472,20230402,2171,0
25282,20220314,4849,0
43056,20240301,4891,-1
27339,20231119,2171,0
23815,20211219,4507,0
23815,20211219,4738,0
24274,20211020,4891,0
21622,20230207,4891,0
40502,20220514,2171,0
25617,20220516,3448,0
21231,20211026,3448,0
9746,20240213,4923,0
22406,20211114,466,0
8060,20230923,357,0
25919,20230407,4733,0
5516,20221028,4849,0
26243,20220212,4738,0
20101,20230326,4849,0
22577,20211015,4891,0
26238,20220419,2171,0
26172,20231108,3448,0
22916,20221207,4891,0
2489,20221026,466,0
10176,20230120,4507,0
43026,20221120,3448,0
41143,20230507,4891,0
25754,20231012,3448,0
25164,20230406,2171,0
425,20210504,651,0
21527,20211117,466,0
23791,20220414,466,0
24725,20240131,651,0
20678,20221027,4891,0
7880,20220107,4733,0
25932,20211021,4923,0
1678,20221001,466,0
42793,20230120,466,0
23243,20220331,4923,0
23739,20230107,4912,0
24364,20221111,2171,0
25145,20221209,4849,0
25145,20221209,4923,0
41694,20230830,4733,0
23818,20230913,466,0
41419,20231023,466,-1
165,20210409,4507,0
23282,20221123,2171,0
26271,20231120,3448,0
24659,20211117,2171,0
7736,20220408,466,0
24750,20230429,4891,0
22477,20230415,2171,0
42666,20220316,3448,0
25507,20230927,3448,0
42552,20231029,4849,0
23080,20220210,4733,0
22343,20230408,2171,0
22157,20220213,4923,0
20542,20231030,4733,0
20542,20231030,4891,0
25505,20230927,4733,0
22719,20230310,466,0
21821,20230508,4849,0
27589,20231230,3448,0
4506,20231206,357,0
10976,20221030,4923,0
26609,20230929,4891,0
26041,20220121,2171,0
22886,20230130,4733,0
22886,20230130,4891,0
21912,20231213,357,0
21912,20231213,466,0
23733,20220414,2171,0
3928,20231019,466,0
7510,20230618,4507,0
42491,20220426,4849,0
42491,20220426,4923,4
25730,20231120,2171,0
41639,20230502,4738,0
24159,20231215,651,0
83344,20230428,4733,0
83344,20230428,4738,0
83344,20230428,4849,0
83344,20230428,4923,0
82260,20211120,4507,0
82260,20211120,4733,0
82260,20211120,4849,0
22064,20230328,4923,0
25882,20230402,3448,0
25569,20211003,4507,0
83369,20230606,4738,0
26231,20220306,4507,0
26231,20220306,4891,0
40949,20230405,651,0
22052,20220312,357,0
22052,20220312,466,0
24116,20230126,4738,0
26169,20220212,466,0
11096,20211101,4738,0
1477,20230227,4891,0
42899,20230308,4923,-1
83121,20230620,2171,0
11316,20240117,4891,0
23283,20221110,651,0
40225,20230303,3448,0
10676,20231204,2171,0
8414,20230525,357,0
23245,20220213,4733,0
23245,20220213,4891,0
11391,20211205,4891,0
22925,20221123,4849,0
10159,20231205,466,0
23878,20230429,2171,0
20668,20211219,4738,0
1270,20220405,4923,0
42164,20240322,357,0
42260,20221013,4733,0
42260,20221013,4738,0
25187,20231125,2171,0
4589,20230424,3448,0
25905,20230519,4923,0
23641,20220612,4507,0
23641,20220612,4738,0
20381,20220221,2171,0
24825,20230507,357,0
24825,20230507,466,0
21255,20230925,4923,0
27588,20240321,466,0
21726,20230107,4507,0
23559,20230410,3448,0
6672,20221221,3448,0
4488,20231215,4738,0
4488,20231215,4891,0
24165,20230811,651,0
22903,20230207,2171,0
21956,20231212,4849,0
42396,20240319,4507,0
42396,20240319,4923,0
23403,20220213,357,0
24465,20220120,4733,0
24465,20220120,4891,0
24465,20220120,4923,0
25900,20220417,3448,0
21400,20211023,4507,0
21400,20211023,4891,0
20948,20230928,4849,0
20948,20230928,4891,0
23795,20230209,651,0
26169,20220212,651,0
42664,20230429,466,0
20684,20231228,4849,0
24196,20230108,651,0
22575,20211015,2171,0
2351,20230120,466,0
21547,20230308,4891,0
22255,20220918,2171,0
11921,20220404,2171,0
1984,20240102,4891,0
9984,20230417,4849,0
22241,20231031,4733,0
22949,20220308,4891,0
11806,20211110,4733,0
11806,20211110,4891,0
20640,20220314,4891,0
274,20210409,4912,0
22263,20230108,4733,0
22263,20230108,4912,0
3960,20221126,2171,0
24660,20220311,4849,0
23714,20220102,2171,0
10572,20230609,466,0
24211,20220125,3448,0
24965,20220312,4912,0
9031,20230520,357,0
42601,20221108,4738,0
42601,20221108,4912,0
20515,20210628,4923,0
3801,20231216,651,0
20226,20240304,2171,0
23204,20211020,357,0
21345,20230402,357,0
40590,20220111,4923,0
20875,20231002,4849,0
20875,20231002,4891,0
20875,20231002,4912,0
20875,20231002,4923,0
40444,20230603,4733,0
2743,20240102,466,0
22793,20231021,4849,0
25190,20221222,4507,0
25168,20211218,4891,0
4348,20230415,4733,0
20736,20210620,466,0
3405,20220915,4891,0
8666,20240311,4912,0
21658,20230303,4849,0
22185,20220218,2171,0
2026,20211202,3448,0
40092,20230531,466,0
25559,20221105,4733,0
25559,20221105,4738,0
25559,20221105,4849,0
25559,20221105,4891,0
25559,20221105,4912,0
25559,20221105,4923,0
24755,20240327,651,0
25736,20211015,4738,0
25736,20211015,4923,0
41638,20230405,4738,0
41638,20230405,4923,0
42127,20230603,466,0
25291,20230121,466,0
41671,20230827,4891,0
42602,20221108,4923,2
25888,20220120,2171,0
23352,20220413,4891,0
21880,20211109,4912,0
565,20210529,4923,0
22373,20211020,4507,0
22373,20211020,4891,0
20136,20231109,4733,0
20136,20231109,4891,0
41628,20240128,651,0
41457,20230208,466,0
23399,20220221,4891,0
23399,20220221,4912,0
23399,20220221,4923,0
81114,20210513,4891,0
10373,20230113,357,0
10373,20230113,466,0
41048,20230605,4507,0
26002,20230205,4923,0
40724,20221224,2171,0
21416,20220109,2171,0
42524,20220515,4507,-1
42524,20220515,4733,0
27749,20240218,357,0
374,20210420,4891,0
80646,20210205,4507,0
25890,20220318,466,0
1130,20210517,4891,0
21710,20231215,2171,0
24727,20230606,4733,0
25514,20231120,4733,0
22435,20220516,4733,0
5532,20231122,3448,0
80954,20210425,4849,0
80954,20210425,4891,0
80954,20210425,4912,0
25274,20220314,357,0
21050,20230119,2171,0
25076,20220218,651,0
10362,20211129,4923,0
41132,20220525,4733,0
26024,20231214,4849,0
6209,20240211,4923,0
27535,20231119,2171,0
3310,20220509,4912,0
23471,20240317,651,0
25195,20230415,3448,0
41945,20221201,4923,-1
26013,20230303,466,0
20253,20210523,4733,0
20253,20210523,4891,0
20565,20211016,3448,0
24574,20231005,4912,0
7245,20220209,4507,0
7245,20220209,4912,0
20336,20221130,4912,0
20336,20221130,4923,0
21664,20220430,4733,0
21664,20220430,4923,0
22897,20231230,3448,0
42054,20221120,357,0
42054,20221120,466,0
10131,20231203,357,0
23646,20230513,4507,0
23646,20230513,4912,0
20722,20220124,4891,0
25901,20220321,4912,0
9276,20231220,3448,0
24656,20220114,357,0
20244,20220612,4912,0
24665,20220326,4507,0
2098,20230507,4849,0
40226,20220316,3448,0
5425,20211028,466,0
20530,20231109,651,0
22892,20211125,4891,0
22892,20211125,4923,0
11864,20211111,4891,0
22752,20230406,4923,0
21594,20230207,4733,0
21594,20230207,4923,0
42970,20231001,4849,-1
20912,20210609,4738,0
41031,20240222,4738,0
24109,20221004,4849,0
1857,20231103,2171,0
2724,20230914,4923,0
7219,20211108,3448,0
27622,20231230,3448,0
22721,20230406,651,0
23838,20240105,4849,0
7009,20211215,4923,0
25441,20230531,466,0
7462,20230521,4891,0
347,20210415,4738,0
22253,20230210,4738,0
22253,20230210,4912,0
7031,20221214,651,0
24816,20220207,2171,0
9267,20220404,2171,0
24475,20221009,4738,0
24475,20221009,4891,0
20643,20220314,466,0
40475,20230603,4912,0
23093,20220109,4912,0
40863,20231124,357,-1
2119,20230201,4891,0
22772,20230402,4849,0
43067,20221228,3448,-1
41627,20231205,4733,3
41627,20231205,4923,0
26207,20230201,4891,0
20919,20210620,357,0
24377,20221110,4733,0
24377,20221110,4849,0
40583,20240217,4891,0
83346,20230428,4733,0
10328,20211201,4923,0
83328,20230427,4507,0
83328,20230427,4891,0
4115,20220228,4923,0
24813,20220419,357,0
40298,20230422,4733,2
1496,20240214,2171,0
23606,20230202,4507,0
23606,20230202,4733,0
5646,20220225,4891,0
20648,20220218,4507,0
20648,20220218,4733,0
20648,20220218,4912,0
1677,20231004,4507,0
1677,20231004,4912,0
23199,20230211,4891,0
2253,20211103,4912,0
5073,20240116,4912,0
25541,20220516,4733,0
25541,20220516,4891,0
24976,20220125,2171,0
1449,20220112,4738,0
10545,20211109,4912,0
11417,20221127,4891,0
11417,20221127,4912,0
8180,20221214,4891,0
42115,20230603,2171,0
25776,20240109,2171,0
22240,20220124,3448,0
11909,20220228,3448,0
20623,20230209,4507,0
22504,20231123,3448,0
2081,20230420,4733,0
22638,20240204,651,0
20642,20220315,4912,0
25279,20220304,4891,0
7727,20240114,3448,0
3658,20240306,357,0
9301,20240407,4891,0
22084,20221208,3448,0
40235,20230206,4507,0
23355,20220413,651,0
21581,20240327,4923,0
25887,20240219,3448,0
22842,20230908,2171,0
2569,20220308,4891,0
21959,20220609,3448,0
41634,20220316,4733,0
41634,20220316,4738,0
41046,20230604,2171,0
4751,20220421,2171,0
10348,20220205,3448,0
42757,20220910,4849,0
21817,20230506,357,0
80707,20210208,3448,0
6311,20240130,3448,0
80605,20210205,4507,0
22683,20220213,4923,0
22058,20230419,651,0
81065,20210327,4891,0
22039,20230201,4912,0
24726,20240327,2171,0
41961,20220910,466,0
8374,20220323,4891,0
9674,20221024,4923,0
22198,20220317,357,0
23755,20230308,4733,0
23879,20230430,4891,0
25783,20230401,2171,0
21322,20230205,4733,0
21322,20230205,4923,0
21601,20230606,357,0
2815,20220420,4733,0
42584,20231215,4507,0
42584,20231215,4891,0
20607,20220317,2171,0
42620,20230107,651,0
9517,20220106,4891,0
21221,20240327,2171,0
3003,20230125,466,0
24725,20240131,466,0
23703,20211005,4891,0
25447,20230601,3448,0
23553,20220405,4738,0
23553,20220405,4912,0
5785,20220323,651,0
11446,20230201,4733,0
20967,20211119,4733,0
20967,20211119,4849,0
20967,20211119,4891,0
20462,20230202,651,0
21910,20240119,2171,0
6732,20211112,4912,0
21375,20220208,4738,0
22864,20220213,4923,0
22212,20230206,4738,0
22279,20231121,466,0
23117,20220407,4507,0
22678,20221230,2171,0
21705,20231230,651,0
21646,20220524,4849,0
21646,20220524,4891,0
41104,20230514,4891,0
27631,20240321,357,0
27631,20240321,466,0
25653,20220121,4738,0
5972,20220104,4912,0
25150,20220416,4738,0
23657,20211120,4891,0
23945,20230602,651,0
24473,20231231,4891,0
20605,20240126,4891,0
20605,20240126,4912,0
20605,20240126,4923,0
40690,20231023,3448,0
25899,20220126,4507,0
10020,20220528,4923,0
23077,20230226,651,0
21271,20211106,4912,0
25472,20230406,466,0
42503,20240329,466,0
230,20210420,4738,0
40333,20230916,466,0
8531,20231107,3448,0
3754,20230429,4891,0
3042,20220131,3448,0
41694,20230830,2171,0
26053,20240227,4733,0
25345,20230304,651,0
20167,20231230,4849,0
20424,20210523,357,0
21628,20230208,4738,0
21628,20230208,4891,0
42494,20220417,4733,0
83041,20240112,2171,0
25547,20211021,4849,0
24614,20221018,4923,0
3262,20230906,4507,0
23795,20230209,466,0
22862,20221113,4891,0
6107,20220525,2171,0
23800,20230914,2171,0
24288,20230407,2171,0
40428,20231229,357,0
42632,20230205,4507,0
42632,20230205,4923,0
41021,20230615,4891,0
22286,20230430,3448,0
1600,20240102,466,0
42664,20230429,2171,0
24831,20230402,2171,0
83267,20230324,4912,0
20730,20230408,3448,0
24643,20220114,4891,0
20395,20210619,466,0
22783,20220607,4733,0
22783,20220607,4891,0
24207,20230228,2171,0
2048,20211002,3448,0
41759,20220127,466,0
25331,20230208,466,0
21470,20230109,466,0
21332,20220120,357,0
22158,20220213,4733,0
6824,20230125,4891,0
22687,20230120,2171,0
7139,20240113,4733,0
42662,20230429,4923,0
11631,20211102,3448,0
6686,20221020,4912,0
25867,20220112,2171,0
20413,20210618,4738,0
20413,20210618,4849,0
20413,20210618,4891,0
20413,20210618,4923,0
23788,20230308,2171,0
24140,20231011,2171,0
81063,20210327,4891,0
8,20210430,4738,0
5141,20211107,3448,0
21954,20230208,651,0
26280,20230107,357,0
24296,20220512,4507,0
6055,20220219,651,0
26239,20211203,2171,0
43081,20220210,651,0
23768,20240102,2171,0
25087,20240219,4738,0
8972,20211029,357,0
8280,20220106,4891,0
8191,20240215,357,0
373,20210529,4733,0
373,20210529,4891,0
25916,20230319,357,0
8951,20231230,4507,0
3369,20231207,4849,0
22832,20211206,2171,0
20276,20220307,4733,0
23603,20220103,4507,0
8414,20230525,4507,0
24941,20220321,4738,0
24941,20220321,4849,0
25301,20220414,357,0
43039,20230212,2171,0
43081,20220210,4891,0
43081,20220210,4912,0
2979,20220504,357,0
21309,20211020,651,0
42735,20220303,357,0
52,20210415,4738,0
41632,20230504,4733,0
24869,20220927,3448,0
6156,20240115,4507,0
22532,20211021,4507,0
22532,20211021,4733,0
20634,20230429,4733,0
20634,20230429,4891,0
22372,20210921,466,0
22922,20221106,466,0
20733,20210619,466,0
41610,20220316,651,0
24838,20221011,4891,0
25041,20240218,466,0
21242,20231011,357,0
24831,20230402,466,0
21256,20231213,651,0
6382,20211005,651,0
8952,20221221,4891,0
7743,20220103,3448,0
25302,20220218,651,0
25295,20230108,651,0
25642,20230928,4912,0
25294,20230108,4507,0
25294,20230108,4733,0
42419,20231122,4738,-1
25382,20211114,357,0
4725,20240115,4912,0
23074,20230104,4733,0
42978,20230225,4738,0
42978,20230225,4912,-1
3363,20221030,4923,0
5242,20220226,3448,0
21569,20211117,4849,0
21569,20211117,4891,0
23502,20240218,2171,0
25348,20230111,2171,0
7233,20221216,4891,0
2690,20220523,3448,0
40438,20231215,4738,0
40438,20231215,4923,0
23902,20230523,2171,0
40524,20220505,466,0
20199,20210521,4891,0
21075,20210627,4738,0
21315,20231125,4733,0
21315,20231125,4849,0
21315,20231125,4891,0
23319,20230108,4891,0
42640,20230202,651,0
25635,20231014,357,0
10100,20211126,357,0
20701,20211219,4507,0
20701,20211219,4733,0
20701,20211219,4849,0
21212,20240116,4891,0
23556,20230411,651,0
23412,20220212,4733,0
23878,20230429,4849,0
42886,20230422,4738,0
42886,20230422,4923,0
22205,20220318,3448,0
20990,20220109,3448,0
42339,20220613,651,0
20003,20230406,651,0
11777,20211108,4912,0
11777,20211108,4923,0
40316,20220913,651,0
8467,20240310,4738,0
20665,20230926,3448,0
40530,20220313,4507,0
22164,20230208,4891,0
2815,20220420,466,0
21814,20230502,4738,0
21814,20230502,4923,0
42856,20240219,466,0
23143,20240327,4891,0
11755,20221219,4923,0
23471,20240317,2171,0
40808,20231122,2171,0
25706,20231120,2171,0
24125,20211015,2171,0
4330,20211006,4891,0
27734,20231220,4738,0
41681,20230120,651,0
25348,20230111,4923,0
42587,20221216,4923,0
20590,20220307,4923,0
41795,20220302,4507,-1
41795,20220302,4891,-1
5170,20231019,466,0
22010,20230201,2171,0
20457,20230201,4912,0
21053,20221111,4738,0
21053,20221111,4891,0
27799,20231215,2171,0
20739,20240219,2171,0
41450,20230828,466,0
24771,20211211,2171,0
24946,20220321,4849,0
24946,20220321,4891,0
25183,20230104,4733,0
21417,20220218,2171,0
80613,20210324,4733,0
80613,20210324,4738,0
80613,20210324,4849,0
23709,20211215,4891,0
40076,20230120,4733,-1
40076,20230120,4849,0
25019,20211019,4738,0
25019,20211019,4923,0
25029,20220108,3448,0
20003,20230406,3448,0
2948,20220107,357,0
24487,20231021,2171,0
10075,20211202,4891,0
5650,20220131,4912,0
8773,20211116,4923,0
9978,20220221,651,0
42546,20220413,4849,0
42546,20220413,4891,0
2373,20231206,466,0
21563,20220311,651,0
10256,20211110,357,0
25691,20211021,4507,0
10821,20220228,4923,0
6091,20220107,2171,0
42585,20231215,357,0
42585,20231215,466,0
5505,20221216,4891,0
21366,20220122,4891,0
24540,20230104,4849,0
24540,20230104,4891,0
22043,20220312,2171,0
23208,20210921,466,0
25433,20230525,4891,0
24230,20230523,4891,0
3263,20220104,4738,0
25188,20230104,4733,0
25188,20230104,4891,0
8134,20220917,4923,0
21003,20230926,4733,0
21003,20230926,4923,0
24485,20231018,4733,0
24485,20231018,4891,0
6741,20211105,4923,0
24210,20230506,4738,0
25632,20231231,4849,0
25632,20231231,4891,0
20660,20230209,3448,0
22740,20220416,4849,0
22740,20220416,4923,0
23924,20240310,2171,0
21407,20230209,2171,0
3362,20231216,4891,0
42116,20230603,3448,0
43043,20230406,651,0
42146,20240403,4733,-1
24074,20220217,4738,0
24074,20220217,4912,0
25344,20221214,4891,0
22204,20220413,2171,0
24729,20230505,357,0
21349,20231231,2171,0
24013,20220509,466,0
21516,20230228,4849,0
40486,20220612,651,0
4092,20220228,466,0
22228,20240329,2171,0
20946,20221205,4849,0
83423,20231103,3448,0
21356,20230308,4733,0
23717,20220114,4912,0
5363,20230915,2171,0
27590,20231230,3448,0
5970,20220504,4849,0
42659,20230428,651,0
23983,20221002,2171,0
23577,20230510,4507,0
23152,20230529,651,0
25161,20230509,3448,0
25876,20220414,4507,0
25876,20220414,4733,0
25876,20220414,4738,0
21569,20211117,357,0
23383,20220414,4507,0
23383,20220414,4738,0
25872,20220221,4891,0
25872,20220221,4912,0
7759,20240409,3448,0
22691,20220417,357,0
24574,20231005,651,0
42284,20231015,357,0
3629,20230606,4733,0
24831,20230402,4891,0
24831,20230402,4912,0
42502,20230504,4849,0
23156,20230919,4849,0
10367,20220309,466,0
42263,20221115,4733,0
7533,20230124,4891,0
23519,20230112,466,0
25475,20220512,4738,0
3151,20220106,4912,0
41512,20240128,4912,0
20424,20210523,4733,0
20424,20210523,4738,0
2358,20221219,4912,0
80677,20210205,4891,0
8768,20230127,4507,0
42680,20240128,651,0
10626,20220605,466,0
10175,20211114,4738,0
20680,20220212,466,0
6609,20220528,466,0
11617,20211103,4923,0
41521,20240127,4507,-1
41521,20240127,4733,0
26076,20231206,2171,0
22838,20230929,4738,0
22838,20230929,4849,0
22838,20230929,4891,0
22838,20230929,4923,0
42367,20230506,4733,0
42367,20230506,4738,0
42367,20230506,4923,0
42407,20220423,466,0
22747,20220417,4507,0
6750,20211222,4912,0
25503,20221104,357,0
41119,20230407,4923,0
5778,20230324,4738,0
10022,20240310,357,0
40021,20230404,651,0
23173,20230505,357,0
23173,20230505,466,0
9489,20220121,4849,0
9489,20220121,4923,0
22362,20230928,4923,0
42014,20230617,4849,0
26050,20221009,4733,0
26050,20221009,4891,0
2217,20230418,4891,0
20884,20210530,4733,0
24807,20220203,4849,0
42162,20240222,466,0
6655,20231217,4849,0
22205,20220318,651,0
3827,20231104,4738,0
25776,20240109,3448,0
23954,20230929,4507,0
23954,20230929,4891,0
20765,20210519,4849,0
24005,20220513,4738,0
11944,20220126,4738,0
8677,20230327,2171,0
1349,20230128,2171,0
23790,20220414,651,0
24294,20220512,2171,0
21470,20230109,2171,0
41278,20240313,466,0
20619,20220413,4891,0
41096,20230508,466,0
9659,20211030,4733,0
25667,20211119,357,0
23685,20211117,2171,0
8625,20231020,3448,0
9397,20220218,4733,0
22302,20230430,357,0
23100,20230310,4733,0
6274,20220324,4891,0
24388,20221225,4507,0
21945,20230208,4733,0
21945,20230208,4738,0
21945,20230208,4891,0
20715,20231023,357,0
10976,20221030,651,0
10925,20230812,3448,0
25076,20220218,2171,0
23210,20220602,3448,0
2736,20221025,4923,0
24466,20230108,4923,0
149,20210416,651,0
3609,20211128,651,0
11251,20220529,4912,0
22692,20220321,4891,0
41830,20240214,3448,0
7965,20211128,4891,0
25142,20230202,4849,0
25142,20230202,4912,0
5527,20240203,4891,0
26025,20240126,3448,0
7360,20220311,4891,0
21259,20231002,4849,0
41922,20230502,4733,0
22339,20230209,4738,0
22339,20230209,4891,0
22339,20230209,4923,0
42023,20231030,4923,-1
23859,20230509,2171,0
5396,20211130,4923,0
23554,20220422,357,0
26223,20230201,4891,0
7376,20220331,357,0
27585,20240321,4849,0
27585,20240321,4912,0
42056,20221108,4891,6
22119,20221121,3448,0
7517,20230415,4891,0
22029,20230505,651,0
22677,20220418,4849,0
83347,20230428,4891,0
27584,20231228,4507,0
27584,20231228,4733,0
27584,20231228,4849,0
27584,20231228,4912,0
27584,20231228,4923,0
319,20210503,4738,0
42574,20230922,651,0
20430,20210522,4891,0
20430,20210522,4912,0
5836,20240102,466,0
4048,20211014,3448,0
25469,20230531,651,0
21707,20231005,651,0
25325,20230111,4891,0
9918,20220524,4507,0
7893,20220219,4738,0
7893,20220219,4923,0
2125,20220419,4923,0
23916,20230530,4849,0
5787,20220228,357,0
25425,20230515,2171,0
24451,20211022,4912,0
24451,20211022,4923,0
8930,20240212,4733,0
83324,20230428,4507,0
83324,20230428,4923,0
1599,20221216,4891,0
41894,20230504,4507,0
41894,20230504,4849,0
80628,20210206,2171,0
7698,20230226,4923,0
20310,20210626,4923,0
8069,20211105,4849,0
20740,20230909,4738,0
24966,20220312,4507,0
24966,20220312,4733,0
23574,20230228,2171,0
20433,20210530,4507,0
20433,20210530,4738,0
3611,20221114,4912,0
10554,20221016,357,0
24750,20230429,357,0
10951,20230914,357,0
9842,20211101,4912,0
6044,20240130,466,0
11233,20211027,3448,0
25667,20211119,4733,0
25667,20211119,4891,0
40551,20230427,357,0
40551,20230427,466,0
80955,20210425,651,0
3051,20230121,3448,0
20702,20211220,2171,0
25805,20240217,2171,0
22758,20220217,4891,0
562,20210511,4733,0
23881,20230407,4891,0
5931,20230618,3448,0
41678,20211218,4733,0
9853,20211101,4738,0
11084,20211108,3448,0
23537,20220518,357,0
2688,20220518,4738,0
2330,20221214,4891,0
24400,20211117,4738,0
1177,20211028,466,0
23515,20220317,4891,0
20847,20210523,4733,0
2517,20220226,651,0
24871,20211216,4738,0
24871,20211216,4849,0
22022,20230506,2171,0
25598,20220915,4891,0
42670,20240128,3448,0
22809,20231101,2171,0
21018,20231228,4507,0
22867,20221115,4923,0
6789,20240212,4923,0
22869,20221206,466,0
9896,20240215,4912,0
8447,20220124,4912,0
5083,20211126,4733,0
5083,20211126,4738,0
5083,20211126,4891,0
40569,20220503,4507,0
40569,20220503,4733,0
40569,20220503,4891,0
40569,20220503,4923,0
40061,20220422,4923,-1
5671,20220406,357,0
25515,20231022,2171,0
25284,20220516,2171,0
11841,20211028,4923,0
23581,20220213,357,0
41514,20221226,3448,0
27596,20240222,4891,0
27596,20240222,4912,0
27596,20240222,4923,0
22905,20240321,357,0
22905,20240321,466,0
27735,20231220,466,0
22080,20230529,466,0
41708,20230907,4849,0
21189,20240320,466,0
20059,20230207,4733,0
24676,20211117,651,0
25295,20230108,4733,0
11786,20221222,357,0
26015,20211125,466,0
1888,20210531,4733,0
23525,20220414,357,0
22857,20220211,4733,0
22857,20220211,4738,0
21245,20231108,466,0
40094,20230503,4891,-1
42804,20230111,4849,0
42804,20230111,4923,5
83422,20231030,4891,0
40673,20231023,4923,0
24183,20231202,3448,0
7051,20221216,2171,0
25416,20221218,4733,0
25416,20221218,4891,0
22521,20230304,4733,0
8703,20221216,2171,0
5250,20240211,651,0
25571,20231103,466,0
11196,20211023,4733,0
25608,20220422,4733,0
25608,20220422,4738,0
25608,20220422,4923,0
23732,20230303,651,0
5652,20211106,4912,0
10352,20221219,357,0
21439,20211114,357,0
21439,20211114,466,0
20528,20211021,4738,0
42565,20220923,3448,-1
7495,20220530,4738,0
7495,20220530,4912,0
25648,20211215,4507,0
25648,20211215,4891,0
24684,20211215,4733,0
24684,20211215,4891,0
80782,20210223,4891,0
25884,20230129,2171,0
21535,20230226,4733,0
21535,20230226,4891,0
23239,20220413,651,0
20490,20230412,4891,0
1439,20221218,4891,0
8296,20230924,4923,0
42007,20221120,4733,0
42007,20221120,4891,0
22544,20211021,4733,0
20764,20210619,4507,0
1918,20210515,651,0
20799,20221101,4923,0
20213,20210617,466,0
9443,20220123,4912,0
26244,20220212,4849,0
41684,20231231,2171,0
21841,20220417,466,0
21894,20231123,2171,0
9968,20211029,4891,0
20560,20231228,4912,0
22944,20231029,4507,0
22340,20220414,651,0
40942,20220504,4507,0
40942,20220504,4733,0
40942,20220504,4849,0
20108,20210602,4738,0
3038,20230121,466,0
26141,20230202,2171,0
43084,20221222,4912,0
9207,20230617,4891,0
83448,20240311,4891,0
26616,20230929,4507,0
26616,20230929,4738,0
26616,20230929,4891,0
23801,20211024,4507,0
23801,20211024,4891,0
25731,20231120,651,0
10610,20230331,2171,0
21848,20220212,466,0
41533,20220305,4912,0
41533,20220305,4923,0
10992,20230113,3448,0
21751,20230905,2171,0
42673,20240322,3448,0
25464,20230406,3448,0
20445,20220213,4507,0
20445,20220213,4891,0
20445,20220213,4912,0
11411,20221219,4891,0
3025,20220331,4733,0
1761,20210613,357,0
2196,20210514,4923,0
7377,20220406,4849,0
6091,20220107,4923,0
25811,20220516,4507,0
25811,20220516,4738,0
25811,20220516,4923,0
22351,20230421,651,0
27771,20240218,4923,0
9063,20240310,4733,0
41120,20220417,4849,0
21351,20221106,4738,0
22520,20230130,4507,0
22520,20230130,4891,0
25995,20211125,357,0
7032,20231107,3448,0
24053,20221206,4738,0
24053,20221206,4891,0
22084,20221208,4507,0
22084,20221208,4733,0
22084,20221208,4738,0
22084,20221208,4849,0
22084,20221208,4891,0
22084,20221208,4912,0
22186,20220218,2171,0
25342,20230111,4733,0
25342,20230111,4849,0
25342,20230111,4923,0
20980,20211023,4738,0
20980,20211023,4891,0
24274,20211020,651,0
24810,20220313,466,0
21405,20231108,651,0
1229,20230313,3448,0
24371,20230829,357,0
24644,20211219,4912,0
4266,20240217,2171,0
82402,20211030,651,0
2259,20211013,4891,0
23677,20211021,4849,0
5338,20230226,4912,0
40808,20231122,4738,0
40808,20231122,4849,0
40808,20231122,4923,0
1179,20231106,466,0
24228,20230506,651,0
24330,20220321,4849,0
21900,20240218,651,0
20705,20221122,4733,0
41767,20240406,2171,0
40966,20231217,2171,0
23876,20230806,4738,0
3531,20211102,4849,0
3531,20211102,4912,0
24258,20220322,4849,0
400,20210529,4738,0
400,20210529,4891,0
21557,20220307,4738,0
21557,20220307,4891,0
21349,20231231,3448,0
24066,20231213,2171,0
27771,20240218,466,0
5530,20240211,4891,0
20742,20230531,4891,0
42387,20240126,4733,0
42387,20240126,4849,0
25329,20230308,357,0
25313,20240301,4891,0
27619,20240319,3448,0
21670,20220313,4849,0
41743,20220207,3448,0
24712,20240321,466,0
42631,20240222,4733,0
42631,20240222,4849,0
21411,20211020,466,0
20707,20211219,4733,0
20707,20211219,4738,0
20707,20211219,4849,0
20707,20211219,4912,0
22160,20220213,3448,0
2772,20230327,4849,0
24725,20240131,4849,0
24725,20240131,4891,0
23825,20220213,4507,0
41675,20230830,357,0
26617,20230929,4891,0
25904,20220321,2171,0
42487,20230531,4923,0
40493,20220514,3448,0
22835,20211020,4891,0
5578,20240115,4507,0
23396,20230406,4507,0
23396,20230406,4733,0
23396,20230406,4849,0
21217,20240115,4507,0
21217,20240115,4733,0
21217,20240115,4912,0
22953,20211117,4849,0
72,20210504,4507,0
3764,20230613,466,0
20630,20231205,651,0
40270,20220605,4912,0
40270,20220605,4923,0
1834,20210610,466,0
23102,20220404,4923,0
22230,20220211,3448,0
25802,20230228,2171,0
21704,20220523,4507,0
22320,20230430,4738,0
7702,20221222,4923,0
11578,20230424,4912,0
6139,20220405,4507,0
8990,20221024,4891,0
25078,20220218,4733,0
25078,20220218,4891,0
25078,20220218,4923,0
20305,20210707,4912,0
40311,20230405,651,-1
25913,20231228,466,0
42767,20220910,2171,0
83351,20230428,357,0
3525,20221228,466,0
24108,20221009,4891,0
23597,20230108,651,0
26111,20220112,4849,0
24128,20211015,2171,0
42759,20220910,466,0
8373,20220209,4507,0
10552,20221216,4891,0
26162,20240218,4912,0
21791,20240118,3448,0
23667,20221219,4733,0
24196,20230108,357,0
24196,20230108,466,0
22651,20240306,2171,0
42493,20220513,651,0
22316,20230602,4733,0
22316,20230602,4738,0
25325,20230111,651,0
24295,20220512,651,0
22039,20230201,2171,0
23173,20230505,3448,0
20595,20220218,4507,0
20595,20220218,4733,0
20595,20220218,4912,0
24938,20220321,4891,0
24938,20220321,4923,0
40494,20230603,357,0
20393,20210523,651,0
8809,20220322,4891,0
10257,20220106,4891,0
23786,20230405,4738,0
20733,20210619,651,0
1123,20240402,4849,0
1123,20240402,4923,0
27588,20240321,651,0
25280,20230303,466,0
3492,20240118,4923,0
5130,20211129,4507,0
3733,20220327,651,0
9023,20230519,4507,0
9023,20230519,4738,0
21349,20231231,4891,0
4117,20221122,466,0
41722,20230111,3448,0
22201,20230402,4738,0
21575,20220304,4891,0
25306,20230108,651,0
41830,20240214,4891,-1
41830,20240214,4912,0
25782,20230331,4923,0
25855,20220217,466,0
22963,20221110,4891,0
20603,20211129,4507,0
20603,20211129,4923,0
41712,20211206,4849,0
83346,20230428,2171,0
25450,20220611,4507,0
26868,20231121,4733,0
3042,20220131,4923,0
1671,20231007,4738,0
22622,20220113,466,0
21371,20211216,4738,0
20988,20220208,4733,0
20988,20220208,4912,0
24633,20230104,357,0
22504,20231123,466,0
24361,20221225,3448,0
27267,20231123,4733,0
9512,20211003,466,0
6907,20220420,466,0
80901,20210406,4912,0
23972,20230912,2171,0
22111,20211220,4849,0
22688,20221225,2171,0
3834,20211108,3448,0
24985,20220307,2171,0
23275,20231109,2171,0
25038,20230308,651,0
83061,20230317,4849,0
22599,20230925,2171,0
26972,20231121,357,0
41637,20230404,4891,0
21317,20221205,4733,0
4609,20220505,3448,0
6837,20220405,3448,0
2297,20221115,4891,0
21807,20220511,2171,0
6642,20211207,4912,0
25411,20211016,3448,0
7378,20230324,357,0
3235,20230923,2171,0
2693,20230414,466,0
6938,20231216,4891,0
20594,20231205,2171,0
42388,20220604,4507,0
42083,20231001,4738,0
20405,20210521,4733,0
82639,20220419,4738,0
83354,20230428,4891,0
23199,20230211,3448,0
4283,20211006,4923,0
23469,20211119,4733,0
23469,20211119,4738,0
4370,20240218,4923,0
24471,20230207,4733,0
24471,20230207,4923,0
40234,20230126,357,0
24095,20230928,3448,0
40652,20230909,2171,-1
20544,20221011,4507,0
20544,20221011,4891,0
20544,20221011,4923,0
11506,20220407,4738,0
23459,20230902,357,0
23459,20230902,466,0
21695,20230401,4507,0
3755,20230113,357,0
25042,20240301,357,0
22506,20230207,4891,0
20678,20221027,357,0
59,20210416,651,0
22032,20230226,4733,0
22032,20230226,4891,0
21769,20220322,357,0
6708,20211102,3448,0
6541,20230919,357,0
20021,20230406,651,0
40577,20220503,4912,0
23931,20211113,4849,0
20673,20231228,4507,0
24948,20220416,4923,0
9652,20210928,4507,0
9652,20210928,4912,0
22162,20220218,2171,0
42762,20221207,357,0
22859,20220314,3448,0
40554,20220210,4849,0
42644,20240222,4507,0
24111,20221205,4738,0
24111,20221205,4912,0
21335,20220120,4891,0
21335,20220120,4923,0
21331,20220120,4733,0
21331,20220120,4891,0
23372,20230506,466,0
21772,20230508,4923,0
8943,20220228,3448,0
43055,20230406,2171,0
8349,20230423,357,0
11532,20231208,3448,0
22729,20220510,466,0
24361,20221225,2171,0
25704,20231109,4923,0
22473,20220513,3448,0
23500,20240306,4849,0
7792,20231228,4923,0
22048,20230201,2171,0
23837,20230108,4912,0
8286,20230924,2171,0
25610,20220516,4738,0
25610,20220516,4891,0
20671,20230926,2171,0
80958,20210425,4507,0
80958,20210425,4733,0
80958,20210425,4849,0
9201,20230523,651,0
23617,20230310,4738,0
23617,20230310,4891,0
20693,20231031,4891,0
25243,20231206,2171,0
9208,20230512,357,0
9208,20230512,466,0
10584,20240313,4738,0
24245,20220509,2171,0
22017,20230211,4891,0
22411,20211119,4733,0
6387,20211008,4738,0
22537,20240304,4738,0
22691,20220417,4507,0
22691,20220417,4849,0
22691,20220417,4912,0
22691,20220417,4923,0
23682,20211215,4891,0
23682,20211215,4912,0
1660,20240102,4891,0
22857,20220211,466,0
24390,20231002,357,0
40480,20230408,4733,0
7476,20220505,3448,0
26204,20221224,466,0
26017,20210923,4849,0
26017,20210923,4891,0
20328,20240217,651,0
2875,20230824,357,0
2875,20230824,466,0
42498,20220529,466,0
23839,20230108,4912,0
6234,20221026,4733,0
6234,20221026,4849,0
25834,20230108,3448,0
2011,20221219,4923,0
22238,20210927,4891,0
24140,20231011,4738,0
25985,20230925,651,0
21562,20220208,2171,0
22845,20231011,466,0
1333,20240204,4733,0
22000,20220516,4923,0
25076,20220218,3448,0
22826,20221011,651,0
20652,20220414,4912,0
20652,20220414,4923,0
2383,20211129,4738,0
25618,20220419,4891,0
24600,20221114,4891,0
22236,20220125,2171,0
42506,20230501,2171,0
42795,20221013,466,0
1133,20220406,4507,0
40909,20240131,4891,-1
21525,20230201,357,0
21536,20221202,2171,0
25636,20240118,651,0
23220,20220510,3448,0
26058,20221105,466,0
9065,20230402,466,0
42533,20230602,4912,0
42533,20230602,4923,0
24317,20230402,4507,0
40677,20230928,3448,0
25268,20211117,651,0
23127,20220211,4849,0
8076,20221002,4923,0
23676,20221124,466,0
25310,20240131,357,0
21218,20230209,357,0
80785,20210223,4891,0
21796,20220523,4923,0
41001,20240128,2171,0
22341,20230509,4733,0
76,20210529,4507,0
23960,20210921,4738,0
23960,20210921,4912,0
25722,20231120,2171,0
21481,20231009,4507,0
20780,20210620,4923,0
8679,20211211,4891,0
23201,20220121,4912,0
20126,20230207,3448,0
25393,20231031,3448,0
41603,20230502,4733,0
228,20210416,4912,0
25971,20211219,4733,0
25971,20211219,4891,0
25971,20211219,4923,0
41647,20220316,4912,0
22517,20221009,4507,0
22517,20221009,4733,0
10231,20221027,357,0
2010,20230913,4891,0
20048,20230406,3448,0
42964,20240215,3448,0
2032,20231212,4923,0
40080,20240217,4923,0
5543,20231210,4923,0
40059,20240222,3448,0
25183,20230104,466,0
8386,20220308,466,0
80729,20210402,3448,0
40227,20220316,357,0
21364,20221124,466,0
1671,20231007,2171,0
11549,20230524,3448,0
23366,20220413,4891,0
22278,20231202,2171,0
42021,20220610,4738,0
23352,20220413,2171,0
21263,20211106,466,0
41753,20240317,4912,-1
83349,20230428,4733,0
83349,20230428,4912,0
24945,20220321,4891,0
22114,20231214,4507,0
22114,20231214,4891,0
24051,20231123,4891,0
3939,20220203,4891,0
24334,20220611,2171,0
6100,20220530,4923,0
20022,20230406,4923,0
42128,20230615,651,0
3999,20230924,4849,0
22872,20220209,4733,0
23623,20220407,2171,0
4076,20220123,4733,0
41710,20230811,2171,0
83223,20221210,4891,0
42250,20211218,3448,0
22299,20220416,4923,0
26247,20220307,4507,0
21087,20210609,466,0
42759,20220910,4849,0
42759,20220910,4912,0
22330,20230406,357,0
81102,20210512,4923,0
10862,20220323,4507,0
10862,20220323,4912,0
20683,20231228,466,0
26211,20230228,3448,0
20660,20230209,4891,0
20660,20230209,4912,0
7748,20221129,3448,0
21082,20220321,4891,0
20634,20230429,2171,0
42573,20221127,466,0
23847,20230108,3448,0
7066,20221026,3448,0
42428,20231211,4849,0
25631,20211119,4849,0
5005,20231012,2171,0
22191,20240102,2171,0
26063,20211117,4738,0
3969,20240217,3448,0
2377,20230227,4733,0
2377,20230227,4891,0
21652,20211026,3448,0
11759,20221216,4891,0
20822,20210621,466,0
6210,20211112,4733,0
23262,20240304,2171,0
41954,20231119,466,0
22029,20230505,4733,0
22029,20230505,4912,0
22522,20211023,4912,0
25392,20230108,4912,0
7074,20230126,4891,0
20694,20211024,4738,0
20694,20211024,4891,0
23122,20220212,651,0
5252,20220515,4912,0
22044,20220312,2171,0
3947,20230211,4912,0
6408,20221018,4891,0
3930,20231207,3448,0
25967,20230904,4738,0
80648,20210205,2171,0
24809,20220202,466,0
22048,20230201,4507,0
22048,20230201,4738,0
22048,20230201,4891,0
20196,20240223,4891,0
20237,20220322,4891,0
27645,20231230,466,0
9153,20240118,2171,0
21889,20230930,466,0
41777,20220101,4891,0
22208,20230111,4507,0
22208,20230111,4733,0
22208,20230111,4891,0
83320,20230428,4891,0
27614,20231230,4912,0
22571,20211219,2171,0
25482,20230506,4507,0
1874,20210617,4849,0
26870,20240216,4507,0
2280,20211013,466,0
22379,20210923,4733,0
22379,20210923,4891,0
20773,20210522,4507,0
20773,20210522,4891,0
43051,20230412,4891,0
21164,20210619,4738,0
23499,20240203,4849,0
1628,20221216,651,0
24936,20230308,466,0
21276,20221009,4849,0
25028,20220204,4923,0
41903,20230601,4733,0
41903,20230601,4738,0
21842,20211210,2171,0
22509,20221105,651,0
25274,20220314,4507,0
27824,20240218,4891,0
41721,20211218,4733,0
41721,20211218,4849,0
25563,20230613,4891,0
25303,20221216,2171,0
40952,20230209,4891,0
25129,20230331,4738,0
25820,20220430,4923,0
25672,20221105,357,0
2797,20230521,4891,0
23676,20221124,4891,0
27733,20231220,651,0
21213,20230401,4507,0
21749,20220113,4507,0
21749,20220113,4733,0
21749,20220113,4738,0
26973,20231122,4738,0
41722,20230111,2171,0
40676,20221224,466,-1
1666,20230919,4912,0
1666,20230919,4923,0
5539,20231210,357,0
41137,20240203,4738,0
83405,20230926,2171,0
24274,20211020,3448,0
42419,20231122,651,0
4844,20221019,466,0
9796,20240115,4738,0
11329,20240129,3448,0
23799,20220318,4912,0
23799,20220318,4923,0
9022,20230609,4738,0
8968,20221030,4733,0
21375,20220208,651,0
23079,20220227,466,0
26044,20221114,2171,0
25736,20211015,357,0
22665,20220321,4733,0
22665,20220321,4849,0
22665,20220321,4912,0
42483,20230310,4912,0
20618,20240129,2171,0
22103,20231010,4738,0
22103,20231010,4891,0
23818,20230913,4891,0
22456,20230421,651,0
42547,20230602,4738,0
23870,20220522,4912,0
25205,20230414,4923,0
6400,20211008,4849,0
6400,20211008,4891,0
3072,20211025,4891,0
40107,20230502,2171,0
22772,20230402,357,0
3044,20221218,2171,0
10907,20221020,4849,0
41448,20230927,3448,0
25739,20230107,3448,0
21817,20230506,4738,0
11922,20211210,3448,0
11329,20240129,4912,0
20675,20211219,4733,0
20675,20211219,4738,0
41682,20230829,4733,0
41682,20230829,4738,0
41682,20230829,4891,-1
5146,20211202,4738,0
5146,20211202,4849,0
23867,20230407,4738,0
8091,20231102,4912,0
2706,20221222,2171,0
24495,20231029,4507,0
24495,20231029,4733,0
24495,20231029,4849,0
24495,20231029,4891,0
20738,20210523,4891,0
20381,20220221,4891,0
42665,20220217,4733,0
21733,20231214,2171,0
23306,20230824,651,0
20902,20210626,4507,0
20902,20210626,4733,0
22769,20230506,3448,0
2001,20231102,651,0
20766,20210522,357,0
21604,20240327,357,0
4717,20220306,357,0
22907,20230304,4738,0
27433,20240118,2171,0
80649,20210220,3448,0
10357,20211210,3448,0
21214,20240327,4507,0
20201,20220322,2171,0
23564,20230326,466,0
22755,20230405,466,0
41955,20231119,3448,0
20451,20220416,2171,0
26212,20220112,4733,0
20723,20230207,651,0
83411,20231006,4912,0
3061,20220109,4923,0
1672,20211201,4923,0
6132,20230614,4733,0
6132,20230614,4849,0
11412,20221001,4891,0
42,20210412,4849,0
42,20210412,4891,0
20835,20210522,466,0
2233,20230906,4923,0
26206,20230201,3448,0
23791,20220414,3448,0
24291,20220321,4738,0
3609,20211128,4912,0
25350,20220218,4738,0
25350,20220218,4923,0
23830,20230919,357,0
5923,20230527,3448,0
23160,20230531,4738,0
25303,20221216,651,0
5400,20230915,3448,0
1303,20231022,466,0
7648,20220401,4849,0
22215,20230308,4733,0
23917,20230829,466,0
9802,20211104,357,0
21600,20230609,2171,0
24829,20220226,4891,0
21401,20211023,4738,0
4569,20220428,357,0
23967,20231020,2171,0
26277,20221004,4912,0
23811,20220129,651,0
9977,20220326,4923,0
9300,20230327,4507,0
20511,20210628,357,0
21310,20211021,651,0
81109,20210513,4738,0
81109,20210513,4923,0
42530,20230602,466,0
80741,20210306,4733,0
40730,20230814,4507,0
40730,20230814,4738,0
25872,20220221,2171,0
24213,20240311,4891,0
20717,20240203,4738,0
7990,20230529,466,0
23515,20220317,3448,0
1812,20231022,3448,0
41621,20230404,651,0
41292,20220305,3448,0
22862,20221113,2171,0
23360,20230308,4923,0
24546,20220307,4891,0
22057,20230317,4891,0
22512,20221207,4738,0
9274,20220106,4923,0
20191,20240223,4507,0
10530,20221028,357,0
1798,20240110,4733,0
20197,20240218,4891,0
42080,20230615,3448,0
4594,20220112,4733,0
1201,20240402,3448,0
21877,20211115,4733,0
6208,20220406,2171,0
24007,20211019,4923,0
27645,20231230,4507,0
27645,20231230,4733,0
27645,20231230,4849,0
23671,20221208,4733,0
561,20210510,651,0
42250,20211218,466,0
22882,20211029,4891,0
24778,20220314,4891,0
24778,20220314,4923,0
26101,20240217,2171,0
24173,20211219,4507,0
24173,20211219,4733,0
24173,20211219,4738,0
24173,20211219,4891,0
20939,20231028,4891,0
24253,20230228,2171,0
80618,20210328,4849,0
40551,20230427,2171,0
22197,20220317,4507,0
22436,20210923,4507,0
22436,20210923,4891,0
25130,20230508,466,0
25338,20220413,4733,0
25338,20220413,4738,0
21987,20220523,466,0
9190,20221224,2171,0
22542,20231019,4507,0
24140,20231011,466,0
4799,20230402,4891,0
4799,20230402,4912,0
20732,20210621,4891,0
24173,20211219,2171,0
24337,20240321,4923,0
20650,20230331,4891,0
25824,20230107,4733,0
25824,20230107,4738,0
20441,20221209,4923,0
21816,20220511,4507,0
6311,20240130,4923,0
25991,20211026,4891,0
25991,20211026,4912,0
23931,20211113,2171,0
22116,20211020,2171,0
40106,20230504,651,0
22172,20230303,2171,0
23188,20230527,4923,0
20264,20211219,4738,0
43019,20230417,4923,0
25182,20220428,3448,0
22037,20231228,3448,0
20543,20231203,357,0
22738,20220402,4923,0
22490,20230207,466,0
3257,20220106,466,0
3268,20211013,4923,0
2777,20240218,4923,0
42958,20240118,4733,-1
40987,20240128,4849,0
40987,20240128,4891,0
25039,20211119,3448,2
9857,20231107,466,0
9311,20220109,4733,0
25353,20220217,4912,0
11416,20231020,357,0
21126,20220508,466,0
23581,20220213,4738,0
23581,20220213,4923,0
22647,20220322,2171,0
42442,20231211,357,0
22371,20230828,2171,0
9033,20240308,4849,0
24480,20220315,4733,0
24410,20231002,4923,0
4631,20240114,2171,0
368,20210419,651,0
24236,20220531,4733,0
25208,20221209,357,0
41441,20230202,4891,0
42544,20220612,4507,0
20121,20210605,4733,0
41075,20240222,3448,0
23340,20220419,4733,0
25436,20230529,2171,0
6935,20211201,3448,0
1226,20210612,466,0
21915,20231220,2171,0
25470,20230509,466,0
25318,20230208,466,0
21446,20211114,3448,0
80654,20210205,3448,0
24476,20230207,4507,0
24476,20230207,4738,0
24476,20230207,4912,0
24476,20230207,4923,0
41146,20230407,3448,-1
42011,20220611,3448,0
40333,20230916,4738,0
40333,20230916,4849,0
40333,20230916,4912,-1
40333,20230916,4923,0
24947,20220321,466,0
41137,20240203,2171,0
9941,20220228,357,0
2831,20220525,3448,0
21696,20230410,4733,0
10559,20221115,2171,0
6298,20230112,357,0
1383,20221216,4891,0
21490,20210930,4891,0
21490,20210930,4923,0
25157,20240327,4507,0
2749,20211002,4738,0
2749,20211002,4923,0
25655,20221009,4891,0
25655,20221009,4923,0
22721,20230406,2171,0
42672,20230401,466,0
21971,20220513,651,0
8912,20220308,357,0
41895,20220612,2171,0
1492,20231210,3448,0
25118,20220413,4891,0
7796,20231006,4912,0
10797,20220601,651,0
40092,20230531,4738,0
42795,20221013,4733,0
5686,20211207,4849,0
23316,20231005,4923,0
83391,20230616,4891,0
22928,20211215,4733,0
22928,20211215,4738,0
22928,20211215,4912,0
23600,20240113,4912,0
1304,20230611,4507,0
4832,20221017,3448,0
41931,20230502,357,0
83383,20230807,357,0
41099,20230511,3448,0
8081,20230613,2171,0
40894,20240212,4738,0
24318,20230402,466,0
25309,20220318,4912,0
26102,20221110,466,0
22055,20230328,2171,0
23918,20230529,2171,0
2108,20240112,4891,0
150,20210418,4738,0
40482,20220418,4923,0
26225,20220210,4849,0
23454,20230611,4507,0
6497,20221030,4733,0
24915,20220314,2171,0
42481,20230503,2171,0
6827,20240317,466,0
22007,20220430,2171,0
4383,20230418,466,0
1547,20221028,357,0
83405,20230926,4733,0
3279,20211101,4912,0
20355,20240316,4891,0
3401,20230824,4923,0
26066,20211116,466,0
24910,20230401,4738,0
23715,20220114,4733,0
25814,20220314,357,0
25739,20230107,4738,0
81060,20210324,4733,0
42573,20221127,3448,0
5089,20220220,4891,0
22314,20230408,4849,0
22314,20230408,4923,0
22934,20230125,2171,0
1928,20210521,4891,0
7051,20221216,4891,0
7051,20221216,4923,0
22641,20230312,466,0
41114,20240301,3448,0
23616,20230406,651,0
23389,20230525,4733,0
27730,20231220,4733,0
6239,20231110,2171,0
42994,20220113,2171,0
23054,20220923,4891,0
27436,20231123,4507,0
27436,20231123,4738,0
2224,20211129,466,0
23157,20230505,4923,0
23228,20230124,4507,0
23228,20230124,4733,0
23228,20230124,4891,0
506,20210529,4891,0
20838,20221105,4891,0
20838,20221105,4923,0
2083,20240114,2171,0
24728,20230906,466,0
24609,20231120,4891,0
7757,20231213,4733,0
80633,20210107,4923,0
80617,20201223,651,0
11893,20211001,4923,0
41949,20221201,4912,0
7534,20220403,651,0
23265,20220307,4891,0
22553,20211022,466,0
11343,20221220,2171,0
81067,20210327,4507,0
3679,20230120,466,0
25687,20211020,4912,0
40955,20240107,4891,0
22572,20211015,4849,0
8921,20220330,357,0
41499,20230310,4738,0
26274,20221110,357,0
40979,20230405,4507,0
40979,20230405,4891,0
22754,20220512,2171,0
41072,20230530,4507,0
23415,20211218,466,0
20951,20230928,4738,0
20951,20230928,4923,0
40590,20220111,3448,0
83336,20230427,4738,0
83336,20230427,4891,0
80666,20210402,466,0
25780,20230205,2171,0
11051,20220427,3448,0
10539,20231006,4733,0
22879,20230108,651,0
9516,20231012,4738,0
9516,20231012,4923,0
5522,20240214,2171,0
21258,20231022,357,0
25221,20231207,4733,0
25221,20231207,4849,0
6710,20231211,3448,0
21814,20230502,2171,0
25625,20230405,4507,0
25625,20230405,4912,0
25625,20230405,4923,0
27574,20231220,4891,0
24055,20230207,4849,0
5914,20230411,466,0
2049,20231020,3448,0
24677,20220202,2171,0
24485,20231018,466,0
80679,20210315,466,0
9201,20230523,4733,0
9201,20230523,4849,0
42794,20220923,466,0
42875,20240128,2171,0
11201,20211104,2171,0
22154,20230205,4507,0
22154,20230205,4891,0
22154,20230205,4912,0
24515,20211021,4738,0
42994,20220113,4733,0
23741,20220121,466,0
22981,20220305,4923,0
23304,20221220,466,0
23732,20230303,3448,0
20263,20220506,4923,0
41285,20240310,651,0
25052,20220416,4733,0
21600,20230609,357,0
41620,20240220,4912,0
41443,20230125,651,0
24449,20211116,4891,0
25275,20220126,4923,0
7659,20220915,4733,0
21084,20220321,466,0
6158,20240317,466,0
26102,20221110,4891,0
9753,20240118,466,0
24250,20230202,2171,0
25088,20220218,4507,0
25088,20220218,4733,0
25088,20220218,4923,0
23596,20230303,4733,0
23596,20230303,4923,0
23615,20220425,466,0
23817,20211114,4891,0
27682,20231215,651,0
9549,20230430,4891,0
25218,20220529,4891,0
23884,20230829,466,0
5969,20220405,4733,0
80790,20210223,4891,0
42499,20220514,466,0
42806,20221013,357,0
25041,20240218,651,0
25189,20230201,466,0
6144,20221230,4923,0
22211,20220509,651,0
26097,20240313,4891,0
24290,20230211,4912,0
20965,20221205,357,0
21590,20230208,4891,0
24295,20220512,466,0
24968,20220312,466,0
21701,20230611,4923,0
21593,20230208,4891,0
25296,20230111,4923,0
42607,20221126,3448,0
2298,20221214,651,0
41128,20240301,357,0
21633,20220315,4738,0
4967,20220913,466,0
40108,20230502,3448,0
22150,20220212,4507,0
25382,20211114,4733,0
24111,20221205,651,0
23624,20221209,651,0
25397,20221013,4733,0
25397,20221013,4738,0
25634,20231002,466,0
42490,20220426,4891,0
82266,20211030,4849,0
82266,20211030,4891,0
82266,20211030,4912,0
82266,20211030,4923,0
25360,20230331,2171,0
22610,20221207,466,0
21189,20240320,3448,0
25044,20240306,4891,0
24471,20230207,357,0
23849,20240105,4849,0
24200,20230424,2171,0
21312,20211019,357,0
10273,20221214,4891,0
20964,20211119,4738,0
42411,20230603,4507,0
25653,20220121,466,0
41257,20230327,4891,0
22447,20220522,651,0
80959,20210424,4849,0
23137,20220127,4738,0
22915,20220509,2171,0
25154,20221209,4733,0
25154,20221209,4891,0
83245,20230507,4738,0
26053,20240227,651,0
41131,20230407,2171,0
26091,20231217,2171,0
25848,20211020,466,0
24471,20230207,651,0
5808,20220604,4849,0
6004,20230918,4923,0
24920,20230507,4849,0
25901,20220321,3448,0
23149,20240321,466,0
25236,20211021,466,0
11951,20221226,3448,0
7722,20230422,3448,0
25271,20220530,651,0
11239,20211031,3448,0
25488,20230423,4891,0
24336,20240321,651,0
3015,20220204,4849,0
3015,20220204,4891,0
21640,20230530,2171,0
4381,20240308,4891,0
23342,20220323,4849,0
24415,20221111,2171,0
42659,20230428,4923,0
11234,20211024,3448,0
23755,20230308,3448,0
24610,20220228,4738,0
23987,20230909,4507,0
1224,20210531,4733,0
22658,20230312,466,0
22432,20230507,357,0
21906,20240219,3448,0
24450,20220209,4849,0
23918,20230529,3448,0
11348,20211207,651,0
21741,20231111,4891,0
20399,20210618,466,0
24409,20211013,4891,0
22318,20230408,4912,0
24893,20231031,2171,0
41568,20240222,4912,-1
8932,20220425,466,0
1382,20211208,4923,0
25294,20230108,651,0
4478,20240407,4738,0
4478,20240407,4923,0
495,20210504,4891,0
495,20210504,4912,0
23803,20211024,357,0
22334,20230308,4849,0
22334,20230308,4923,0
24738,20240130,466,0
22836,20211126,3448,0
25349,20230207,651,0
2981,20220504,3448,0
22588,20230926,4738,0
42534,20230419,651,0
22006,20230201,4507,0
22006,20230201,4849,0
24342,20240320,357,0
24342,20240320,466,0
25008,20211023,357,0
25153,20221209,3448,0
41032,20230419,4507,0
23122,20220212,4738,0
24916,20220314,4738,0
43059,20220227,4923,0
22417,20211021,4849,0
4770,20240102,4891,0
82633,20220130,3448,0
21718,20210930,4507,0
1623,20240102,651,0
24307,20220512,651,0
21907,20240219,466,0
25074,20220218,4733,0
25074,20220218,4891,0
23474,20230225,466,0
7652,20231212,3448,0
22357,20230927,651,0
22952,20221009,4849,0
20835,20210522,4738,0
4686,20230913,4923,0
1691,20230917,3448,0
1450,20240302,3448,0
42388,20220604,466,0
25006,20211023,4891,0
25006,20211023,4923,0
21137,20240327,4507,0
21137,20240327,4912,0
11541,20220402,4738,0
10176,20230120,357,0
6989,20221115,4912,0
3248,20221027,4733,0
7249,20221122,4923,0
26006,20211119,4507,0
26006,20211119,4912,0
23950,20221009,4891,0
22375,20211020,466,0
10597,20230416,466,0
24983,20220313,4507,0
24983,20220313,4912,0
23350,20220414,466,0
41954,20231119,2171,0
23138,20220218,4733,0
23138,20220218,4891,0
23921,20220611,4738,0
25465,20230313,4738,0
25465,20230313,4923,0
22870,20220209,466,0
42117,20230528,4738,0
23738,20230303,4733,0
23738,20230303,4849,0
42308,20230923,4849,-1
42308,20230923,4891,0
23993,20211122,4891,0
20630,20231205,357,0
20630,20231205,466,0
25204,20230415,2171,0
40502,20220514,466,0
11780,20221125,4891,0
25389,20211125,4891,0
40704,20231231,4849,-1
40704,20231231,4891,-1
40704,20231231,4923,0
21813,20240215,357,0
25740,20230925,4912,0
6307,20221214,651,0
21379,20220306,4891,0
25818,20230104,3448,0
24908,20230525,4507,0
22931,20231125,2171,0
40945,20230502,466,0
23595,20230228,4849,0
21450,20230202,4507,0
21450,20230202,4733,0
83334,20230427,4507,0
83334,20230427,4923,0
20343,20240317,4849,0
23788,20230308,3448,0
3793,20231104,4738,0
41916,20230504,4923,0
21204,20210519,466,0
23546,20220610,2171,0
22788,20211216,4507,0
22788,20211216,4733,0
21329,20220120,2171,0
20275,20220321,4733,0
24367,20231029,651,0
8916,20220423,4891,0
1805,20230920,4923,0
41814,20240220,3448,-1
42423,20220416,466,0
25321,20220318,4733,0
21712,20240102,357,0
8943,20220228,4923,0
26256,20220125,2171,0
6196,20230128,2171,0
24534,20240309,3448,0
22807,20211015,4733,0
22807,20211015,4923,0
80722,20210328,4849,0
22757,20220218,4733,0
22757,20220218,4891,0
24198,20220516,4733,0
20393,20210523,4507,0
20393,20210523,4733,0
20393,20210523,4891,0
440,20210420,466,0
41030,20230305,4738,0
40896,20231121,466,0
2550,20221219,3448,0
6962,20231004,651,0
25783,20230401,4849,0
25783,20230401,4912,0
20725,20230407,357,0
23149,20240321,3448,0
20360,20230129,4733,0
23907,20220426,4738,0
24466,20230108,651,0
41655,20220316,4733,0
41655,20220316,4891,0
25489,20230410,4923,0
20839,20211030,2171,0
25513,20211016,4733,0
41656,20220217,2171,0
3772,20220401,4738,0
4514,20220327,4912,0
22480,20230410,2171,0
6473,20230424,3448,0
25088,20220218,466,0
22634,20230303,4849,0
22634,20230303,4912,0
20726,20230502,4733,0
20726,20230502,4923,0
22810,20221124,4891,0
26139,20211024,4507,0
26139,20211024,4849,0
10612,20240409,4849,0
9113,20230913,651,0
22514,20230208,4507,0
22514,20230208,4912,0
22434,20221008,4891,0
6925,20231102,4912,0
21311,20210923,4849,0
21311,20210923,4891,0
22602,20211014,651,0
25702,20231101,466,0
7507,20220326,357,0
11538,20211207,4849,0
23782,20220120,357,0
5929,20230519,2171,0
41543,20230126,4507,0
41543,20230126,4733,-1
25388,20221114,4891,0
25898,20230505,4733,0
42693,20240128,357,0
43054,20240305,4507,0
1266,20240109,4849,0
40815,20230616,4738,0
40815,20230616,4849,-1
25731,20231120,4738,0
7369,20220309,466,0
42731,20231217,651,0
25305,20230108,357,0
22901,20221114,4912,0
22004,20230104,3448,0
26173,20210921,357,0
20986,20231002,651,0
21167,20210521,651,0
23920,20230208,4507,0
23914,20240229,2171,0
23780,20220120,651,0
25468,20230406,4507,0
25468,20230406,4738,0
25468,20230406,4849,0
9963,20211211,4733,0
7666,20230914,4733,0
3788,20231207,357,0
27600,20240321,4733,0
27600,20240321,4738,0
24981,20220213,651,0
2487,20220103,4923,0
23794,20220218,4891,0
26066,20211116,4738,0
26066,20211116,4891,0
9293,20220309,2171,0
42797,20240128,4912,0
42797,20240128,4923,0
221,20210412,4738,0
25398,20231108,4891,0
7931,20230113,4507,0
5175,20211129,357,0
20246,20240216,4507,0
25903,20220414,357,0
20352,20231208,2171,0
8793,20220208,4738,0
23847,20230108,357,0
23847,20230108,466,0
41757,20220111,3448,0
21985,20220516,4923,0
22598,20211206,4507,0
22598,20211206,4733,0
22598,20211206,4849,0
40955,20240107,651,-1
25567,20210923,4849,0
22305,20230501,2171,0
4704,20220124,4738,0
22379,20210923,466,0
11648,20211102,4912,0
21888,20211205,3448,0
11927,20220225,357,0
25482,20230506,466,0
21336,20231231,4733,0
21336,20231231,4891,0
26005,20211116,466,0
6420,20221028,357,0
23414,20211212,4733,0
23414,20211212,4891,0
9249,20230328,466,0
24238,20221224,466,0
80658,20210220,651,0
22490,20230207,2171,0
22220,20220512,651,0
26023,20230104,4891,0
20930,20210522,4738,0
6245,20221026,4507,0
5258,20240318,4923,0
25083,20220218,4891,0
26260,20210923,4733,0
26260,20210923,4891,0
26941,20240223,466,0
22650,20230331,4891,0
22838,20230929,651,0
25187,20231125,4507,0
25187,20231125,4891,0
41487,20220316,4738,0
41610,20220316,357,0
5845,20230914,4912,0
5845,20230914,4923,0
25470,20230509,2171,0
27080,20231119,4738,0
8945,20211207,4923,0
20754,20230505,651,0
22005,20230104,4733,0
23208,20210921,4738,0
23208,20210921,4891,0
20645,20220120,4923,0
25855,20220217,651,0
6229,20231110,4733,0
20656,20220607,2171,0
41253,20230112,651,-1
42174,20220315,4923,0
20607,20220317,4891,0
25643,20220120,3448,0
22377,20210921,357,0
22377,20210921,466,0
81059,20210324,4507,0
23209,20210921,466,0
10752,20240117,4849,0
83409,20230930,4733,0
83409,20230930,4738,0
3160,20220407,4738,0
23406,20211212,4733,0
23406,20211212,4738,0
23406,20211212,4891,0
24197,20230120,4891,0
25507,20230927,4507,0
25507,20230927,4923,0
5824,20230415,4733,0
5824,20230415,4923,0
25083,20220218,651,0
11946,20230316,466,0
1198,20210603,4733,0
20744,20210705,4733,0
20744,20210705,4738,0
23307,20220914,4849,0
2716,20221028,4891,0
25751,20231109,4891,0
23903,20220514,4912,0
22695,20221223,651,0
3662,20240113,4923,0
22594,20211016,4849,0
2578,20220308,4891,0
24716,20230925,2171,0
41709,20231101,4849,0
7928,20220918,4849,0
22050,20220312,4923,0
3610,20221017,4891,0
23518,20211119,651,0
41653,20220217,466,0
41899,20230602,2171,0
22039,20230201,651,0
26206,20230201,466,0
4750,20220123,4891,0
3551,20211201,4912,0
22386,20210921,4738,0
22386,20210921,4891,0
25180,20230512,4849,0
40316,20220913,4733,0
21908,20240219,651,0
41662,20220316,4912,0
42179,20240322,4849,0
42179,20240322,4891,0
27737,20240212,4891,0
10767,20220109,4507,0
22174,20220121,651,0
42439,20221106,4738,-1
23098,20230104,357,0
23098,20230104,466,0
11390,20211205,4738,0
2127,20220423,651,0
24877,20231108,4912,0
43023,20221119,4733,0
43023,20221119,4738,0
43023,20221119,4849,0
43023,20221119,4891,-1
43023,20221119,4912,1
26241,20220211,4738,0
23917,20230829,4923,0
2298,20221214,4891,0
27621,20240321,4507,0
8060,20230923,651,0
22787,20231021,4912,0
25693,20230904,4507,0
25693,20230904,4738,0
40536,20230406,2171,0
42534,20230419,357,0
4127,20211105,4507,0
23918,20230529,4923,0
23396,20230406,651,0
25151,20211218,4923,0
82401,20211120,2171,0
20825,20210618,4738,0
20825,20210618,4849,0
20989,20211116,4733,0
3416,20221012,3448,0
82262,20211030,4738,0
82262,20211030,4891,0
82262,20211030,4912,0
20598,20220317,4849,0
22788,20211216,2171,0
20820,20220601,466,0
42387,20240126,357,-1
5425,20211028,4912,0
21167,20210521,4891,0
20389,20210619,357,0
7144,20221219,4891,0
21621,20230402,466,0
5908,20240320,357,0
5908,20240320,466,0
21563,20220311,4849,0
21563,20220311,4891,0
20989,20211116,357,0
42661,20240322,4912,0
21961,20220511,651,0
22926,20220221,4849,0
42757,20220910,651,0
83322,20230428,4738,0
25342,20230111,466,0
42573,20221127,651,0
42807,20230120,4849,0
42807,20230120,4891,0
80651,20210328,2171,0
25504,20221104,4912,0
25504,20221104,4923,0
42530,20230602,651,0
23930,20220917,4849,0
23078,20221105,4507,0
23078,20221105,4891,0
43060,20220503,2171,0
25297,20220413,4738,0
25297,20220413,4891,0
24374,20231108,2171,0
22622,20220113,3448,0
43030,20240107,357,0
2190,20240129,4507,0
2190,20240129,4733,0
21516,20230228,2171,0
25427,20230531,2171,0
22403,20230602,4507,0
5548,20231215,466,0
20488,20230104,4733,0
80657,20210331,4507,0
80699,20210305,4849,0
80699,20210305,4912,0
3287,20230423,466,0
9268,20220308,4912,0
22202,20220510,4891,0
23675,20211120,4891,0
7041,20211127,4912,0
11023,20220102,2171,0
24168,20211219,3448,0
26246,20220212,466,0
83243,20230325,4923,0
3665,20230415,2171,0
26090,20240217,3448,0
11868,20230925,4733,0
6959,20230914,4738,0
25933,20220923,466,0
22902,20231231,466,0
10563,20231103,4507,0
20792,20240302,357,0
22415,20221106,4507,0
22415,20221106,4733,0
22415,20221106,4891,0
83429,20240302,651,0
8285,20221114,4891,0
40857,20220910,4891,0
9033,20240308,466,0
7061,20230209,4891,0
25898,20230505,466,0
24437,20230205,4738,0
40963,20220416,4849,0
81105,20210512,4507,0
22511,20230207,4923,0
6754,20221125,2171,0
25144,20230211,2171,0
24445,20211023,2171,0
6413,20211005,4891,0
23597,20230108,3448,0
80660,20210131,466,0
43067,20221228,4849,0
9443,20220123,651,0
24657,20230414,651,0
23923,20230211,4733,0
23923,20230211,4891,0
23923,20230211,4923,0
21333,20220120,357,0
26232,20231031,4733,0
26232,20231031,4849,0
4262,20240211,3448,0
42633,20221206,357,0
21548,20230226,4738,0
20408,20210705,651,0
21675,20220422,651,0
42967,20240220,2171,0
24095,20230928,4891,0
10776,20230524,4891,0
4595,20220505,4738,0
4595,20220505,4923,0
8327,20220530,2171,0
41698,20230822,4891,0
41698,20230822,4912,0
10693,20211031,4507,0
42419,20231122,466,0
22899,20230329,4891,0
22899,20230329,4923,0
3751,20230129,4912,0
24878,20231108,466,0
7760,20220124,4891,0
7760,20220124,4912,0
7760,20220124,4923,0
22883,20230108,4738,0
22883,20230108,4912,0
20971,20211022,2171,0
22849,20221124,466,0
1830,20210617,4738,0
21957,20230208,4738,0
21957,20230208,4849,0
13,20210407,4891,0
23981,20211117,2171,0
11502,20220210,3448,0
6871,20220124,4733,0
6871,20220124,4923,0
20235,20210522,651,0
4402,20220205,4912,0
20624,20220218,2171,0
20824,20210617,466,0
7735,20220406,357,0
25354,20240329,2171,0
10503,20220405,4912,0
4310,20221224,4849,0
4310,20221224,4912,0
4310,20221224,4923,0
24358,20211207,4507,0
23868,20230406,4738,0
23868,20230406,4849,0
20403,20210609,651,0
9079,20230227,4891,0
25331,20230208,4738,0
2557,20211130,3448,0
21591,20230208,4507,0
21591,20230208,4912,0
10233,20231111,2171,0
41660,20230404,4733,0
21580,20210923,4891,0
25666,20220120,4891,0
3148,20220104,466,0
66,20210406,4849,0
25952,20230925,4507,0
42405,20230407,4507,0
26964,20231121,4738,0
26964,20231121,4891,0
26964,20231121,4923,0
24963,20220321,4507,0
24963,20220321,4849,0
21770,20230507,4923,0
3645,20240216,4923,0
41624,20220513,4912,0
41624,20220513,4923,0
41684,20231231,4738,0
25913,20231228,4733,0
25913,20231228,4891,0
27621,20240321,357,0
10351,20220405,4507,0
23924,20240310,4507,0
23924,20240310,4738,0
20502,20210531,466,0
25868,20220529,2171,0
11767,20211204,4733,0
20502,20210531,4849,0
10943,20211105,2171,0
85,20210412,466,0
24968,20220312,4507,0
131,20210406,4912,0
21474,20211220,4507,0
21474,20211220,4923,0
25113,20220511,466,0
23489,20240309,651,0
20458,20230201,4733,0
20458,20230201,4912,0
2577,20220503,4891,0
22358,20230927,4507,0
22358,20230927,4738,0
22358,20230927,4891,0
10913,20211028,2171,0
21218,20230209,4912,0
6373,20211027,4738,0
24001,20220605,4912,0
25273,20220126,4923,0
3284,20220104,4891,0
26130,20221121,4507,0
2226,20231107,4891,0
22171,20220218,466,0
26146,20220211,651,0
40822,20221105,651,0
25986,20211005,651,0
24483,20230208,4507,0
21405,20231108,357,0
42787,20240218,466,0
26193,20221009,466,0
41,20210410,4891,0
24468,20220217,357,0
7532,20220408,4738,0
7532,20220408,4923,0
21051,20220930,4733,0
20878,20210706,4733,0
20878,20210706,4912,0
7198,20230125,4891,0
2710,20221222,4507,0
24474,20230304,4733,0
40841,20221105,4891,0
24229,20240306,4733,0
5379,20211205,4912,0
22166,20240126,4923,0
26202,20230317,4891,0
27439,20240118,4891,0
4490,20240115,4923,0
6556,20231015,466,0
40285,20230205,4507,0
40285,20230205,4733,0
24939,20220419,4849,0
25715,20231023,4849,0
25715,20231023,4923,0
41296,20211217,3448,-1
20035,20230407,4507,0
21735,20221205,4733,0
21735,20221205,4891,0
40690,20231023,2171,0
41520,20230206,4507,0
41520,20230206,4923,-1
22147,20220516,4733,0
23618,20221209,4507,0
83458,20240312,4849,0
10569,20211010,3448,0
20670,20211220,4733,0
22525,20220217,357,0
23488,20231216,2171,0
5107,20240108,3448,0
1201,20240402,4891,0
24813,20220419,4507,0
24813,20220419,4923,0
6893,20230407,4891,0
24656,20220114,4733,0
24656,20220114,4923,0
23506,20240329,4891,0
20870,20230526,4891,0
20870,20230526,4923,0
11948,20220401,4738,0
4621,20221126,4891,0
42704,20240128,466,-1
41614,20220316,4891,0
41614,20220316,4912,0
24961,20220512,2171,0
7788,20231013,4849,0
80664,20210402,651,0
23800,20230914,3448,0
22372,20210921,4891,0
41641,20230502,651,0
9286,20220321,357,0
23809,20221018,3448,0
83385,20240301,4738,0
22317,20230407,651,0
20014,20230406,4733,0
20014,20230406,4849,0
22673,20230201,3448,0
24676,20211117,4738,0
5124,20231231,357,0
26013,20230303,651,0
83462,20240313,4912,0
42660,20220217,651,0
20953,20220208,4733,0
20953,20220208,4912,0
20953,20220208,4923,0
42647,20230109,2171,0
21394,20231120,466,0
80726,20210324,4733,0
80726,20210324,4912,0
47,20210501,4891,0
7914,20220219,4923,0
41681,20230120,357,0
42135,20230313,357,0
23384,20230319,2171,0
25853,20220317,2171,0
4399,20220508,4891,0
8093,20221020,357,0
42261,20220925,4891,0
42261,20220925,4923,0
42854,20240304,4507,0
42854,20240304,4923,0
24956,20220310,4891,0
40403,20230908,4912,0
24422,20221112,4891,0
23018,20221001,4891,0
23018,20221001,4912,0
20470,20230120,4738,0
22043,20220312,4923,0
25113,20220511,4738,0
9156,20220123,4912,0
21304,20230227,4891,0
20052,20231230,4507,0
22893,20230202,4738,0
23381,20220426,4891,0
26268,20211013,651,0
11232,20211006,4912,0
41350,20231002,4849,0
41350,20231002,4891,0
25415,20221127,4738,0
25415,20221127,4891,0
7746,20211205,4912,0
24536,20231031,3448,0
24698,20220307,2171,0
80654,20210205,466,0
25803,20220417,357,0
25803,20220417,466,0
42661,20240322,466,0
23494,20240219,4507,0
23494,20240219,4733,0
20991,20220207,4891,0
2294,20221016,3448,0
392,20210416,4733,0
20914,20210515,4891,0
21012,20211026,4738,0
21012,20211026,4891,0
8625,20231020,4912,0
23180,20230429,4738,0
23180,20230429,4891,0
22333,20230509,357,0
24387,20221224,3448,0
23310,20231005,2171,0
26005,20211116,651,0
2405,20221105,4912,0
24423,20220210,4849,0
25674,20231119,4507,0
82266,20211030,357,0
4788,20230113,4923,0
42628,20220510,4733,-1
6044,20240130,4923,0
25865,20220218,4507,0
25865,20220218,4891,0
7047,20220108,2171,0
25713,20231023,651,0
25470,20230509,4507,0
25470,20230509,4891,0
23910,20220514,4738,0
26797,20231121,357,0
5816,20220424,4849,0
20450,20240303,2171,0
23773,20220120,4891,0
2526,20211212,4507,0
5360,20211127,4738,0
11097,20211202,4891,0
23787,20220512,2171,0
22371,20230828,4923,0
1765,20210515,466,0
22601,20230925,651,0
25859,20230206,4912,0
23036,20220210,466,0
40821,20221129,4912,0
27226,20240118,2171,0
23348,20230303,3448,0
24022,20220610,466,0
80724,20210328,466,0
22101,20211117,466,0
25567,20210923,466,0
24469,20230207,651,0
25814,20220314,4507,0
42792,20230122,466,0
5079,20211207,4923,0
3298,20220509,4912,0
23664,20211120,4891,0
23664,20211120,4912,0
24223,20240319,466,0
23609,20230228,466,0
40274,20220412,4923,0
23356,20230507,466,0
23052,20220125,2171,0
24356,20231108,2171,0
22548,20221009,4507,0
22548,20221009,4733,0
22548,20221009,4912,0
22908,20220217,4733,0
22908,20220217,4891,0
21809,20220512,4912,0
21809,20220512,4923,0
23228,20230124,466,0
40221,20220316,4733,0
3647,20230414,4912,0
5313,20220529,4891,0
40839,20221209,4507,0
40839,20221209,4923,0
40309,20230909,4733,-1
40309,20230909,4849,2
40309,20230909,4912,0
26289,20221009,4733,0
26289,20221009,4738,0
26289,20221009,4891,0
7361,20220424,466,0
5981,20220324,4733,0
40974,20240329,4891,0
2225,20211013,4733,0
2225,20211013,4912,0
2225,20211013,4923,0
22423,20221019,4733,0
40718,20220910,4849,0
40718,20220910,4923,0
8493,20211108,4923,0
40451,20240222,2171,0
40340,20230603,4849,0
3823,20231021,4923,0
22826,20221011,466,0
23875,20230529,466,0
21097,20231228,466,0
20659,20220314,4849,0
41922,20230502,3448,0
83402,20230925,4507,0
25658,20231002,466,0
43070,20221202,4891,0
25220,20231028,4733,0
21345,20230402,4923,0
20119,20210602,4849,0
42162,20240222,3448,0
42527,20240128,2171,0
26070,20220217,4507,0
21280,20231019,651,0
9489,20220121,466,0
41496,20221202,4507,0
41496,20221202,4849,-1
41496,20221202,4912,-1
20375,20220414,4891,0
20375,20220414,4923,0
22096,20210923,4849,0
22422,20220913,4507,0
80655,20210322,466,0
20004,20210519,4507,0
22782,20230406,2171,0
21984,20220514,3448,0
20548,20210708,651,0
21083,20230424,4738,0
3242,20221216,4891,0
24307,20220512,4507,0
24307,20220512,4733,0
23613,20221207,466,0
22909,20230207,357,0
24346,20220126,4891,0
24346,20220126,4923,0
23844,20231120,2171,0
8183,20240117,2171,0
25491,20220512,357,0
20826,20220914,4738,0
20826,20220914,4912,0
20826,20220914,4923,0
20639,20220315,4738,0
24735,20240327,2171,0
4760,20220123,4891,0
27621,20240321,651,0
23735,20220121,4733,0
42957,20231125,4507,-1
42957,20231125,4733,-1
23245,20220213,466,0
80662,20210322,4891,0
1423,20210606,4738,0
20201,20220322,4912,0
23238,20220314,4849,0
25329,20230308,4738,0
25329,20230308,4923,0
24468,20220217,2171,0
41679,20230119,4733,0
41679,20230119,4849,0
41679,20230119,4891,0
1091,20210531,4912,0
20615,20230129,651,0
23854,20211206,4891,0
42418,20221202,2171,6
25042,20240301,2171,0
5656,20211204,3448,0
20573,20210518,4507,0
2036,20231209,4912,0
83340,20230428,4507,0
25261,20211014,2171,0
9243,20220425,3448,0
11491,20220403,651,0
42512,20230319,4891,0
23217,20211013,4891,0
22132,20221127,4891,0
26238,20220419,4849,0
23084,20230228,466,0
2519,20211211,4891,0
42797,20240128,651,0
23841,20221110,651,0
41353,20231005,4912,0
23158,20230601,357,0
23055,20211220,3448,0
3101,20230814,3448,0
22640,20230331,4891,0
22221,20230406,357,0
42537,20240329,4849,0
42537,20240329,4923,0
41535,20231020,4738,0
24731,20240327,651,0
40576,20220522,4849,0
40576,20220522,4912,0
25568,20211021,651,0
1468,20240402,4738,0
20050,20230429,4849,0
20050,20230429,4891,0
20058,20240321,4912,0
20058,20240321,4923,0
20733,20210619,4849,0
20733,20210619,4923,0
9432,20230128,466,0
24294,20220512,466,0
4121,20220323,3448,0
9994,20230527,357,0
24567,20211212,357,0
7856,20220205,3448,0
20634,20230429,466,0
26005,20211116,4891,0
26005,20211116,4912,0
1395,20210606,466,0
24455,20230107,4738,0
24455,20230107,4849,0
24455,20230107,4923,0
27235,20231125,466,0
23924,20240310,3448,0
24712,20240321,3448,0
11234,20211024,4733,0
11234,20211024,4912,0
23155,20230506,4849,0
23688,20231109,4733,0
21188,20220513,4733,0
41871,20230504,3448,0
21264,20211109,651,0
26021,20220312,4507,0
26021,20220312,4891,0
25606,20210921,651,0
23094,20220317,4849,0
23094,20220317,4891,0
23094,20220317,4912,0
21708,20231002,4507,0
21708,20231002,4891,0
8821,20211201,466,0
7730,20221230,651,0
26289,20221009,466,0
20737,20220611,2171,0
5859,20221025,4891,0
25188,20230104,357,0
27742,20231220,3448,0
2750,20211001,651,0
26175,20210921,2171,0
80640,20210107,357,0
42585,20231215,3448,0
22773,20220321,4733,0
22773,20220321,4849,0
40965,20230405,2171,0
20664,20211111,466,0
5483,20231210,357,0
43035,20220227,466,-1
5150,20211129,3448,0
1622,20220401,4733,0
21644,20230308,4738,0
21644,20230308,4849,0
4402,20220205,357,0
25302,20220218,4507,0
25302,20220218,4849,0
25302,20220218,4912,0
8813,20220408,651,0
5688,20220322,4891,0
1547,20221028,4507,0
1547,20221028,4923,0
5149,20211130,4912,0
41673,20230822,466,0
4845,20211030,4912,0
24328,20230413,4912,0
8327,20220530,357,0
23894,20220612,4849,0
11620,20231004,651,0
20537,20221021,2171,0
83320,20230428,357,0
83320,20230428,466,0
24896,20220516,466,0
25135,20220426,4733,0
42604,20221127,4738,0
42604,20221127,4923,0
23407,20220213,651,0
8284,20221127,4849,0
3045,20221218,4912,0
5378,20230917,2171,0
23963,20220605,4912,0
23678,20221011,357,0
1672,20211201,3448,0
6875,20240129,4923,0
21239,20230925,357,0
21239,20230925,466,0
80617,20201223,357,0
80617,20201223,466,0
1127,20240303,3448,0
42776,20231221,357,0
20409,20210705,4738,0
23748,20230209,4507,0
23748,20230209,4912,0
20259,20220213,4733,0
20259,20220213,4738,0
24564,20211026,4891,0
83353,20230428,2171,0
24642,20211219,4733,0
24642,20211219,4891,0
23113,20220421,2171,0
41675,20230830,3448,0
22108,20210923,651,0
21613,20230409,4738,0
21363,20231002,4891,0
20405,20210521,466,0
4314,20230915,2171,0
43055,20230406,651,-1
42425,20231018,4733,0
22454,20220925,651,0
40997,20230404,4891,0
6414,20220924,4891,0
8418,20220427,4849,0
10266,20221130,4912,0
21364,20221124,4891,0
25571,20231103,2171,0
23154,20230506,466,0
42477,20221202,4733,0
23773,20220120,2171,0
24940,20220322,4891,0
7399,20231228,3448,0
20595,20220218,3448,0
7429,20221028,4891,0
26379,20231122,4738,0
27584,20231228,651,0
25919,20230407,466,0
83330,20230427,4507,0
83330,20230427,4891,0
23525,20220414,2171,0
20754,20230505,3448,0
23383,20220414,2171,0
21380,20231110,4891,0
25089,20220218,4891,0
21135,20221220,466,0
25185,20230104,651,0
23407,20220213,4923,0
20322,20220219,2171,0
26280,20230107,2171,0
26048,20231125,4507,0
26048,20231125,4733,0
26048,20231125,4849,0
3791,20231105,3448,0
22014,20220313,651,0
24822,20230401,651,0
42008,20231005,357,0
25157,20240327,2171,0
7232,20221218,466,0
2170,20230128,651,0
4307,20211006,4891,0
11543,20220427,4738,0
23339,20220323,4507,0
25498,20221130,2171,0
25985,20230925,4738,0
21221,20240327,357,0
22399,20220612,651,0
22039,20230201,466,0
21983,20220513,4923,0
20586,20210518,4912,0
25355,20230406,4733,0
25355,20230406,4738,0
25355,20230406,4912,0
22906,20221207,4507,0
22906,20221207,4849,0
316,20210429,4507,0
11607,20240408,357,0
5898,20240320,4507,0
6235,20231031,4507,0
5103,20240214,3448,0
6965,20231015,4733,0
42262,20221222,4891,0
42262,20221222,4912,0
25347,20230206,2171,0
4634,20230411,466,0
10491,20220211,4733,0
20676,20220213,4507,0
43032,20221120,3448,0
25986,20211005,3448,0
83350,20230428,2171,0
23237,20220413,4733,0
23237,20220413,4891,0
25241,20221222,2171,0
6726,20211108,3448,0
22976,20231111,4733,0
83324,20230428,466,0
8378,20220301,4891,0
26278,20230923,4912,0
25854,20220416,4849,0
25854,20220416,4912,0
20140,20231109,651,0
21515,20230201,4891,0
21515,20230201,4923,0
21343,20231120,2171,0
8327,20220530,3448,0
40453,20220613,4733,0
22152,20220127,4849,0
25319,20230111,651,0
23566,20230406,466,0
20624,20220218,3448,0
41240,20231001,4738,0
40677,20230928,357,0
26057,20231020,2171,0
3280,20240113,4733,0
81064,20210327,2171,0
6519,20221028,651,0
8229,20240109,4733,0
8229,20240109,4912,0
25544,20211108,4849,0
41652,20220316,4733,0
41652,20220316,4923,0
4680,20221027,4849,0
42296,20230805,357,0
42296,20230805,466,0
42313,20231022,357,0
26141,20230202,357,0
24929,20230430,466,0
24341,20240320,651,0
21267,20211115,4507,0
21267,20211115,4849,0
26090,20240217,2171,0
10273,20221214,357,0
42097,20230615,4733,-1
22972,20230326,2171,0
23732,20230303,466,0
20482,20220408,2171,0
20932,20220120,4733,0
20932,20220120,4891,0
22672,20220321,4733,0
24310,20220221,2171,0
25460,20230509,651,0
22719,20230310,651,0
20310,20210626,357,0
22974,20221030,651,0
7840,20220203,4891,0
23478,20230413,2171,0
21900,20240218,466,0
22472,20210923,4891,0
23949,20211105,4849,0
83235,20221120,4738,0
11805,20221028,4891,0
11805,20221028,4912,0
42384,20240319,4507,0
42384,20240319,4923,0
20476,20221122,357,0
43032,20221120,466,0
23908,20220611,4849,0
23908,20220611,4891,0
2838,20220301,4733,0
22279,20231121,4507,0
22804,20230925,4923,0
8641,20230113,2171,0
25700,20231120,4733,0
3822,20230924,4849,0
3822,20230924,4891,0
8162,20230527,2171,0
24291,20220321,357,0
22747,20220417,3448,0
9894,20240402,3448,0
22890,20220314,466,0
3580,20211202,2171,0
82405,20211118,651,0
24694,20220314,651,0
5780,20220306,466,0
20600,20220218,4738,0
20600,20220218,4891,0
20600,20220218,4923,0
10019,20220428,3448,0
40276,20230604,3448,0
42395,20230603,4891,0
20510,20210628,4507,0
20510,20210628,4891,0
10494,20230328,2171,0
24477,20230402,2171,0
40531,20230513,4738,0
9076,20211211,4738,0
8673,20230128,2171,0
40845,20231123,4849,0
24223,20240319,4891,0
25786,20231228,2171,0
42756,20231221,3448,6
24285,20220221,4891,0
42506,20230501,466,0
23120,20220114,357,0
23269,20230402,4912,0
8244,20240108,4733,0
8244,20240108,4891,0
23776,20230111,4738,0
5223,20240403,357,0
11140,20230616,4507,0
25854,20220416,3448,0
42397,20220313,4891,0
42397,20220313,4923,0
22162,20220218,4738,0
43066,20220418,4738,0
25622,20230531,357,0
42494,20220417,357,0
40492,20220418,3448,0
22679,20221226,4738,0
21179,20210617,4733,0
25281,20230201,4733,0
23906,20230211,4507,0
23906,20230211,4733,0
23906,20230211,4891,0
8426,20220529,4912,0
6549,20231012,4849,0
22068,20220212,2171,0
20754,20230505,357,0
21391,20240304,2171,0
25167,20220125,357,0
7729,20230508,4923,0
80972,20210511,4738,0
80972,20210511,4891,0
80972,20210511,4923,0
10070,20231011,4507,0
10070,20231011,4923,0
22482,20230510,4738,0
8828,20220409,2171,0
22766,20230505,4733,0
22766,20230505,4738,0
22766,20230505,4912,0
7604,20240403,3448,0
7048,20240102,2171,0
7377,20220406,3448,0
26235,20230408,4891,0
21433,20230202,357,0
27620,20240321,4733,0
27620,20240321,4849,0
27620,20240321,4912,0
1741,20210519,4849,0
9814,20211104,3448,0
20641,20210519,4912,0
332,20210416,4507,0
24814,20220419,357,0
24814,20220419,466,0
10634,20230429,4891,0
41037,20220325,4507,0
25333,20230304,651,0
41701,20211220,3448,0
23762,20220414,4738,0
23762,20220414,4891,0
23762,20220414,4923,0
22280,20230927,4733,0
21041,20221112,2171,0
25821,20220322,2171,0
40934,20240127,4738,0
25352,20230206,4849,0
25352,20230206,4912,0
7250,20211211,4891,0
23504,20240218,4849,0
42776,20231221,4507,0
21886,20211115,466,0
42593,20230910,4849,0
24420,20220114,4733,0
24420,20220114,4912,0
25749,20211014,4891,0
2088,20240304,3448,0
25462,20230422,4733,0
42946,20230909,2171,0
8223,20231208,4891,0
20594,20231205,4507,0
9895,20240117,4738,0
10238,20231208,4923,0
25771,20220321,4733,0
25771,20220321,4891,0
41743,20220207,357,0
20756,20230505,4507,0
20756,20230505,4891,0
3101,20230814,4507,0
3101,20230814,4738,0
21804,20240317,2171,0
83414,20231010,4912,0
20076,20210607,4733,0
20076,20210607,4849,0
22235,20230107,4912,0
40724,20221224,4738,0
8849,20240327,4891,0
7707,20220322,4891,0
80960,20210424,4891,0
24725,20240131,3448,0
20565,20211016,4507,0
20565,20211016,4912,0
22331,20230423,3448,0
5064,20240213,4923,0
20767,20210618,4912,0
24498,20231028,4891,0
6006,20221101,357,0
41973,20221201,4891,-1
24564,20211026,466,0
25713,20231023,4891,0
7085,20231207,3448,0
9832,20211104,3448,0
22225,20220121,4738,0
22206,20230208,4733,0
22206,20230208,4738,0
40312,20220918,3448,0
80972,20210511,357,0
21715,20231010,4891,0
23732,20230303,2171,0
40965,20230405,4733,0
41960,20221227,2171,0
25306,20230108,4733,0
25306,20230108,4912,0
21757,20211216,4891,0
40814,20231031,2171,0
22390,20210928,4891,0
42566,20231209,466,0
8421,20220528,3448,0
22752,20230406,2171,0
40975,20240119,4507,0
20512,20210628,4738,0
20792,20240302,2171,0
23829,20231228,4923,0
21437,20230925,4891,0
21355,20211116,4507,0
21355,20211116,4733,0
21355,20211116,4923,0
6935,20211201,651,0
25197,20230202,466,0
20020,20230530,4733,0
20020,20230530,4891,0
20020,20230530,4923,0
21318,20230303,4849,0
23915,20230509,4849,0
22169,20230402,466,0
11340,20221224,4923,0
2451,20231004,4923,0
22160,20220213,4507,0
25821,20220322,4923,0
43055,20230406,3448,0
42854,20240304,3448,-1
23400,20230807,4849,0
10308,20221016,4507,0
22955,20230111,4891,0
21644,20230308,2171,0
24633,20230104,4849,0
24633,20230104,4891,0
24633,20230104,4912,0
5502,20220225,4738,0
25867,20220112,4507,0
42566,20231209,4507,0
42494,20220417,651,-1
24347,20230207,357,0
42081,20230504,4912,0
1447,20220404,3448,0
23364,20220512,4912,0
40156,20230922,3448,-1
23118,20220127,4849,0
42730,20240409,4849,0
42730,20240409,4891,0
27767,20231122,4733,0
27767,20231122,4849,0
4551,20220524,4733,0
9083,20220331,4849,0
5918,20240313,3448,0
21527,20211117,4507,0
21527,20211117,4891,0
21527,20211117,4923,0
23721,20220314,3448,0
3747,20220401,4912,0
8112,20221027,4912,0
25337,20230206,4507,0
25337,20230206,4891,0
20171,20231005,4912,0
25504,20221104,357,0
83323,20230428,357,0
22727,20220513,3448,0
24728,20230906,4912,0
27096,20231122,4507,0
27607,20240321,357,0
25231,20221116,466,0
1162,20230814,2171,0
23906,20230211,466,0
22408,20230527,4733,0
22408,20230527,4923,0
23497,20221207,651,0
5800,20220405,4507,0
25233,20231221,4507,0
80638,20210103,4738,0
20702,20211220,466,0
7254,20240105,651,0
20656,20220607,357,0
21022,20231109,4891,0
7261,20211211,2171,0
42426,20220416,4507,0
42426,20220416,4891,0
3833,20211030,466,0
83206,20221130,4738,0
22874,20220208,4738,0
42275,20221013,651,0
6307,20221214,2171,0
1789,20210611,651,0
41613,20220316,3448,0
22329,20230208,4891,0
24961,20220512,4733,0
24859,20221123,4849,0
21205,20210620,4507,0
21205,20210620,4849,0
22403,20230602,357,0
20769,20210620,466,0
40446,20230603,357,-1
42194,20240329,4849,0
7033,20221214,4733,0
7033,20221214,4891,0
11236,20211027,3448,0
23609,20230228,2171,0
25150,20220416,357,0
7368,20220212,357,0
40125,20230503,4738,0
40125,20230503,4891,0
22131,20231121,3448,0
42272,20221215,4912,0
42863,20230104,4891,0
24566,20211115,4849,0
20260,20220213,3448,0
22831,20211126,466,0
9073,20220405,4733,0
2475,20211031,4507,0
25731,20231120,3448,0
20558,20231231,2171,0
25227,20211029,4912,0
20649,20230209,466,0
23198,20230502,3448,0
23418,20220114,4738,0
23418,20220114,4891,0
7197,20220130,3448,0
24759,20230519,2171,0
22220,20220512,4733,0
22220,20220512,4912,0
22220,20220512,4923,0
1438,20231220,4923,0
42481,20230503,4733,0
42481,20230503,4738,0
42481,20230503,4923,0
25308,20220414,4733,0
25308,20220414,4891,0
83236,20221120,4507,0
83236,20221120,4733,0
83236,20221120,4738,0
83236,20221120,4912,0
1583,20220106,4849,0
3147,20220210,3448,0
25203,20240219,4507,0
24280,20211115,4849,0
25639,20220121,4923,0
40384,20221222,4507,0
40384,20221222,4923,-1
24462,20220509,4507,0
21550,20230209,2171,0
80650,20210322,4849,0
80650,20210322,4891,0
24346,20220126,2171,0
5779,20220526,4923,0
5977,20221223,2171,0
1152,20231016,357,0
21934,20211119,4733,0
21934,20211119,4912,0
21934,20211119,4923,0
1809,20231210,2171,0
24110,20221004,4733,0
80707,20210208,4849,0
9140,20240118,4507,0
20599,20230209,2171,0
25902,20220218,466,0
41975,20220910,2171,0
42581,20231215,4849,0
2304,20230227,4891,0
24185,20211219,4733,0
20105,20210605,4738,0
25373,20221013,466,0
42675,20240322,4733,0
10356,20220102,2171,0
20400,20210626,651,0
20002,20230926,4738,0
23914,20240229,3448,0
23687,20210926,3448,0
23443,20211028,4912,0
8140,20230925,651,0
4229,20220306,4912,0
23318,20211219,4733,0
23318,20211219,4923,0
42731,20231217,4923,0
23138,20220218,466,0
9809,20231211,2171,0
4762,20230112,466,0
21784,20220510,2171,0
26004,20211022,3448,0
42876,20231126,4912,0
5349,20220402,4891,0
83201,20221209,357,0
20672,20231228,3448,0
40479,20230408,466,0
25472,20230406,4507,0
25472,20230406,4912,0
22043,20220312,651,0
21474,20211220,3448,0
11048,20240219,4849,0
6362,20231010,357,0
25557,20210921,4733,0
41647,20220316,2171,0
41701,20211220,4923,0
41741,20230310,4891,0
25686,20211021,4923,0
22573,20211015,2171,0
42947,20230303,4923,0
6955,20231104,466,0
26064,20230130,4891,0
40208,20231106,4849,0
20211,20210628,4738,0
42996,20231123,3448,0
24467,20221111,4849,0
24467,20221111,4891,0
24467,20221111,4912,0
22200,20230207,4891,0
40452,20230602,357,0
1610,20220219,4507,0
41931,20230502,3448,0
8645,20230312,4733,0
6277,20220331,466,0
2659,20230401,4849,0
41905,20230501,4738,0
41349,20220923,466,0
82406,20211118,4507,0
82406,20211118,4733,0
82406,20211118,4849,-1
82406,20211118,4891,0
25094,20231125,4923,0
23721,20220314,4738,0
22469,20220514,466,0
21604,20240327,4733,0
21604,20240327,4891,0
20443,20221129,2171,0
20200,20230409,651,0
25089,20220218,2171,0
23484,20240219,2171,0
21607,20230112,4507,0
21607,20230112,4912,0
23364,20220512,2171,0
22276,20240130,4733,0
22276,20240130,4891,0
4260,20230328,4891,0
3795,20211129,357,0
20273,20220407,4912,0
5109,20211031,4849,0
25491,20220512,3448,0
42867,20220126,3448,0
4540,20230522,2171,0
4575,20221220,4912,0
4575,20221220,4923,0
40224,20220412,4507,0
40224,20220412,4733,0
43072,20221202,4507,0
43072,20221202,4733,0
20796,20230926,4923,0
40620,20231008,4849,0
23264,20220314,4733,0
41707,20230907,4912,0
40481,20220612,4507,0
40481,20220612,4923,0
83404,20230926,4507,0
83404,20230926,4923,0
23537,20220518,4733,0
23537,20220518,4891,0
79,20210428,4891,0
9761,20231207,357,0
25415,20221127,466,0
21002,20231213,4733,0
41292,20220305,4912,0
21649,20220524,4507,0
25792,20231228,466,0
26166,20211114,357,0
22184,20220218,4738,0
22184,20220218,4891,0
22184,20220218,4912,0
11008,20220420,3448,0
22219,20220512,2171,0
22754,20220512,466,0
4496,20220107,357,0
21698,20220419,466,0
3150,20220226,4891,0
6235,20231031,357,0
25126,20220413,4891,0
25126,20220413,4923,0
3826,20231102,3448,0
25106,20220416,357,0
24981,20220213,4733,0
24981,20220213,4891,0
21486,20211114,466,0
20726,20230502,357,0
24307,20220512,357,0
24307,20220512,466,0
40666,20231124,4507,0
21944,20240204,2171,0
41023,20220613,4912,0
41023,20220613,4923,0
5875,20211207,4849,0
40489,20230408,3448,0
3909,20221214,466,0
24068,20230207,651,0
20135,20211215,4923,0
11015,20220326,466,0
40585,20230419,4923,-1
41574,20220203,4891,0
42364,20220514,466,0
42335,20230608,466,0
2160,20210516,4738,0
2160,20210516,4891,0
42623,20230109,4923,0
24936,20230308,4738,0
2217,20230418,357,0
20493,20231207,4733,0
20493,20231207,4738,0
21621,20230402,4738,0
25317,20230208,466,0
22403,20230602,3448,0
24939,20220419,466,0
22161,20240128,466,0
22719,20230310,4733,0
22719,20230310,4738,0
22719,20230310,4923,0
21726,20230107,2171,0
5237,20220503,466,0
21971,20220513,4507,0
41533,20220305,466,0
80644,20210328,4849,0
21490,20210930,357,0
25891,20220607,2171,0
21104,20220125,651,0
11751,20231111,466,0
23617,20230310,2171,0
2432,20240204,4738,0
22550,20211116,4849,0
21309,20211020,4891,0
22900,20230108,4891,0
25619,20220419,3448,0
21333,20220120,4849,0
20710,20221208,4733,0
20710,20221208,4891,0
22288,20240229,4507,0
10932,20230826,3448,0
10173,20240129,466,0
24316,20220416,4849,0
24316,20220416,4912,0
22262,20211024,4738,0
22262,20211024,4891,0
42920,20230309,357,0
21698,20220419,2171,0
6169,20240402,4891,0
22861,20211125,651,0
40295,20230906,4738,-1
25238,20231002,4923,0
25852,20230606,4891,0
26145,20221121,357,0
6645,20240115,2171,0
6525,20231012,4849,0
25295,20230108,3448,0
23651,20230511,466,0
2778,20240409,4923,0
5040,20230915,2171,0
23259,20220304,4891,0
20714,20211220,466,0
23108,20230209,2171,0
1315,20210930,4849,0
21221,20240327,4738,0
21221,20240327,4891,0
25517,20231211,357,0
10518,20221024,4891,0
21375,20220208,2171,0
27781,20240213,2171,0
42390,20220601,4738,0
40689,20231124,3448,0
20622,20220513,651,0
10929,20211001,4912,0
10253,20211205,4912,0
10253,20211205,4923,0
23670,20211119,2171,0
4369,20230313,357,0
27795,20240222,357,0
27795,20240222,466,0
20770,20210619,466,0
41931,20230502,4891,-1
41931,20230502,4912,0
41702,20211220,4733,0
20079,20210606,4912,0
209,20210428,4891,0
25634,20231002,4733,0
25634,20231002,4738,0
25634,20231002,4891,0
25634,20231002,4923,0
25556,20211108,4733,0
20860,20231004,651,0
8768,20230127,466,0
3761,20230514,4891,0
22847,20211114,357,0
21156,20210516,651,0
1668,20231005,466,0
6922,20231004,4507,0
26983,20231122,357,0
26983,20231122,466,0
40483,20230308,4733,0
24675,20220227,4923,0
22040,20231228,4849,0
22040,20231228,4923,0
6983,20211103,3448,0
42060,20231110,3448,0
21810,20230309,4912,0
41649,20220217,3448,0
8418,20220427,2171,0
4250,20220530,4923,0
22330,20230406,2171,0
80955,20210425,4507,0
80955,20210425,4738,0
80955,20210425,4849,0
4474,20211208,4912,0
24130,20240129,2171,0
23133,20220120,4849,0
23133,20220120,4891,0
11106,20220508,4507,0
11106,20220508,4738,0
11106,20220508,4912,0
7575,20230914,357,0
9208,20230512,3448,0
24639,20211113,4923,0
23002,20230202,357,0
20070,20230405,357,0
8616,20231018,466,0
80670,20210111,4891,0
23668,20211021,2171,0
22310,20230410,3448,0
2385,20220104,4849,0
24906,20230506,4738,0
24906,20230506,4923,0
3826,20231102,466,0
25763,20231111,4849,0
25763,20231111,4891,0
24477,20230402,466,0
21589,20230208,466,0
3739,20240115,2171,0
25345,20230304,4733,0
25345,20230304,4738,0
26193,20221009,4738,0
26193,20221009,4923,0
40841,20221105,466,0
24662,20211117,4733,0
1983,20221130,4912,0
23177,20230529,466,0
25628,20231231,2171,0
25148,20231210,466,0
23912,20230407,4891,0
23912,20230407,4912,0
22688,20221225,466,0
25411,20211016,4507,0
80654,20210205,4849,0
80654,20210205,4891,0
24733,20230602,4849,0
7507,20220326,4923,0
25754,20231012,4891,0
81101,20210512,4923,0
22378,20220601,4733,0
22378,20220601,4891,0
20398,20210618,4891,0
3413,20221028,3448,0
10500,20220525,4507,0
22921,20211117,651,0
24513,20221226,2171,0
7741,20230416,4733,0
40612,20230909,4891,-1
83371,20230611,2171,0
20587,20210517,4912,0
23179,20240219,2171,0
27629,20240223,4891,0
27629,20240223,4912,0
20866,20231030,3448,0
21185,20230509,4507,0
21055,20231108,2171,0
40714,20231123,4507,0
40714,20231123,4733,-1
40714,20231123,4912,-1
40714,20231123,4923,-1
25198,20240303,2171,0
22679,20221226,357,0
22367,20220106,466,0
22061,20231125,4891,0
25495,20211015,4849,0
25495,20211015,4891,0
24164,20230816,466,0
41240,20231001,3448,0
41257,20230327,357,0
25680,20231220,651,0
25728,20231120,2171,0
41961,20220910,4507,0
24687,20211116,4849,0
42721,20230313,4912,0
25687,20211020,651,0
21239,20230925,4507,0
21239,20230925,4912,0
24644,20211219,2171,0
23831,20230926,4849,0
25656,20211021,651,0
9487,20221001,4891,0
2716,20221028,357,0
40094,20230503,3448,0
27227,20231125,466,0
24735,20240327,4891,0
24373,20230829,4738,0
80628,20210206,4733,0
24966,20220312,3448,0
20339,20220221,2171,0
11733,20231106,4923,0
4243,20220524,4912,0
21989,20220325,4733,0
4835,20211010,4738,0
11893,20211001,3448,0
20024,20230308,651,0
40487,20220612,3448,0
1211,20210602,4849,0
26246,20220212,2171,0
25234,20231031,651,0
42856,20240219,4733,0
23549,20220523,4912,0
80735,20210402,4849,0
80735,20210402,4923,0
5540,20211205,466,0
11287,20230528,4923,0
26082,20211020,4507,0
26082,20211020,4912,0
25356,20230208,2171,0
11193,20221020,357,0
42283,20230930,3448,0
22306,20230601,466,0
24570,20220204,357,0
20427,20210522,4891,0
9065,20230402,4738,0
9065,20230402,4923,0
25015,20211023,4507,0
25015,20211023,4733,0
25015,20211023,4891,0
21046,20221112,466,0
6811,20240117,4912,0
22269,20231031,4733,0
23784,20230528,4507,0
23784,20230528,4923,0
6206,20220306,4849,0
9196,20211128,4912,0
3970,20240130,357,0
23095,20220210,4923,0
20948,20230928,3448,0
22653,20240327,4733,0
22653,20240327,4738,0
40502,20220514,4738,0
24426,20231231,651,0
41253,20230112,4923,0
6134,20230511,4507,0
42670,20240128,651,0
4582,20220406,4849,0
22639,20230228,2171,0
20207,20210628,357,0
9509,20230925,4912,0
23910,20220514,357,0
20071,20211015,4891,0
24433,20221207,4738,0
24433,20221207,4923,0
22769,20230506,4849,0
22149,20221222,4849,0
25353,20220217,357,0
23876,20230806,3448,0
20059,20230207,357,0
21726,20230107,357,0
21726,20230107,466,0
24742,20230402,466,0
24579,20220213,4912,0
4378,20230421,4923,0
20635,20230107,4733,0
20635,20230107,4923,0
22203,20220512,4507,0
22858,20230304,466,0
24415,20221111,4891,0
41676,20230824,466,0
40062,20230806,4738,0
42777,20240216,3448,0
6734,20221112,651,0
25989,20220212,4912,0
40203,20230913,4891,-1
26036,20231125,4891,0
26036,20231125,4912,0
26036,20231125,4923,0
23370,20240223,4849,0
40151,20220918,4912,-1
24519,20231012,2171,0
22131,20231121,4891,0
24288,20230407,4507,0
4322,20231205,3448,0
21291,20220311,4912,0
11497,20220404,4733,0
80606,20201219,4891,0
2445,20211211,4891,0
6196,20230128,4912,0
20978,20231205,3448,0
11689,20221115,4891,0
23848,20231231,4507,0
23848,20231231,4849,0
23110,20230201,357,0
22826,20221011,4891,0
22826,20221011,4923,0
25341,20230206,2171,0
25838,20230304,357,0
25838,20230304,466,0
25307,20240126,4507,0
25307,20240126,4733,0
23561,20220414,4912,0
21645,20240320,4733,0
21645,20240320,4912,0
21645,20240320,4923,0
3734,20220326,466,0
83421,20231030,2171,0
10353,20211113,466,0
22591,20230926,3448,0
24149,20240112,4849,0
22187,20220121,4733,0
22187,20220121,4738,0
22187,20220121,4891,0
25296,20230111,357,0
22356,20240110,4891,0
81106,20210512,651,0
40443,20230604,2171,0
6856,20220123,4891,0
25483,20230531,651,0
6372,20220925,4849,0
3972,20240310,2171,0
25834,20230108,651,0
24196,20230108,4507,0
24196,20230108,4738,0
24698,20220307,4507,0
7751,20240115,651,0
25679,20221206,4891,0
3042,20220131,357,0
25887,20240219,2171,0
20080,20210531,4738,0
9498,20220124,4891,0
22102,20210923,4733,0
22102,20210923,4849,0
22102,20210923,4891,0
24323,20220512,3448,0
42857,20230206,4733,0
42857,20230206,4738,0
42332,20230530,466,0
42794,20220923,4849,0
21174,20240301,2171,0
77,20210411,4891,0
25112,20220408,4923,0
20131,20240114,2171,0
41551,20240222,4923,0
21445,20230926,4738,0
5608,20220124,4923,0
24025,20220610,4849,0
23190,20220315,4733,0
3547,20221129,4891,0
41696,20231007,4733,0
24409,20211013,2171,0
10135,20220120,4891,0
83404,20230926,357,0
83404,20230926,466,0
9521,20231102,4923,0
3193,20240130,3448,0
22048,20230201,651,0
20726,20230502,3448,0
22967,20230208,4849,0
9030,20220525,4923,0
21614,20230815,651,0
25828,20240107,2171,0
40126,20220511,3448,0
6683,20220220,4923,0
10926,20221002,4891,0
42271,20230922,2171,0
7721,20221218,2171,0
23938,20230927,3448,0
5979,20220325,3448,0
22518,20231119,4738,0
22518,20231119,4891,0
40694,20231124,2171,-1
2204,20210519,651,0
2410,20221226,4891,0
40350,20230511,466,0
24401,20231003,2171,0
20925,20210628,651,0
24909,20230615,4891,0
8293,20230924,4923,0
3336,20220509,466,0
24930,20230523,4738,0
2697,20230416,4733,0
83380,20230615,4507,0
6887,20220123,4891,0
24666,20220404,2171,0
5001,20230905,3448,0
42177,20240322,4891,-1
41726,20211218,4849,0
42411,20230603,651,0
22104,20231010,4507,0
22104,20231010,4891,0
25739,20230107,466,0
22943,20230111,4733,0
22943,20230111,4891,0
40537,20230510,4891,0
22014,20220313,466,0
25532,20221009,4733,0
25532,20221009,4849,0
3525,20221228,4912,0
40091,20230531,3448,-1
154,20210505,4733,0
25100,20220414,466,0
6198,20240409,466,0
558,20210507,4733,0
22853,20211125,4849,0
22853,20211125,4891,0
22853,20211125,4912,0
25978,20221105,4733,0
25978,20221105,4738,0
25978,20221105,4912,0
40330,20230924,4507,0
20542,20231030,651,0
20266,20221209,4912,0
10512,20211105,3448,0
7234,20230124,357,0
21537,20230318,2171,0
26197,20220213,3448,0
20401,20210626,4507,0
23678,20221011,4733,0
23678,20221011,4891,0
25317,20230208,4733,0
25317,20230208,4738,0
25317,20230208,4891,0
26006,20211119,651,0
25139,20220308,4891,0
24661,20211215,4507,0
24661,20211215,4849,0
24661,20211215,4891,0
25672,20221105,4891,0
20986,20231002,4738,0
20986,20231002,4849,0
83263,20230324,4891,0
11786,20221222,4738,0
24944,20220512,4891,0
24944,20220512,4923,0
2284,20211104,3448,0
23036,20220210,4733,0
21969,20220513,3448,0
23164,20230530,651,0
41754,20211218,4891,0
5250,20240211,2171,0
83359,20230621,4923,0
25821,20220322,466,0
80980,20210708,4891,0
3787,20230915,4912,0
3787,20230915,4923,0
24780,20220202,357,0
21829,20220516,4733,0
21829,20220516,4738,0
21829,20220516,4923,0
83336,20230427,2171,0
5805,20220505,4507,0
5805,20220505,4923,0
22747,20220417,357,0
22192,20230331,4507,0
22192,20230331,4733,0
22192,20230331,4891,0
40890,20230212,4733,0
40890,20230212,4912,0
21909,20230413,4738,0
22920,20220221,2171,0
21549,20231109,651,0
25692,20220121,2171,0
20173,20211119,4849,0
20173,20211119,4923,0
23334,20240215,3448,0
23513,20221207,3448,0
25956,20231111,2171,0
2177,20240130,4738,0
2177,20240130,4912,0
41617,20230404,4891,0
3796,20231003,651,0
41443,20230125,4923,0
41677,20230826,4891,0
41875,20230601,4912,0
22761,20240112,2171,0
22346,20240309,357,0
10268,20231206,4738,0
2844,20220324,3448,0
25434,20230406,4912,0
41657,20220607,466,0
24105,20231020,4891,0
20700,20211220,3448,0
2848,20220306,4891,0
9718,20230616,4912,0
26979,20231121,4733,0
26979,20231121,4912,0
22494,20231123,4507,0
42128,20230615,3448,0
42644,20240222,3448,0
20997,20240310,2171,0
23191,20230528,2171,0
496,20210506,651,0
26289,20221009,3448,0
3065,20230410,4912,0
25780,20230205,466,0
24170,20230108,4891,0
21292,20220212,651,0
25304,20220121,4733,0
25304,20220121,4923,0
23068,20210921,4733,0
23068,20210921,4738,0
23068,20210921,4912,0
42503,20240329,4891,0
2506,20221115,4849,0
22254,20230205,4733,0
24070,20230126,4891,0
41899,20230602,651,0
20635,20230107,466,0
25136,20220424,357,0
25136,20220424,466,0
20320,20240218,466,0
80863,20210316,651,0
11348,20211207,4912,0
9307,20231208,3448,0
25572,20231012,4891,0
21406,20231030,4738,0
2679,20220312,4912,0
40423,20231215,4738,0
3909,20221214,651,0
42489,20230602,4891,0
20116,20210609,4849,0
20116,20210609,4891,0
41260,20220131,466,-1
9285,20220204,2171,0
42259,20211217,4733,-1
3715,20220219,2171,0
23113,20220421,3448,0
23742,20240126,3448,0
83415,20231010,466,0
42876,20231126,3448,0
24179,20230829,4849,0
24179,20230829,4923,0
40866,20231124,4733,0
40866,20231124,4891,0
27743,20231122,3448,0
41138,20240119,4849,0
3810,20231003,4891,0
3810,20231003,4923,0
41036,20230312,651,0
10857,20220403,4738,0
25614,20220426,466,0
21282,20221101,4891,0
11076,20211110,466,0
22015,20211219,4912,0
27534,20231119,4733,0
27534,20231119,4891,0
21960,20230405,357,0
8154,20230614,4733,0
21082,20220321,2171,0
6620,20220528,466,0
21623,20230208,466,0
40159,20231101,3448,0
24904,20230602,357,0
24570,20220204,4849,0
2016,20211104,3448,0
25214,20220523,4891,0
7002,20231202,4507,0
41920,20230309,3448,0
80710,20210404,651,0
21123,20220522,2171,0
40185,20230909,3448,0
21804,20240317,4849,0
9479,20230913,4891,0
20489,20230228,2171,0
23115,20220127,2171,0
24674,20220207,466,0
20889,20210618,4733,0
25362,20230109,466,0
24456,20220213,466,0
20864,20210923,357,0
20864,20210923,466,0
1600,20240102,4891,0
40221,20220316,466,0
9282,20221224,4923,0
9813,20211104,2171,0
25988,20220311,4733,0
25988,20220311,4891,0
23904,20230505,357,0
23643,20230506,4738,0
42045,20221116,4738,0
1466,20240218,4733,0
20356,20240409,2171,0
40717,20221104,466,0
21944,20240204,4507,0
21944,20240204,4738,0
21944,20240204,4849,0
5789,20220531,3448,0
21732,20220112,4891,0
23393,20230317,357,0
23982,20221001,4738,0
7806,20211001,4923,0
2084,20240116,3448,0
22185,20220218,4923,0
41260,20220131,4507,-1
41260,20220131,4849,0
41260,20220131,4891,0
21769,20220322,4891,0
23189,20231230,651,0
23081,20220112,4507,0
8364,20220503,3448,0
23766,20220318,4849,0
22515,20230225,4923,0
80718,20210130,4912,0
41244,20240217,4923,0
41603,20230502,2171,0
4124,20230128,651,0
8463,20220420,466,0
10086,20231107,3448,0
80981,20210708,4912,0
22360,20211113,4733,0
22360,20211113,4849,0
22828,20231107,4733,0
40341,20230502,4738,0
23609,20230228,4733,0
7091,20240203,4891,0
81058,20210324,4733,0
8956,20210926,357,0
8956,20210926,466,0
25394,20231003,4891,0
20341,20231208,2171,0
23072,20220202,2171,0
80696,20210309,466,0
42633,20221206,4507,0
22512,20221207,651,0
6512,20231217,651,0
42510,20220514,466,0
24085,20231123,4912,0
22940,20221124,3448,0
24823,20220323,3448,0
26128,20211115,651,0
40220,20230126,3448,0
24669,20220407,4849,0
23485,20220416,4738,0
20785,20240312,4733,0
20785,20240312,4891,0
43026,20221120,466,0
22975,20240106,2171,0
22315,20230815,651,0
25890,20220318,3448,0
7391,20220605,3448,0
42583,20231029,4849,0
25510,20231120,4923,0
42607,20221126,4849,0
22816,20211019,4849,0
22816,20211019,4923,0
40462,20230603,4891,0
21525,20230201,2171,0
9930,20220228,4923,0
40247,20230419,4738,-1
40247,20230419,4891,0
20228,20240320,3448,0
25675,20240118,4849,0
25894,20220426,4912,0
23845,20231204,466,0
27628,20240321,4912,0
21217,20240115,357,0
41779,20230421,357,-1
25866,20230407,4891,0
22045,20230119,4733,0
22045,20230119,4849,0
22045,20230119,4891,0
7144,20221219,357,0
9888,20220523,4891,0
22012,20221219,2171,0
83365,20230620,4733,0
83365,20230620,4891,0
83365,20230620,4912,-1
40482,20220418,3448,0
20787,20230529,4923,0
10774,20230524,4891,0
41703,20230908,4507,0
7582,20220916,2171,0
21409,20231031,4507,0
21706,20240102,2171,0
25986,20211005,4738,0
80902,20210404,4738,0
21191,20220510,4507,0
21296,20221011,4849,0
21296,20221011,4891,0
20990,20220109,4891,0
20089,20210518,651,0
20669,20211219,651,0
22868,20230108,4912,0
80632,20210222,651,0
3568,20240108,4891,0
11795,20220112,466,0
41061,20230604,4507,0
25904,20220321,4891,0
24767,20210921,4849,0
2376,20221028,4891,0
21770,20230507,651,0
20067,20210629,4733,0
26034,20221115,4507,0
26034,20221115,4923,0
11617,20211103,2171,0
10790,20220524,4733,0
1627,20221216,4891,0
21269,20231109,4738,0
23959,20211001,4733,0
6237,20221030,4923,0
25824,20230107,651,0
24740,20240327,4891,0
21319,20230303,4507,0
21319,20230303,4912,0
6562,20231112,4891,0
23230,20220307,4923,0
20915,20210523,4507,0
22606,20221111,4507,0
22576,20211015,4733,0
40435,20230814,2171,-1
4629,20230422,4507,0
41121,20220417,4849,0
41121,20220417,4891,0
41121,20220417,4923,0
7075,20221122,4733,0
7047,20220108,4891,0
22084,20221208,466,0
25864,20220125,4507,0
25864,20220125,4733,0
22449,20220518,3448,0
25923,20221221,2171,0
5197,20240215,4733,0
4760,20220123,466,0
40185,20230909,4912,0
23628,20230406,4849,0
23628,20230406,4891,0
24424,20220314,4733,0
24424,20220314,4738,0
24424,20220314,4923,0
25727,20231213,4891,0
4634,20230411,4733,0
10497,20220601,3448,0
25256,20221113,4849,0
25256,20221113,4891,0
20762,20210709,4912,0
41098,20230506,4891,0
21557,20220307,651,0
21885,20211204,2171,0
11171,20211113,357,0
11929,20220102,4733,0
80789,20210223,4891,0
80789,20210223,4912,0
80950,20210422,4849,0
20043,20230904,3448,0
41285,20240310,357,6
40403,20230908,2171,0
22084,20221208,2171,0
3937,20221223,4891,0
25753,20231208,4912,0
9338,20211027,4891,0
21267,20211115,651,0
20687,20211219,4738,0
23266,20220516,3448,0
22372,20210921,651,0
25095,20230226,2171,0
23937,20211112,4891,0
7943,20231020,4507,0
23631,20240107,4891,0
24515,20211021,651,0
24023,20220612,4849,0
40068,20230406,4733,-1
25800,20230514,2171,0
82403,20211119,4912,0
24290,20230211,2171,0
20193,20210617,4849,0
20193,20210617,4912,0
25967,20230904,651,0
24327,20240117,4891,0
25277,20220516,651,0
21841,20220417,4923,0
23841,20221110,2171,0
1428,20210602,4849,0
42533,20230602,466,0
42486,20230531,4733,0
25623,20230430,4849,0
23283,20221110,4891,0
22436,20210923,466,0
20565,20211016,357,0
20565,20211016,466,0
22898,20230303,4733,0
24113,20221008,4738,0
24113,20221008,4891,0
2667,20220312,357,0
20823,20210610,466,0
3465,20230527,4923,0
21325,20220120,4507,0
21325,20220120,4733,0
21325,20220120,4923,0
20684,20231228,3448,0
10349,20221122,4738,0
10349,20221122,4891,0
41141,20220429,4733,1
11386,20240114,2171,0
23774,20220119,2171,0
41140,20240219,4738,-1
10484,20220404,2171,0
23616,20230406,4733,0
23616,20230406,4912,0
23616,20230406,4923,0
20049,20240212,466,0
40680,20231119,4923,0
5006,20221026,4738,0
80648,20210205,651,0
25342,20230111,651,0
21270,20211020,4507,0
24367,20231029,4923,0
2930,20240211,4891,0
2930,20240211,4923,0
2770,20230617,4923,0
20073,20230602,3448,0
23646,20230513,466,0
7745,20220322,3448,0
4588,20230507,357,0
512,20210503,4738,0
20444,20230201,466,0
26015,20211125,4891,0
26015,20211125,4923,0
4005,20220120,4891,0
26163,20221018,4738,0
26163,20221018,4891,0
24177,20221124,4891,0
20624,20220218,651,0
24831,20230402,3448,0
26272,20221008,4923,0
10854,20231216,4891,0
25859,20230206,357,0
25859,20230206,466,0
4824,20220927,4891,0
24762,20220314,4849,0
82267,20211030,4849,0
21294,20211022,466,0
23167,20230506,4507,0
23167,20230506,4738,0
24952,20230515,4733,0
6687,20230208,4923,0
41887,20230603,466,0
181,20210505,4912,0
20435,20230201,4507,0
20435,20230201,4738,0
20435,20230201,4891,0
22571,20211219,4733,0
22208,20230111,2171,0
41617,20230404,466,0
23918,20230529,466,0
22440,20210626,4738,0
43005,20231123,651,0
25750,20211009,4507,0
2012,20230913,2171,0
1933,20240213,4891,0
6023,20211110,4891,0
24134,20211015,4891,0
21444,20211114,2171,0
6709,20211013,4891,0
21684,20220130,3448,0
4233,20220406,4891,0
40690,20231023,651,4
24348,20230107,357,0
40448,20220612,651,-1
20481,20220425,4738,0
20953,20220208,651,0
23889,20230528,3448,0
4398,20220526,651,0
5964,20211205,4507,0
41533,20220305,3448,0
26940,20240321,357,0
42277,20231019,466,0
9067,20230613,4733,0
42047,20231029,3448,0
21717,20221110,4507,0
21717,20221110,4891,0
21717,20221110,4912,0
20162,20221011,4507,0
20162,20221011,4738,0
20162,20221011,4891,0
20162,20221011,4912,0
11008,20220420,466,0
21200,20230402,4849,0
41722,20230111,4733,0
40833,20231124,466,0
24197,20230120,2171,0
1458,20220505,466,0
42649,20230130,4923,0
42022,20220603,4733,0
25356,20230208,3448,0
20577,20220418,4912,0
24051,20231123,2171,0
22036,20231217,466,0
81014,20210403,4849,0
3699,20240213,4507,0
42995,20231125,651,0
7419,20231205,4912,0
6855,20240130,466,0
24495,20231029,2171,0
7952,20221216,4891,0
22744,20240109,4507,0
22744,20240109,4738,0
6491,20230611,4849,0
23213,20221111,3448,0
22255,20220918,4733,0
22255,20220918,4738,0
22255,20220918,4891,0
22255,20220918,4912,0
564,20210513,4733,0
564,20210513,4891,0
5496,20211103,2171,0
11392,20220917,4891,0
26199,20231110,466,0
82634,20220103,4891,0
22561,20230926,3448,0
41664,20220529,4733,0
41664,20220529,4891,0
41664,20220529,4923,0
41879,20230504,651,0
20596,20230402,357,0
20596,20230402,466,0
21293,20220212,4733,0
26044,20221114,4738,0
26044,20221114,4849,0
26044,20221114,4891,0
22762,20220321,4891,0
27641,20231029,4891,0
27267,20231123,357,0
21227,20211101,4738,0
24097,20231028,4507,0
24097,20231028,4891,0
20622,20220513,3448,0
4109,20231110,4923,0
5473,20220220,3448,0
25474,20220416,4849,0
25056,20240227,4849,0
5846,20231003,4507,0
25712,20230926,4507,0
25712,20230926,4891,0
4837,20211127,4849,0
2104,20240211,4891,0
40261,20230608,651,-1
24258,20220322,2171,0
22427,20210923,357,0
25700,20231120,466,0
11500,20230124,4923,0
11244,20231102,4923,0
7624,20240217,3448,0
2818,20220529,466,0
22496,20231123,2171,0
24246,20220313,4507,0
41257,20230327,651,0
43078,20230209,4849,0
43078,20230209,4923,0
21324,20230202,4923,0
25730,20231120,4733,0
25730,20231120,4738,0
21408,20240227,466,0
41691,20221104,4912,0
43060,20220503,3448,0
21378,20231125,4923,0
21225,20211116,4891,0
42709,20240227,4849,0
42709,20240227,4923,0
11073,20221028,4891,0
20161,20221011,4507,0
20161,20221011,4738,0
25017,20221008,4507,0
25017,20221008,4912,0
21581,20240327,466,0
9675,20230913,2171,0
40224,20220412,3448,0
24292,20220509,4849,0
27584,20231228,357,0
27584,20231228,466,0
21081,20230523,4891,0
21032,20231217,4912,0
1766,20210519,4923,0
7648,20220401,2171,0
24359,20231108,2171,0
5643,20221122,4923,0
25320,20230207,4507,0
25320,20230207,4923,0
22410,20230527,4912,0
3118,20230905,651,0
25506,20211211,2171,0
23343,20230507,4849,0
41096,20230508,651,0
25880,20220221,4912,0
20850,20210609,4738,0
3820,20211103,4912,0
22159,20220213,4849,0
25521,20221011,466,0
3598,20211108,4912,0
40021,20230404,357,0
23799,20220318,3448,0
40974,20240329,651,0
24565,20211019,4923,0
24071,20211021,651,0
20626,20230405,4923,0
40312,20220918,651,0
22099,20221106,4849,0
9978,20220221,4912,0
20403,20210609,4849,0
23830,20230919,4923,0
21348,20220314,4733,0
21348,20220314,4849,0
41884,20230601,4733,0
25335,20230305,4507,0
25335,20230305,4891,0
23098,20230104,4738,0
23098,20230104,4891,0
23098,20230104,4923,0
1533,20221002,4912,0
9648,20211101,4891,0
25952,20230925,466,0
23333,20240214,4738,0
23333,20240214,4891,0
21657,20220314,466,0
2062,20211007,3448,0
24021,20230509,2171,0
10925,20230812,4923,0
20314,20211015,4891,0
20314,20211015,4923,0
8908,20220210,3448,0
20583,20220418,4507,0
20583,20220418,4733,0
20583,20220418,4738,0
23459,20230902,4507,0
23459,20230902,4849,0
22388,20220530,4849,0
22388,20220530,4891,0
25060,20220318,3448,0
3639,20240215,2171,0
25216,20230521,4849,0
21319,20230303,466,0
20242,20220612,466,0
20622,20220513,466,0
80665,20210322,4733,0
80665,20210322,4891,0
25564,20230613,3448,0
24298,20230108,4507,0
24298,20230108,4891,0
25198,20240303,4507,0
91,20210504,4891,0
4676,20221017,651,0
20856,20230617,466,0
23694,20231121,466,0
83414,20231010,466,0
41362,20231211,651,-1
21166,20210618,4849,0
1994,20220103,4923,0
20422,20210530,4733,0
24465,20220120,2171,0
23286,20211215,4507,0
23286,20211215,4923,0
24163,20231012,4891,0
24635,20220311,2171,0
25391,20230107,651,0
40948,20240305,3448,0
24110,20221004,3448,0
24638,20220329,2171,0
25494,20211015,4912,0
40398,20221219,357,0
40398,20221219,466,0
43042,20230424,4733,0
43042,20230424,4923,0
24761,20230806,357,0
26982,20231121,4507,0
26982,20231121,4733,0
26982,20231121,4891,0
23153,20230528,4912,0
21433,20230202,651,0
42129,20230529,4891,-1
5924,20230511,2171,0
26696,20240406,651,0
41761,20211217,4738,0
11552,20220529,4891,0
21127,20210605,466,0
5232,20230418,2171,0
20846,20210708,4738,0
24509,20230313,3448,0
400,20210529,466,0
5815,20220606,4891,0
23893,20230407,4507,0
40692,20230930,466,0
20444,20230201,4891,0
20444,20230201,4923,0
22161,20240128,3448,0
22101,20211117,4923,0
42756,20231221,4507,0
42756,20231221,4912,0
41092,20240222,357,0
25925,20231002,357,0
41935,20220318,466,0
24082,20231028,4891,0
11599,20230512,3448,0
20423,20210618,4733,0
24640,20211219,4738,0
24640,20211219,4891,0
42656,20220509,4849,0
8247,20231207,4738,0
9307,20231208,4891,0
24253,20230228,3448,0
42488,20230602,2171,0
8831,20221025,466,0
22027,20220515,2171,0
43078,20230209,3448,-1
22591,20230926,4507,0
22591,20230926,4733,0
22591,20230926,4891,0
20778,20210618,466,0
21164,20210619,357,0
43018,20220318,4891,0
20971,20211022,4738,0
20971,20211022,4912,0
20971,20211022,4923,0
25823,20220213,4733,0
22184,20220218,357,0
24346,20220126,651,0
10596,20230415,4849,0
24339,20240320,2171,0
24670,20230228,4891,0
40074,20230408,2171,0
24674,20220207,2171,0
42704,20240128,4733,-1
42704,20240128,4912,0
25535,20210923,357,0
20224,20210617,4733,0
8701,20230923,357,0
1387,20210606,4849,0
24252,20221224,4923,0
4592,20220112,4912,0
24043,20220612,4507,0
24043,20220612,4891,0
26260,20210923,651,0
8824,20221025,357,0
7243,20220405,4923,0
41673,20230822,2171,0
24671,20220212,4507,0
24671,20220212,4733,0
24671,20220212,4738,0
24671,20220212,4912,0
20595,20220218,466,0
8021,20230611,4738,0
8021,20230611,4849,0
20770,20210619,4507,0
40491,20220418,3448,0
202,20210410,466,0
26246,20220212,4507,0
26246,20220212,4733,0
26246,20220212,4849,0
5345,20240320,357,0
83341,20230428,357,0
83341,20230428,466,0
24738,20240130,2171,0
22373,20211020,2171,0
10496,20220605,3448,0
20351,20240316,4891,0
20351,20240316,4923,0
6854,20220529,4891,0
23340,20220419,357,0
11661,20211104,4912,0
24182,20220103,4912,0
2972,20230523,4912,0
41984,20230928,4507,0
10540,20221222,466,0
11394,20231216,4891,0
22746,20240319,4507,0
22746,20240319,4923,0
9404,20230420,651,0
22807,20211015,3448,0
6514,20211112,357,0
80666,20210402,651,0
20782,20240313,2171,0
22822,20211216,4923,0
20558,20231231,4891,0
9976,20240229,4891,0
21084,20220321,2171,0
25424,20220210,4738,0
21352,20230112,4738,0
20436,20221207,4507,0
22434,20221008,466,0
40109,20230503,4733,0
7033,20221214,651,0
25157,20240327,3448,0
20479,20221209,4923,0
6533,20231009,357,0
23093,20220109,357,0
41605,20220316,466,0
20265,20220417,4733,0
20265,20220417,4738,0
20265,20220417,4912,0
343,20210430,651,0
80664,20210402,357,0
20175,20210927,4891,0
25351,20240102,4849,0
41637,20230404,2171,0
24381,20211128,4923,0
21808,20230525,4891,0
22847,20211114,4849,0
80654,20210205,2171,0
4296,20211001,4849,0
2450,20231103,3448,0
3810,20231003,651,0
42590,20221126,4507,0
42590,20221126,4923,0
6798,20240117,4923,0
21911,20211208,4891,0
5912,20230326,2171,0
83318,20230428,466,0
23055,20211220,4923,0
1467,20221220,4733,0
21354,20230308,4733,0
23606,20230202,357,0
23606,20230202,466,0
25334,20230303,2171,0
20194,20230409,3448,0
42499,20220514,4912,-1
42499,20220514,4923,0
21275,20221009,651,0
22340,20220414,357,0
22340,20220414,466,0
40551,20230427,4507,0
40551,20230427,4923,0
4807,20231009,357,0
24085,20231123,357,0
24083,20231123,4912,0
10213,20240215,4849,0
25053,20230421,4507,0
4088,20220204,357,0
21064,20230926,4912,0
25754,20231012,651,0
40119,20230504,4738,0
40095,20230502,4733,0
42628,20220510,357,0
21529,20220210,466,0
22343,20230408,466,0
21840,20211219,4738,0
21840,20211219,4849,0
23841,20221110,4891,0
23841,20221110,4923,0
9523,20230924,4507,0
24427,20230108,4507,0
24427,20230108,4738,0
24427,20230108,4849,0
8156,20220527,4912,0
20774,20210522,4733,0
20774,20210522,4923,0
25635,20231014,4923,0
22171,20220218,4891,0
24963,20220321,2171,0
7226,20220323,2171,0
26007,20211215,4507,0
26007,20211215,4891,0
26007,20211215,4923,0
42538,20220417,357,0
20094,20210609,4507,0
20597,20230112,2171,0
22977,20221028,4891,0
20462,20230202,4849,0
20462,20230202,4912,0
20462,20230202,4923,0
1137,20230904,4733,0
5375,20231021,2171,0
42585,20231215,2171,0
20219,20210628,357,0
40542,20240319,651,0
8791,20211129,4912,0
41756,20211218,651,0
1517,20211031,4891,0
23439,20211009,4738,0
10942,20221020,4912,0
112,20210410,651,0
22172,20230303,651,0
7968,20211129,3448,0
21329,20220120,4891,0
140,20210412,4507,0
24579,20220213,466,0
83463,20240313,4849,0
42665,20220217,3448,0
452,20210511,4507,0
10803,20220530,651,0
22959,20240309,2171,0
21205,20210620,651,0
42759,20220910,651,-1
10177,20231018,4738,0
41629,20240305,4923,0
80859,20210321,4912,0
179,20210428,4891,0
179,20210428,4912,0
1677,20231004,466,0
10775,20230815,466,0
6180,20240108,4849,0
6856,20220123,2171,0
25108,20220610,4891,0
5253,20230520,466,0
22296,20230430,466,0
22080,20230529,4849,0
20070,20230405,4849,0
21234,20211117,4738,0
24391,20221111,4891,0
20194,20230409,2171,0
9423,20231205,4738,0
20670,20211220,651,0
42229,20230814,3448,0
41724,20230908,4923,0
24791,20220211,651,0
6966,20231111,3448,0
42722,20240127,4507,-1
20895,20210628,4849,0
3677,20220205,3448,0
22221,20230406,4923,0
24539,20231220,4912,0
40908,20230212,4923,0
6553,20230620,4507,0
23848,20231231,2171,0
22494,20231123,2171,0
40274,20220412,466,0
23003,20220213,4733,0
23003,20220213,4849,0
23603,20220103,466,0
21025,20240130,4507,0
21025,20240130,4849,0
21025,20240130,4891,0
41669,20220511,3448,-1
5514,20211013,4923,0
24668,20221110,4507,0
24668,20221110,4733,0
24668,20221110,4849,0
24668,20221110,4891,0
41618,20230404,4891,0
4117,20221122,4923,0
27228,20231123,4733,0
22214,20220218,4733,0
22214,20220218,4891,0
21513,20230201,466,0
8739,20211028,357,0
11504,20240312,651,0
20622,20220513,4733,0
40524,20220505,4891,0
42020,20230922,4738,0
24357,20211014,4912,0
5876,20231228,4891,0
24124,20211015,4891,0
9931,20220301,3448,0
41943,20230928,4738,0
40443,20230604,4733,0
40443,20230604,4912,0
40443,20230604,4923,0
42500,20220529,3448,-1
43037,20230308,4923,-1
24953,20220322,466,0
41532,20240106,4891,0
83325,20230428,466,0
5124,20231231,4849,0
40451,20240222,4738,0
22108,20210923,4891,0
22108,20210923,4923,0
25903,20220414,3448,0
23338,20220419,4507,0
23338,20220419,4849,0
22271,20231108,4738,0
20638,20220414,4507,0
20638,20220414,4738,0
3255,20221115,4891,0
82401,20211120,466,0
20966,20231029,3448,0
11874,20220130,3448,0
5931,20230618,4507,0
24205,20230228,4891,0
22186,20220218,357,0
22186,20220218,466,0
23657,20211120,466,0
25699,20230926,4738,0
25699,20230926,4923,0
24691,20211015,4912,0
25205,20230414,2171,0
21874,20230806,466,0
42758,20231221,2171,0
41626,20230502,4849,0
3513,20230111,466,0
8203,20240114,4912,0
24194,20230419,4733,0
20812,20230926,4891,0
22287,20230913,4849,0
24380,20230829,4507,0
21555,20220307,651,0
7261,20211211,3448,0
1719,20230917,4923,0
20926,20210628,357,0
42267,20230814,4849,0
42267,20230814,4912,0
25803,20220417,4507,0
25803,20220417,4733,0
25803,20220417,4738,0
23875,20230529,4507,0
23875,20230529,4738,0
22735,20240105,651,0
11958,20220505,4923,0
3874,20230127,466,0
24399,20211117,4733,0
24399,20211117,4891,0
4277,20231006,4738,0
4306,20211024,357,0
42946,20230909,651,0
11201,20211104,4507,0
22644,20230303,357,0
23471,20240317,4733,0
23001,20220204,4849,0
9338,20211027,466,0
23888,20240313,4507,0
11673,20231202,4507,0
11673,20231202,4891,0
11673,20231202,4923,0
42268,20231030,2171,0
20998,20211117,2171,0
43042,20230424,651,0
21232,20211120,4733,0
21232,20211120,4891,0
5671,20220406,4507,0
20629,20230129,4733,0
20640,20220314,466,0
24668,20221110,651,0
24183,20231202,4733,0
42800,20240127,4738,0
20351,20240316,466,0
24294,20220512,651,0
24473,20231231,466,0
9524,20211101,4912,0
6292,20220109,466,0
41795,20220302,466,0
41244,20240217,2171,-1
3065,20230410,3448,0
8973,20211029,357,0
40550,20230427,357,0
40550,20230427,466,0
22156,20220604,4912,0
23798,20220120,4849,0
23798,20220120,4891,0
25547,20211021,651,0
26200,20230310,4891,0
6416,20211108,4923,0
2740,20221026,466,0
22051,20220420,651,0
42115,20230603,4849,0
6958,20231102,4923,0
1461,20240409,4912,0
22326,20220516,3448,0
20947,20221205,4738,0
41683,20231007,4891,0
23415,20211218,4891,0
23153,20230528,357,0
41156,20240220,2171,0
24047,20220612,466,0
26294,20231123,4507,0
273,20210408,4738,0
24114,20230207,4891,0
24333,20220511,651,0
40269,20220131,4891,0
25377,20221104,4849,0
25377,20221104,4912,0
25377,20221104,4923,0
22756,20220416,466,0
20794,20230828,4923,0
3634,20240215,357,0
24105,20231020,2171,0
24657,20230414,2171,0
21973,20220413,4923,0
24800,20220316,357,0
22190,20230406,357,0
22190,20230406,466,0
20245,20210619,357,0
20245,20210619,466,0
20940,20211101,4891,0
20505,20210627,466,0
21599,20230829,4912,0
25310,20240131,651,0
25356,20230208,466,0
81069,20210401,4849,0
40307,20220910,4507,0
40307,20220910,4738,0
8773,20211116,3448,0
11801,20230121,466,0
43035,20220227,2171,0
23745,20230207,357,0
23128,20230523,2171,0
21708,20231002,357,0
21708,20231002,466,0
22884,20221205,651,0
40485,20220612,4733,0
40485,20220612,4912,0
22065,20230328,4738,0
8996,20221020,357,0
20645,20220120,357,0
7770,20211112,4733,0
42996,20231123,4923,0
9572,20220427,4738,0
20734,20210620,357,0
20734,20210620,466,0
23751,20230107,4912,0
23113,20220421,466,0
8031,20220402,357,0
4363,20230416,466,0
22713,20211116,4849,0
41908,20230312,4849,0
41746,20230402,4733,0
41746,20230402,4738,0
23352,20220413,651,0
23708,20220109,4891,0
80641,20210107,357,0
22813,20230925,4507,0
22813,20230925,4891,0
26228,20220307,4891,0
9749,20230127,4912,0
41124,20240329,4891,0
2354,20220105,2171,0
20180,20230812,466,0
25876,20220414,2171,0
40250,20220613,4507,0
4842,20210930,4891,0
25357,20230207,4849,0
25357,20230207,4891,0
25357,20230207,4912,0
20411,20210617,466,0
25310,20240131,4849,0
25310,20240131,4912,0
7033,20221214,466,0
20981,20231123,4738,0
2160,20210516,466,0
25864,20220125,2171,0
10273,20221214,651,0
21578,20220212,357,0
21578,20220212,466,0
21100,20230524,651,0
21540,20220114,466,0
26797,20231121,4738,0
26797,20231121,4891,0
41914,20230504,2171,0
26056,20220221,4891,0
24309,20230207,4507,0
24309,20230207,4738,0
22172,20230303,4507,0
9409,20220408,4507,0
11473,20230410,4891,0
42687,20240128,4507,0
25815,20230316,3448,0
3326,20220420,3448,0
20675,20211219,651,0
25245,20231002,4891,0
24774,20211211,4891,0
23091,20220205,4849,0
23726,20230205,4923,0
25336,20220314,4738,0
25336,20220314,4923,0
21394,20231120,4849,0
42552,20231029,651,0
20857,20230620,4507,0
26802,20230927,4733,0
26802,20230927,4923,0
6054,20240212,2171,0
24511,20231031,4738,0
23213,20221111,4891,0
8622,20231021,4891,0
25141,20220313,4891,0
20365,20211119,4738,0
2543,20220308,4912,0
3733,20220327,4849,0
23072,20220202,4923,0
22691,20220417,651,0
8162,20230527,4507,0
4116,20220407,357,0
4116,20220407,466,0
42284,20231015,4507,-1
42284,20231015,4733,0
42284,20231015,4849,0
42284,20231015,4912,0
27641,20231029,2171,0
21040,20211111,4733,0
25613,20220428,4507,0
25613,20220428,4923,0
25052,20220416,466,0
40527,20230504,3448,0
42625,20230428,4891,0
42625,20230428,4923,0
25783,20230401,466,0
6915,20230514,3448,0
41495,20230317,651,-1
42531,20230501,357,0
42531,20230501,466,0
1864,20211002,651,0
26069,20221009,651,0
4596,20220406,466,0
7222,20220106,4891,0
24797,20220225,4733,0
24797,20220225,4738,0
26173,20210921,4507,0
26173,20210921,4738,0
26173,20210921,4891,0
26173,20210921,4923,0
8401,20211110,3448,0
10392,20231110,4891,0
5491,20231012,357,0
40689,20231124,4733,0
24201,20230108,466,0
24761,20230806,2171,0
22522,20211023,3448,0
23800,20230914,4507,0
23800,20230914,4849,0
22604,20221111,4507,0
24343,20240229,4891,0
41132,20220525,466,0
40943,20220430,4733,0
7261,20211211,4912,0
25645,20221011,4733,0
25645,20221011,4891,0
25645,20221011,4923,0
80656,20210202,357,0
83344,20230428,2171,0
24925,20230410,4738,0
23002,20230202,4507,0
23002,20230202,4912,0
23002,20230202,4923,0
23073,20220221,4849,0
23073,20220221,4912,0
3387,20220918,4923,0
20815,20240114,2171,0
21305,20220314,4733,0
83319,20230428,4849,0
83319,20230428,4891,0
83319,20230428,4923,0
20679,20221104,4733,0
20679,20221104,4891,0
21241,20211020,4912,0
24512,20231109,2171,0
20504,20210530,4891,0
24467,20221111,466,0
42046,20221018,4738,0
24800,20220316,4507,0
21683,20230201,4891,0
4415,20221225,4923,0
40149,20230208,4733,0
286,20210420,651,0
22807,20211015,466,0
8661,20240114,4733,0
3789,20231207,357,0
25004,20220513,651,0
40653,20230427,4507,0
25798,20231228,2171,0
25681,20221105,4912,0
42012,20221115,4738,0
42012,20221115,4912,0
20532,20210923,466,0
21377,20221106,357,0
21764,20210927,4891,0
20336,20221130,3448,0
26252,20220327,2171,0
22843,20230929,4733,0
22843,20230929,4738,0
22843,20230929,4849,0
22688,20221225,4738,0
40299,20220917,4738,-1
42645,20240322,3448,0
2686,20220407,4891,0
23182,20240321,3448,0
25343,20230206,4738,0
1668,20231005,651,0
2290,20220917,4849,0
40486,20220612,4912,0
22415,20221106,466,0
7043,20220207,4891,0
22721,20230406,4507,0
22721,20230406,4733,0
22721,20230406,4923,0
42589,20221126,4849,0
40159,20231101,651,0
25420,20220922,2171,0
27801,20231230,3448,0
4761,20220421,4507,0
20599,20230209,4891,0
20599,20230209,4912,0
83342,20230428,2171,0
21703,20220114,357,0
21703,20220114,466,0
6436,20240317,4891,0
11838,20231103,4912,0
25135,20220426,466,0
83353,20230428,4507,0
83353,20230428,4923,0
21100,20230524,2171,0
23641,20220612,3448,0
2684,20220408,2171,0
80663,20210322,466,0
9570,20220528,4923,0
2278,20211104,4733,0
24982,20230331,4507,0
23040,20230915,357,0
3027,20220208,3448,0
41294,20240309,4738,0
41294,20240309,4912,0
42656,20220509,3448,0
23477,20240311,651,0
22451,20230424,3448,0
9492,20221027,4733,0
24441,20230126,4738,0
25366,20231228,4912,0
21403,20230104,4733,0
8322,20220126,2171,0
24232,20240320,4733,0
24232,20240320,4738,0
24232,20240320,4891,0
3273,20221028,4923,0
7925,20240130,4849,0
20235,20210522,357,0
6752,20211127,4923,0
21628,20230208,466,0
26042,20220121,2171,0
11764,20221224,466,0
8194,20240212,4923,0
20242,20220612,4507,0
20242,20220612,4912,0
22337,20220321,4891,0
1564,20231214,357,0
22338,20220218,2171,0
24480,20220315,3448,0
7093,20240108,4891,0
25786,20231228,3448,0
40482,20220418,651,0
23261,20230401,2171,0
26207,20230201,466,0
43035,20220227,3448,0
6972,20230915,4912,0
6972,20230915,4923,0
40492,20220418,2171,0
24727,20230606,2171,0
26070,20220217,357,0
21348,20220314,651,0
21275,20221009,4891,0
7048,20240102,4891,0
25774,20230312,466,0
21931,20240316,4912,0
23789,20230402,357,0
24348,20230107,2171,0
4715,20220210,4733,0
82406,20211118,651,-1
4117,20221122,2171,0
22823,20231111,3448,0
2797,20230521,466,0
23437,20230806,651,0
10782,20230620,4733,0
6891,20240212,2171,0
20756,20230505,466,0
20299,20210626,4733,0
42385,20240319,4912,0
21307,20211022,4507,0
21307,20211022,4912,0
23569,20220310,4891,0
21664,20220430,3448,0
7085,20231207,357,0
24103,20220121,357,0
11546,20220326,3448,0
24228,20230506,466,0
23597,20230108,4733,0
23597,20230108,4738,0
40147,20230502,4507,0
22411,20211119,3448,0
24467,20221111,3448,0
10307,20220930,4891,0
11852,20231004,357,0
11852,20231004,466,0
2535,20221219,4891,0
24327,20240117,3448,0
3832,20211102,3448,0
21328,20240223,357,0
23563,20230325,4912,0
42946,20230909,3448,-1
22204,20220413,651,0
9650,20211030,4891,0
3284,20220104,651,0
24228,20230506,4507,0
24228,20230506,4849,0
26211,20230228,4923,0
6665,20211127,4923,0
20822,20210621,4891,0
3810,20231003,466,0
25188,20230104,2171,0
23379,20220513,4891,0
2741,20221027,4733,0
23386,20230406,4733,0
6962,20231004,466,0
22380,20221116,466,0
23774,20220119,4923,0
22030,20240107,4849,0
40423,20231215,2171,0
25466,20230406,651,0
23584,20221219,4733,0
23584,20221219,4891,0
21597,20240311,357,0
10471,20240213,4891,0
10721,20240204,466,0
40397,20231211,4738,0
40397,20231211,4891,0
27767,20231122,357,0
27767,20231122,466,0
21804,20240317,651,0
24793,20220213,2171,0
3668,20240403,4912,0
23770,20220318,4923,0
43068,20220128,4738,0
43068,20220128,4923,0
22378,20220601,651,0
80617,20201223,4738,0
23404,20220213,357,0
23698,20220121,4912,0
26253,20211020,4738,0
24498,20231028,651,0
42098,20230909,357,0
2039,20231014,3448,0
21690,20220314,4891,0
21690,20220314,4923,0
4384,20230619,466,0
26094,20221224,2171,0
41147,20240219,4849,0
41270,20240222,4733,0
41270,20240222,4891,-1
24174,20231216,4507,0
26017,20210923,651,0
80719,20210130,651,0
25090,20220219,357,0
41628,20240128,466,0
21650,20220605,357,0
23763,20220512,651,0
22730,20220414,4507,0
22730,20220414,4733,0
20274,20210517,466,0
21178,20220318,4507,0
21178,20220318,4923,0
26690,20240406,357,0
43037,20230308,2171,0
10028,20240310,4733,0
24084,20220209,4733,0
24495,20231029,357,0
21986,20220331,4849,0
25882,20230402,466,0
25706,20231120,4849,0
25706,20231120,4891,0
25491,20220512,4507,0
25491,20220512,4849,0
25491,20220512,4912,0
27603,20231103,4849,0
41610,20220316,2171,0
23847,20230108,651,0
20025,20240321,357,0
23374,20230319,4849,0
22427,20210923,4507,0
22427,20210923,4891,0
24930,20230523,651,0
20975,20240211,651,0
21186,20220513,2171,0
23827,20221114,4738,0
23827,20221114,4923,0
20583,20220418,3448,0
80649,20210220,4733,0
80649,20210220,4738,0
80649,20210220,4849,0
80649,20210220,4923,0
24818,20220213,4891,0
27080,20231119,2171,0
24915,20220314,4738,0
42827,20240303,2171,0
41597,20231231,3448,0
2117,20230328,4891,0
10582,20240216,357,0
22921,20211117,4733,0
22921,20211117,4891,0
24021,20230509,4849,0
22755,20230405,4733,0
22755,20230405,4738,0
24983,20220313,466,0
21412,20231119,4912,0
7971,20211109,4507,0
7971,20211109,4891,0
40533,20220113,651,0
20633,20220120,4849,0
10479,20220329,357,0
24798,20220313,466,0
43005,20231123,3448,0
40454,20230604,4733,0
25125,20220407,4891,0
3675,20230125,4912,0
40815,20230616,651,0
25098,20220512,4923,0
22588,20230926,651,0
6848,20211108,3448,0
24824,20230507,4849,0
4410,20220226,4733,0
6566,20231112,2171,0
22889,20220314,2171,0
22558,20231109,2171,0
21990,20230422,3448,0
42879,20240220,4738,0
22982,20211020,4891,0
22982,20211020,4923,0
83351,20230428,4738,0
83351,20230428,4849,0
23658,20211122,4849,0
26141,20230202,4849,0
80648,20210205,4738,0
80648,20210205,4891,0
21414,20211115,651,0
21108,20230521,4849,0
24905,20220516,4891,0
24502,20211117,4891,0
24502,20211117,4923,0
22363,20211016,3448,0
42530,20230602,3448,0
21764,20210927,466,0
20073,20230602,2171,0
26058,20221105,4738,0
23787,20220512,4738,0
23787,20220512,4912,0
27351,20230927,4507,0
21390,20231120,3448,0
2980,20220504,3448,0
2294,20221016,4891,0
5785,20220323,4891,0
42624,20230428,4507,0
42624,20230428,4849,-1
42624,20230428,4891,-1
42624,20230428,4912,0
42624,20230428,4923,0
83351,20230428,2171,0
20693,20231031,357,0
9283,20220205,3448,0
41918,20220513,2171,0
24569,20220202,4507,0
26029,20220314,466,0
80660,20210131,4891,0
80660,20210131,4923,0
10931,20221001,4849,0
42920,20230309,4891,0
4389,20230420,4891,0
42623,20230109,466,0
23183,20230429,4891,0
23732,20230303,4891,0
23732,20230303,4923,0
20253,20210523,651,0
11224,20211006,466,0
41717,20230908,3448,0
7265,20211007,4733,0
23083,20230226,4849,0
41362,20231211,3448,0
43036,20230119,3448,0
24797,20220225,651,0
20385,20210523,4733,0
20385,20210523,4891,0
8789,20220309,4891,0
4687,20221024,4923,0
21618,20240229,2171,0
3513,20230111,4891,0
3513,20230111,4912,0
25838,20230304,4849,0
25838,20230304,4891,0
22841,20231022,4733,0
42411,20230603,466,0
22902,20231231,4912,0
22902,20231231,4923,0
40490,20220612,4849,0
42007,20221120,357,0
8919,20220225,4507,0
8919,20220225,4923,0
22889,20220314,4733,0
22165,20240128,4849,0
23755,20230308,466,0
6334,20221214,4891,0
4803,20230906,466,0
7380,20230331,4733,0
7380,20230331,4891,0
149,20210416,4507,0
149,20210416,4733,0
20532,20210923,651,0
25543,20211020,4507,0
41671,20230827,466,0
21513,20230201,3448,0
42026,20220910,4849,0
42026,20220910,4891,0
22510,20211019,4738,0
40068,20230406,357,0
40068,20230406,466,0
22386,20210921,3448,0
42707,20231125,3448,-1
26144,20221018,4738,0
20761,20210709,4738,0
22170,20220421,466,0
25981,20231011,4738,0
25981,20231011,4849,0
25981,20231011,4912,0
24738,20240130,3448,0
3659,20230415,3448,0
6006,20221101,651,0
9929,20220306,3448,0
6064,20230422,4891,0
8628,20221125,4923,0
25498,20221130,3448,0
21351,20221106,651,0
11765,20221222,357,0
25594,20220611,4912,0
25242,20211021,357,0
20243,20210522,4733,0
43043,20230406,4891,0
23668,20211021,4912,0
24921,20230312,4733,0
4476,20230113,4923,0
22054,20230119,4733,0
3023,20240406,4923,0
7084,20220225,4849,0
22301,20230502,651,0
22507,20211117,4738,0
22507,20211117,4849,0
22507,20211117,4912,0
42519,20220317,2171,0
25089,20220218,651,0
21323,20220120,4891,0
23610,20230304,4733,0
6361,20240129,4923,0
42792,20230122,4733,0
42792,20230122,4849,0
42792,20230122,4912,0
11364,20211107,4507,0
6673,20221214,4891,0
3378,20221017,466,0
21841,20220417,651,0
40733,20231007,4849,0
25943,20211216,357,0
24185,20211219,651,0
10556,20230919,4738,0
22718,20230211,4923,0
22096,20210923,466,0
42542,20240107,357,0
25481,20230507,2171,0
24962,20230515,4923,0
41260,20220131,3448,0
20315,20211220,466,0
6248,20221025,4733,0
27118,20231220,357,0
27118,20231220,466,0
21343,20231120,4738,0
42025,20231105,4738,0
25042,20240301,4738,0
41606,20220319,3448,0
2924,20230423,3448,0
40069,20220316,466,0
25105,20220414,4891,0
25105,20220414,4923,0
8794,20230125,4912,0
42585,20231215,4507,0
42585,20231215,4891,-1
41625,20220417,466,0
4736,20240102,2171,0
25094,20231125,3448,0
24741,20230207,4891,0
25468,20230406,466,0
22905,20240321,4507,0
22905,20240321,4738,0
22905,20240321,4912,0
20675,20211219,2171,0
20672,20231228,4849,0
20672,20231228,4923,0
23814,20220124,651,0
3135,20211015,2171,0
10361,20211105,3448,0
2545,20221028,4891,0
5655,20231111,4891,0
572,20210504,4849,0
22487,20230416,4849,0
23816,20211114,4891,0
41351,20231010,4507,0
8946,20221025,4891,0
4533,20240130,357,0
4533,20240130,466,0
20133,20210604,4733,0
25862,20220217,4507,0
6249,20221112,4507,0
24216,20240319,4923,0
23686,20231012,466,0
20442,20230126,4733,0
20442,20230126,4891,0
23404,20220213,4849,0
22805,20230925,3448,0
6245,20221026,3448,0
41663,20230503,2171,0
21717,20221110,651,0
23399,20220221,357,0
7968,20211129,466,0
22696,20220321,3448,0
25644,20221011,4891,0
25418,20211016,3448,0
27629,20240223,357,0
27629,20240223,466,0
26252,20220327,651,0
23865,20240219,4733,0
23865,20240219,4849,0
22224,20220218,4733,0
22224,20220218,4738,0
22224,20220218,4891,0
23809,20221018,4891,0
42635,20231230,466,0
24882,20231002,4923,0
6986,20221111,4912,0
22388,20220530,651,0
42129,20230529,3448,0
20711,20240203,2171,0
22589,20231120,3448,0
7233,20221216,651,0
20721,20221008,4912,0
80681,20210109,651,0
20020,20230530,357,0
41353,20231005,651,0
21945,20230208,357,0
7671,20230526,4891,0
7623,20240402,2171,0
4116,20220407,4738,0
10581,20240409,4912,0
83321,20230428,4507,0
43056,20240301,357,0
24899,20220419,4923,0
80661,20210322,357,0
42876,20231126,466,0
20359,20230208,357,0
5127,20231008,4733,0
25022,20211023,4733,0
25022,20211023,4849,0
25022,20211023,4891,0
26065,20221024,4738,0
40413,20231215,651,0
41927,20230529,4912,0
5172,20221114,4891,0
5172,20221114,4923,0
6162,20220420,466,0
40286,20230523,466,0
22168,20230208,2171,0
21518,20220307,4891,0
22430,20230922,357,0
25479,20230308,4507,0
25479,20230308,4733,0
25479,20230308,4738,0
25479,20230308,4923,0
5491,20231012,4923,0
4597,20220322,4891,0
40264,20230603,466,0
20430,20210522,651,0
25875,20220513,357,0
23989,20220913,357,0
25292,20220407,2171,0
8987,20231006,651,0
40964,20230503,4923,0
41147,20240219,3448,0
21334,20230205,4738,0
21334,20230205,4849,0
21807,20220511,4507,0
3025,20220331,466,0
22200,20230207,466,0
42110,20230604,4507,-1
42110,20230604,4912,0
20706,20211220,4738,0
20706,20211220,4849,0
23044,20211019,4733,0
26029,20220314,4507,0
26029,20220314,4738,0
23632,20230406,4923,0
22345,20230406,466,0
21620,20240131,2171,0
9932,20220207,3448,0
80952,20210425,4507,0
80952,20210425,4912,0
21097,20231228,4738,0
21097,20231228,4923,0
40913,20240301,3448,0
9551,20230507,4923,0
21248,20221011,4507,0
21248,20221011,4891,0
9685,20230531,357,0
21483,20220924,357,0
42561,20221216,4849,0
9630,20211008,357,0
40913,20240301,2171,0
42562,20231008,4738,0
42788,20231221,357,0
11171,20211113,4733,0
41559,20240217,4733,0
41559,20240217,4849,0
5973,20231210,4733,0
23612,20220329,4733,0
26982,20231121,466,0
26008,20211117,466,0
25392,20230108,2171,0
22525,20220217,4507,0
22525,20220217,4891,0
26110,20220301,2171,0
23756,20230303,4733,0
1991,20220106,4891,0
21356,20230308,3448,0
22755,20230405,2171,0
10076,20231102,651,0
25930,20221011,4733,0
5804,20220606,3448,0
21927,20231217,357,0
40262,20230526,4912,0
7735,20220406,4912,0
22796,20220913,4507,0
22796,20220913,4738,0
22727,20220513,651,0
24933,20220419,4733,0
41243,20220313,3448,0
24463,20230206,4507,0
20957,20230207,4738,0
20957,20230207,4849,0
20957,20230207,4912,0
11233,20211027,4891,0
11233,20211027,4912,0
11562,20240312,4923,0
80608,20201223,4507,0
42573,20221127,4733,0
40503,20240203,4507,-1
21562,20220208,357,0
25418,20211016,4507,0
22377,20210921,4891,0
22377,20210921,4923,0
21549,20231109,4507,0
21549,20231109,4738,0
80643,20210308,357,0
11913,20211112,4891,0
21654,20221104,4891,0
2186,20220327,4912,0
23388,20240214,4507,0
23613,20221207,4733,0
23613,20221207,4849,0
41465,20230830,4912,0
20737,20220611,4849,0
40546,20230107,3448,0
8148,20230530,4891,0
7926,20231016,4912,0
5344,20240407,651,0
83400,20230924,3448,0
25755,20221112,4912,0
9228,20220511,4849,0
3604,20211105,4912,0
23611,20220502,651,0
24896,20220516,4738,0
24896,20220516,4923,0
21617,20240229,2171,0
26022,20221112,4507,0
26022,20221112,4733,0
26022,20221112,4891,0
25124,20230406,466,0
24318,20230402,4733,0
24767,20210921,357,0
24166,20231111,4738,0
23026,20231122,651,0
23525,20220414,3448,0
22745,20240105,4891,0
21071,20210521,4507,0
20848,20220924,4849,0
25876,20220414,3448,0
6608,20220529,4891,0
26288,20230108,4738,0
26288,20230108,4912,0
20588,20210519,4738,0
20588,20210519,4849,0
40542,20240319,4738,0
7595,20240406,4912,0
6180,20240108,651,0
42416,20240301,2171,-1
42853,20240220,4912,-1
22547,20211116,2171,0
25824,20230107,466,0
24370,20230829,4849,0
6783,20240318,4891,0
9293,20220309,4923,0
21630,20230331,4733,0
21630,20230331,4849,0
21630,20230331,4891,0
5920,20240318,3448,0
8712,20221115,466,0
83327,20230427,4849,0
83327,20230427,4891,0
8975,20231205,4923,0
22190,20230406,4912,0
42708,20240402,4507,0
9362,20211010,4507,0
25473,20220513,4733,0
2834,20231216,4891,0
23719,20220202,2171,0
27584,20231228,3448,0
3731,20220428,3448,0
1006,20211007,4507,0
6734,20221112,4891,0
25173,20231217,651,0
22381,20220612,4849,0
41293,20230313,651,0
24741,20230207,651,0
22677,20220418,357,0
23218,20230601,4923,0
10497,20220601,4912,0
7166,20221221,4891,0
24237,20220526,4733,0
20126,20230207,4891,0
11620,20231004,4507,0
9350,20211029,4923,0
6983,20211103,466,0
2090,20240402,466,0
22892,20211125,466,0
23951,20221111,651,0
5064,20240213,466,0
21993,20220512,4849,0
4274,20211029,357,0
1416,20210531,4733,0
24376,20211117,4733,0
24376,20211117,4891,0
7002,20231202,3448,0
22426,20211107,4891,0
26030,20230107,4891,0
24288,20230407,3448,0
41701,20211220,2171,0
11008,20220420,2171,0
2409,20221122,466,0
20026,20240312,651,0
22186,20220218,4507,0
22186,20220218,4733,0
22186,20220218,4738,0
9722,20220529,4733,0
2986,20210704,4733,0
25167,20220125,4891,0
41613,20220316,466,0
43064,20230406,4923,0
8677,20230327,4507,0
8677,20230327,4733,0
8677,20230327,4891,0
24525,20240316,4891,0
20866,20231030,4891,0
23775,20230429,4733,0
4992,20230912,4738,0
24128,20211015,4507,0
24128,20211015,4849,0
11751,20231111,4891,0
27730,20231220,3448,0
25502,20211016,466,0
6230,20231103,4733,0
22334,20230308,466,0
1999,20231207,3448,0
6072,20220109,4923,0
24067,20211119,357,0
23107,20220211,2171,0
20919,20210620,4849,0
42741,20240301,651,-1
3352,20220528,466,0
20430,20210522,357,0
23126,20211218,4891,0
5978,20220308,4923,0
40612,20230909,2171,0
24198,20220516,3448,0
20938,20231028,4733,0
20938,20231028,4738,0
20938,20231028,4912,0
20938,20231028,4923,0
21527,20211117,2171,0
4732,20230112,357,0
4732,20230112,466,0
40482,20220418,466,0
23877,20240302,4507,0
23877,20240302,4733,0
25410,20211015,4891,0
22283,20220218,466,0
25374,20221013,4507,0
25374,20221013,4733,0
22727,20220513,4849,0
22349,20230209,4891,0
23224,20220212,4849,0
21687,20220127,4849,0
21687,20220127,4891,0
21687,20220127,4923,0
1984,20240102,651,0
9934,20220522,466,0
22999,20230924,357,0
40487,20220612,4923,0
4577,20230124,3448,0
42552,20231029,357,0
23119,20220307,2171,0
25494,20211015,2171,0
24277,20230207,4891,0
43026,20221120,4507,0
43026,20221120,4849,0
43026,20221120,4891,0
43026,20221120,4923,0
23857,20230413,2171,0
2443,20211211,4738,0
2443,20211211,4923,0
3041,20220418,4912,0
3041,20220418,4923,0
4819,20221017,4923,0
22490,20230207,4891,0
23133,20220120,357,0
25947,20231208,2171,0
26050,20221009,3448,0
10243,20211103,4891,0
23719,20220202,4733,0
40074,20230408,4738,0
11563,20240105,4891,0
25486,20230501,466,0
111,20210409,651,0
22823,20231111,2171,0
8113,20231018,357,0
23716,20220114,4891,0
42262,20221222,357,0
41637,20230404,466,0
2088,20240304,466,0
25414,20221123,4891,0
24171,20211219,4733,0
24171,20211219,4738,0
23108,20230209,651,0
21954,20230208,4912,0
21525,20230201,4912,0
8062,20231102,4738,0
20638,20220414,3448,0
22279,20231121,2171,0
20547,20221116,4923,0
20111,20210606,4733,0
23343,20230507,357,0
23343,20230507,466,0
11661,20211104,3448,0
20823,20210610,4849,0
20823,20210610,4891,0
41899,20230602,3448,0
25818,20230104,466,0
41527,20240127,651,0
7078,20220218,4891,0
7078,20220218,4923,0
42755,20231221,4891,0
24247,20220528,2171,0
81101,20210512,651,0
25780,20230205,4507,0
20631,20230112,651,0
40690,20231023,466,0
22964,20221110,4912,0
22696,20220321,4733,0
22696,20220321,4891,0
83277,20230325,4923,0
23106,20220112,4849,0
24426,20231231,4507,0
24426,20231231,4733,0
22964,20221110,466,0
41483,20230313,4738,-1
41483,20230313,4849,0
41483,20230313,4923,0
24332,20230319,4923,0
21592,20230208,466,0
3569,20211108,4923,0
20078,20210921,4912,0
20787,20230529,357,0
20787,20230529,466,0
3370,20211107,3448,0
11155,20240301,651,0
9010,20230420,4849,0
80652,20210331,651,0
41708,20230907,466,0
8415,20230211,4912,0
42873,20220910,2171,0
21624,20230402,4507,0
23866,20230509,4891,0
24448,20230206,4849,0
22158,20220213,651,0
21781,20220316,4507,0
23379,20220513,466,0
2739,20211001,4733,0
22942,20211116,466,0
20993,20211115,4849,0
23466,20240317,2171,0
8805,20230327,4733,0
20941,20211023,2171,0
22170,20220421,4923,0
40479,20230408,4849,0
42561,20221216,3448,0
22735,20240105,4912,0
42720,20240127,3448,0
1260,20230421,357,0
284,20210414,466,0
6165,20220106,4891,0
22244,20221123,466,0
22813,20230925,357,0
2554,20220323,4912,0
23512,20221207,651,0
8810,20220102,4891,0
83339,20230428,357,0
341,20210428,4507,0
22615,20230925,4891,0
21376,20221002,4849,0
21376,20221002,4891,0
9537,20230423,2171,0
8290,20211110,4891,0
20763,20210704,466,0
21903,20230409,2171,0
21478,20211114,466,0
22873,20221205,466,0
25116,20220406,4507,0
21695,20230401,357,0
40679,20221223,2171,0
11607,20240408,4912,0
22825,20221011,651,0
2140,20220307,466,0
23115,20220127,357,0
21292,20220212,4507,0
21292,20220212,4891,0
23090,20220112,3448,0
2986,20210704,357,0
398,20210505,651,0
40573,20230505,4891,0
11909,20220228,4738,0
21607,20230112,2171,0
25658,20231002,4733,0
9306,20231207,3448,0
21539,20211117,4733,0
21539,20211117,4849,0
21539,20211117,4891,0
21657,20220314,4733,0
26240,20230119,466,0
80733,20210402,4507,0
80733,20210402,4849,0
80733,20210402,4923,0
25848,20211020,4738,0
40334,20220913,4507,0
20439,20230312,2171,0
40448,20220612,4733,0
3248,20221027,651,0
22340,20220414,4738,0
24893,20231031,4738,0
24893,20231031,4923,0
25853,20220317,357,0
22933,20220309,4891,0
23788,20230308,4849,0
23788,20230308,4912,0
20935,20211022,466,0
2055,20211129,4738,0
3287,20230423,4923,0
26038,20220120,4891,0
20134,20210628,4733,0
25078,20220218,651,0
20694,20211024,651,0
4385,20220420,466,0
83218,20221129,466,0
20315,20211220,4733,0
20315,20211220,4923,0
42636,20231230,4923,0
80732,20210322,4733,0
80732,20210322,4923,0
2560,20220323,4733,0
2560,20220323,4912,0
10826,20230312,466,0
20684,20231228,466,0
24661,20211215,466,0
26027,20220314,4507,0
26027,20220314,4923,0
25197,20230202,4912,0
25197,20230202,4923,0
40844,20221126,4891,-1
40844,20221126,4912,-1
24347,20230207,2171,0
4809,20230909,357,0
25534,20210921,357,0
7755,20231217,4912,0
42056,20221108,651,-1
7990,20230529,4923,0
42367,20230506,2171,0
40352,20230815,4738,0
23053,20220204,357,0
20435,20230201,2171,0
2655,20220531,4733,0
6161,20230507,4733,0
6161,20230507,4912,0
27768,20231122,4733,0
22730,20220414,466,0
8461,20220326,3448,0
42124,20230604,4923,0
41349,20220923,3448,0
26979,20231121,357,0
22509,20221105,466,0
5473,20220220,4923,0
5483,20231210,3448,0
11499,20220506,4507,0
22827,20231021,4891,0
10201,20231111,3448,0
21346,20240126,4507,0
21346,20240126,4923,0
22537,20240304,2171,0
26162,20240218,466,0
24174,20231216,2171,0
20197,20240218,2171,0
22663,20240306,4891,0
23839,20230108,651,0
25467,20230406,466,0
25660,20240302,466,0
42877,20230209,4849,0
21604,20240327,651,0
42426,20220416,651,0
11599,20230512,357,0
4544,20220606,651,0
23497,20221207,357,0
5494,20240130,4923,0
4494,20230113,4912,0
23306,20230824,2171,0
20746,20210629,4507,0
20449,20240217,4738,0
3232,20220104,4849,0
41368,20221013,2171,0
24769,20220604,3448,0
22397,20221008,651,0
22664,20230312,2171,0
42899,20230308,2171,0
83121,20230620,4733,0
25607,20220504,466,0
21822,20230309,651,0
41679,20230119,651,0
25395,20221207,2171,0
4526,20230113,4912,0
2402,20240105,4891,0
2402,20240105,4923,0
25334,20230303,4923,0
20059,20230207,2171,0
7529,20221223,4923,0
27227,20231125,4891,0
26048,20231125,466,0
24448,20230206,651,0
26799,20230929,4733,0
26799,20230929,4891,0
25575,20230920,2171,0
40971,20220416,4507,0
40971,20220416,4733,0
23409,20220329,4738,0
23409,20220329,4891,0
21363,20231002,466,0
24196,20230108,2171,0
24382,20211116,4733,0
24382,20211116,4849,0
24382,20211116,4891,0
24311,20240320,466,0
22521,20230304,651,0
23581,20220213,3448,0
24019,20230508,4733,0
24797,20220225,357,0
11790,20231206,4738,0
1241,20210515,651,0
40550,20230427,2171,0
26050,20221009,466,0
20525,20231028,4733,0
10389,20211101,2171,0
23783,20220119,4733,0
23783,20220119,4891,0
23783,20220119,4923,0
10179,20231210,4912,0
42977,20211216,4849,-1
26041,20220121,4891,0
3978,20220208,4912,0
20864,20210923,4733,0
21486,20211114,4733,0
8935,20220526,4912,0
8935,20220526,4923,0
21913,20220101,4738,0
25027,20231011,3448,0
11530,20211005,4891,0
24261,20230202,4733,0
8772,20220103,4923,0
4322,20231205,4923,0
2072,20210601,466,0
42918,20230419,4507,0
22796,20220913,2171,0
24338,20220321,4849,0
3816,20211127,4923,0
82268,20211107,4738,0
5797,20220428,3448,0
22827,20231021,2171,0
11458,20240216,4738,0
23083,20230226,357,0
22305,20230501,4738,0
40692,20230930,651,0
25186,20231217,2171,0
21644,20230308,3448,0
3921,20230124,4891,0
24089,20240126,4733,0
24089,20240126,4912,0
24064,20221228,357,0
6050,20220107,357,0
8795,20230227,357,0
21922,20230308,4507,0
21922,20230308,4912,0
21922,20230308,4923,0
80663,20210322,4849,0
5290,20230201,651,0
22999,20230924,651,0
2026,20211202,4733,0
2026,20211202,4738,0
4051,20221001,4912,0
22903,20230207,357,0
22903,20230207,466,0
5968,20221221,4891,0
520,20210518,4912,0
21981,20220407,3448,0
23402,20220402,4738,0
2040,20220102,4849,0
23223,20220205,4923,0
23504,20240218,2171,0
23222,20220510,4507,0
22589,20231120,4891,0
22589,20231120,4923,0
4826,20221126,4912,0
41597,20231231,4891,0
40271,20240222,4912,0
23094,20220317,466,0
7652,20231212,2171,0
42787,20240218,4733,0
42787,20240218,4912,0
9906,20240402,4891,0
9607,20211204,4891,0
26031,20220108,466,0
4006,20221002,357,0
